record_id,model_label,model_id,extraction_field,item_index,label_raw,label_normalized,quote,item_json
F001_42080121,DeepSeek-V4-Flash,deepseek/deepseek-v4-flash,integration_claims,0,bio_psych,bio_psych,"Psychological factors, which are highly prevalent in older adults with chronic pain, act as powerful top-down modulators of this centralized pain state.","{""domains_linked"": ""bio_psych"", ""integration_level"": ""mechanistic"", ""claim_verbatim"": ""Psychological factors, which are highly prevalent in older adults with chronic pain, act as powerful top-down modulators of this centralized pain state."", ""mechanism_note"": ""Psychological factors modulate central sensitization via emotional brain circuits, amplifying pain perception."", ""section_located"": ""results"", ""evidence_basis"": ""theorized""}"
F001_42080121,DeepSeek-V4-Flash,deepseek/deepseek-v4-flash,integration_claims,1,bio_psych,bio_psych,"This is the neurobiological basis of the biopsychosocial model of pain: the pain experience is an emergent property of the dynamic interaction between peripheral nociception, central processing, and psychological state.","{""domains_linked"": ""bio_psych"", ""integration_level"": ""mechanistic"", ""claim_verbatim"": ""This is the neurobiological basis of the biopsychosocial model of pain: the pain experience is an emergent property of the dynamic interaction between peripheral nociception, central processing, and psychological state."", ""mechanism_note"": ""Pain emerges from interaction of peripheral nociception, central processing, and psychological state."", ""section_located"": ""results"", ""evidence_basis"": ""theorized""}"
F001_42080121,DeepSeek-V4-Flash,deepseek/deepseek-v4-flash,integration_claims,2,psych_social,psych_social,"chronic pain is frequently comorbid with depression, anxiety, social isolation, and a loss of personal identity.","{""domains_linked"": ""psych_social"", ""integration_level"": ""mentioned"", ""claim_verbatim"": ""chronic pain is frequently comorbid with depression, anxiety, social isolation, and a loss of personal identity."", ""mechanism_note"": """", ""section_located"": ""results"", ""evidence_basis"": ""asserted""}"
F001_42080121,DeepSeek-V4-Flash,deepseek/deepseek-v4-flash,integration_claims,3,triadic,triadic,"The proposed framework prioritizes non-pharmacological strategies, advocates for structured deprescribing, and emphasizes geriatrically-adapted interventions delivered through multidisciplinary teams.","{""domains_linked"": ""triadic"", ""integration_level"": ""mentioned"", ""claim_verbatim"": ""The proposed framework prioritizes non-pharmacological strategies, advocates for structured deprescribing, and emphasizes geriatrically-adapted interventions delivered through multidisciplinary teams."", ""mechanism_note"": ""Biological (deprescribing), psychological (CBT), and social (multidisciplinary teams) are listed but not mechanistically linked."", ""section_located"": ""abstract"", ""evidence_basis"": ""asserted""}"
F001_42080121,DeepSeek-V4-Flash,deepseek/deepseek-v4-flash,domain_evidence,0,biological,biological,"Sarcopenia, the age-related loss of skeletal muscle mass and strength, is a cornerstone of this decline.","{""domain"": ""biological"", ""coverage_level"": ""elaborated"", ""constructs_named"": [""sarcopenia"", ""dynapenia"", ""fascial stiffening"", ""inflammaging"", ""cellular senescence"", ""mitochondrial dysfunction"", ""central sensitization"", ""hyperalgesia""], ""evidence_verbatim"": ""Sarcopenia, the age-related loss of skeletal muscle mass and strength, is a cornerstone of this decline."", ""section_located"": ""results""}"
F001_42080121,DeepSeek-V4-Flash,deepseek/deepseek-v4-flash,domain_evidence,1,psychological,psychological,"Pain catastrophizing (a negative cognitive-affective response to pain), anxiety, and depression can directly amplify the activity in these emotional brain circuits, further enhancing the perception of pain.","{""domain"": ""psychological"", ""coverage_level"": ""elaborated"", ""constructs_named"": [""pain catastrophizing"", ""anxiety"", ""depression"", ""fear-avoidance beliefs"", ""psychological flexibility"", ""cognitive defusion"", ""acceptance""], ""evidence_verbatim"": ""Pain catastrophizing (a negative cognitive-affective response to pain), anxiety, and depression can directly amplify the activity in these emotional brain circuits, further enhancing the perception of pain."", ""section_located"": ""results""}"
F001_42080121,DeepSeek-V4-Flash,deepseek/deepseek-v4-flash,domain_evidence,2,social,social,"The 'digital divide'—unequal access to technology, internet connectivity, and digital literacy—disproportionately affects the very populations most burdened by chronic pain: older adults, low-income individuals, racial/ethnic minorities, and rural residents.","{""domain"": ""social"", ""coverage_level"": ""mentioned"", ""constructs_named"": [""social isolation"", ""social determinants of health"", ""caregiver burden"", ""digital divide""], ""evidence_verbatim"": ""The 'digital divide'—unequal access to technology, internet connectivity, and digital literacy—disproportionately affects the very populations most burdened by chronic pain: older adults, low-income individuals, racial/ethnic minorities, and rural residents."", ""section_located"": ""results""}"
F001_42080121,DeepSeek-V4-Flash,deepseek/deepseek-v4-flash,psychological_concepts,0,pain catastrophizing,pain catastrophizing,"The Pain Catastrophizing Scale (PCS) measures ruminative, magnifying, and helpless thoughts about pain.","{""concept_label"": ""pain catastrophizing"", ""definitional_status"": ""operationalized_only"", ""definition_verbatim"": ""The Pain Catastrophizing Scale (PCS) measures ruminative, magnifying, and helpless thoughts about pain."", ""section_located"": ""results""}"
F001_42080121,DeepSeek-V4-Flash,deepseek/deepseek-v4-flash,psychological_concepts,1,fear-avoidance beliefs,fear-avoidance beliefs,The Fear-Avoidance Beliefs Questionnaire (FABQ) assesses how fear of pain may be limiting physical activity.,"{""concept_label"": ""fear-avoidance beliefs"", ""definitional_status"": ""operationalized_only"", ""definition_verbatim"": ""The Fear-Avoidance Beliefs Questionnaire (FABQ) assesses how fear of pain may be limiting physical activity."", ""section_located"": ""results""}"
F001_42080121,DeepSeek-V4-Flash,deepseek/deepseek-v4-flash,psychological_concepts,2,psychological flexibility,psychological flexibility,This is the ability to accept uncomfortable thoughts and feelings (like pain) while still taking action that is consistent with one's personal values.,"{""concept_label"": ""psychological flexibility"", ""definitional_status"": ""formally_defined"", ""definition_verbatim"": ""This is the ability to accept uncomfortable thoughts and feelings (like pain) while still taking action that is consistent with one's personal values."", ""section_located"": ""results""}"
F001_42080121,DeepSeek-V4-Flash,deepseek/deepseek-v4-flash,psychological_concepts,3,cognitive defusion,cognitive defusion,"Learning to see thoughts as just thoughts, rather than objective truths or commands.","{""concept_label"": ""cognitive defusion"", ""definitional_status"": ""formally_defined"", ""definition_verbatim"": ""Learning to see thoughts as just thoughts, rather than objective truths or commands."", ""section_located"": ""results""}"
F001_42080121,DeepSeek-V4-Flash,deepseek/deepseek-v4-flash,psychological_concepts,4,acceptance,acceptance,"Making room for painful sensations, thoughts, and emotions without struggling with them.","{""concept_label"": ""acceptance"", ""definitional_status"": ""formally_defined"", ""definition_verbatim"": ""Making room for painful sensations, thoughts, and emotions without struggling with them."", ""section_located"": ""results""}"
F001_42080121,DeepSeek-V4-Flash,deepseek/deepseek-v4-flash,theoretical_frameworks,0,biopsychosocial model of pain,biopsychosocial model of pain,"This is the neurobiological basis of the biopsychosocial model of pain: the pain experience is an emergent property of the dynamic interaction between peripheral nociception, central processing, and psychological state.","{""framework_label"": ""biopsychosocial model of pain"", ""role"": ""organizing framework"", ""framework_verbatim"": ""This is the neurobiological basis of the biopsychosocial model of pain: the pain experience is an emergent property of the dynamic interaction between peripheral nociception, central processing, and psychological state.""}"
F001_42080121,DeepSeek-V4-Flash,deepseek/deepseek-v4-flash,theoretical_frameworks,1,geroscience hypothesis,geroscience hypothesis,"The geroscience hypothesis posits that by targeting the underlying mechanisms of aging, we can delay, prevent, or mitigate a wide range of age-related diseases.","{""framework_label"": ""geroscience hypothesis"", ""role"": ""organizing framework"", ""framework_verbatim"": ""The geroscience hypothesis posits that by targeting the underlying mechanisms of aging, we can delay, prevent, or mitigate a wide range of age-related diseases.""}"
F001_42080121,DeepSeek-V4-Flash,deepseek/deepseek-v4-flash,theoretical_frameworks,2,gate control theory of pain,gate control theory of pain,Transcutaneous Electrical Nerve Stimulation (TENS): A non-invasive technique where a low-voltage electrical current is delivered through electrodes on the skin to stimulate sensory nerves and provide pain relief via the gate control theory of pain.,"{""framework_label"": ""gate control theory of pain"", ""role"": ""mentioned in passing"", ""framework_verbatim"": ""Transcutaneous Electrical Nerve Stimulation (TENS): A non-invasive technique where a low-voltage electrical current is delivered through electrodes on the skin to stimulate sensory nerves and provide pain relief via the gate control theory of pain.""}"
F001_42080121,DeepSeek-V4-Flash,deepseek/deepseek-v4-flash,theoretical_frameworks,3,fear-avoidance model,fear-avoidance model,Fear-Avoidance Beliefs: The Fear-Avoidance Beliefs Questionnaire (FABQ) assesses how fear of pain may be limiting physical activity.,"{""framework_label"": ""fear-avoidance model"", ""role"": ""mentioned in passing"", ""framework_verbatim"": ""Fear-Avoidance Beliefs: The Fear-Avoidance Beliefs Questionnaire (FABQ) assesses how fear of pain may be limiting physical activity.""}"
F001_42080121,DeepSeek-V4-Flash,deepseek/deepseek-v4-flash,conceptual_problems,0,missing_social,missing_social,"The proposed framework prioritizes non-pharmacological strategies, advocates for structured deprescribing, and emphasizes geriatrically-adapted interventions delivered through multidisciplinary teams.","{""problem_type"": ""missing_social"", ""problem_verbatim"": ""The proposed framework prioritizes non-pharmacological strategies, advocates for structured deprescribing, and emphasizes geriatrically-adapted interventions delivered through multidisciplinary teams."", ""note"": ""Social domain is mentioned only as 'multidisciplinary teams' and 'social isolation' but not developed.""}"
F001_42080121,DeepSeek-V4-Flash,deepseek/deepseek-v4-flash,conceptual_problems,1,parallel_listing_without_integration,parallel_listing_without_integration,"By synthesizing these concepts, this review will construct an innovative biopsychosocial framework for the management of geriatric MPS.","{""problem_type"": ""parallel_listing_without_integration"", ""problem_verbatim"": ""By synthesizing these concepts, this review will construct an innovative biopsychosocial framework for the management of geriatric MPS."", ""note"": ""Biological, psychological, and social factors are listed but not integrated into a three-domain mechanism.""}"
F001_42080121,DeepSeek-V4-Flash,deepseek/deepseek-v4-flash,key_quotes,0,integrative,integrative,"This is the neurobiological basis of the biopsychosocial model of pain: the pain experience is an emergent property of the dynamic interaction between peripheral nociception, central processing, and psychological state.","{""claim_verbatim"": ""This is the neurobiological basis of the biopsychosocial model of pain: the pain experience is an emergent property of the dynamic interaction between peripheral nociception, central processing, and psychological state."", ""claim_type"": ""integrative"", ""section_located"": ""results"", ""why_it_matters"": ""Explicitly states a mechanistic bio-psych integration, but social domain is absent from this claim.""}"
F001_42080121,DeepSeek-V4-Flash,deepseek/deepseek-v4-flash,key_quotes,1,integrative,integrative,"Psychological factors, which are highly prevalent in older adults with chronic pain, act as powerful top-down modulators of this centralized pain state.","{""claim_verbatim"": ""Psychological factors, which are highly prevalent in older adults with chronic pain, act as powerful top-down modulators of this centralized pain state."", ""claim_type"": ""integrative"", ""section_located"": ""results"", ""why_it_matters"": ""Specifies a directional pathway from psychological factors to central sensitization.""}"
F001_42080121,DeepSeek-V4-Flash,deepseek/deepseek-v4-flash,key_quotes,2,critical or problematizing,critical or problematizing,"The 'digital divide'—unequal access to technology, internet connectivity, and digital literacy—disproportionately affects the very populations most burdened by chronic pain: older adults, low-income individuals, racial/ethnic minorities, and rural residents.","{""claim_verbatim"": ""The 'digital divide'—unequal access to technology, internet connectivity, and digital literacy—disproportionately affects the very populations most burdened by chronic pain: older adults, low-income individuals, racial/ethnic minorities, and rural residents."", ""claim_type"": ""critical or problematizing"", ""section_located"": ""results"", ""why_it_matters"": ""Acknowledges a social barrier but does not integrate it with biological or psychological mechanisms.""}"
F002_41976799,DeepSeek-V4-Flash,deepseek/deepseek-v4-flash,integration_claims,0,bio_psych,bio_psych,"It has been suggested that pain chronicity develops rather as a consequence of interactions between altered pain processing, psychological vulnerability, and broader contextual or behavioral influences.","{""domains_linked"": ""bio_psych"", ""integration_level"": ""descriptive"", ""claim_verbatim"": ""It has been suggested that pain chronicity develops rather as a consequence of interactions between altered pain processing, psychological vulnerability, and broader contextual or behavioral influences."", ""mechanism_note"": ""Interactions asserted but no specific pathway or mediator named."", ""section_located"": ""introduction"", ""evidence_basis"": ""theorized""}"
F002_41976799,DeepSeek-V4-Flash,deepseek/deepseek-v4-flash,integration_claims,1,bio_psych,bio_psych,"Studies in patients with chronic masticatory muscle pain demonstrated a strong association between depression and anxiety symptoms and markers of CS, suggesting that psychological factors may be related to central nervous system alterations.","{""domains_linked"": ""bio_psych"", ""integration_level"": ""descriptive"", ""claim_verbatim"": ""Studies in patients with chronic masticatory muscle pain demonstrated a strong association between depression and anxiety symptoms and markers of CS, suggesting that psychological factors may be related to central nervous system alterations."", ""mechanism_note"": ""Association between psychological symptoms and central sensitization markers, no direction specified."", ""section_located"": ""discussion"", ""evidence_basis"": ""cited_from_other_work""}"
F002_41976799,DeepSeek-V4-Flash,deepseek/deepseek-v4-flash,integration_claims,2,psych_social,psych_social,"It has been proposed that impaired sleep may act as a nonspecific amplifier of pain sensitivity and stress responsiveness, thereby interacting with biological and psychological mechanisms involved in pain maintenance.","{""domains_linked"": ""psych_social"", ""integration_level"": ""mentioned"", ""claim_verbatim"": ""It has been proposed that impaired sleep may act as a nonspecific amplifier of pain sensitivity and stress responsiveness, thereby interacting with biological and psychological mechanisms involved in pain maintenance."", ""mechanism_note"": ""Sleep as amplifier mentioned but no specific pathway linking psychological and social domains."", ""section_located"": ""introduction"", ""evidence_basis"": ""theorized""}"
F002_41976799,DeepSeek-V4-Flash,deepseek/deepseek-v4-flash,integration_claims,3,bio_social,bio_social,"It has been proposed that impaired sleep may act as a nonspecific amplifier of pain sensitivity and stress responsiveness, thereby interacting with biological and psychological mechanisms involved in pain maintenance.","{""domains_linked"": ""bio_social"", ""integration_level"": ""mentioned"", ""claim_verbatim"": ""It has been proposed that impaired sleep may act as a nonspecific amplifier of pain sensitivity and stress responsiveness, thereby interacting with biological and psychological mechanisms involved in pain maintenance."", ""mechanism_note"": ""Sleep as amplifier mentioned but no specific pathway linking biological and social domains."", ""section_located"": ""introduction"", ""evidence_basis"": ""theorized""}"
F002_41976799,DeepSeek-V4-Flash,deepseek/deepseek-v4-flash,integration_claims,4,triadic,triadic,This systematic review showed that pain persistence in painful TMD is influenced by multiple biopsychosocial factors.,"{""domains_linked"": ""triadic"", ""integration_level"": ""mentioned"", ""claim_verbatim"": ""This systematic review showed that pain persistence in painful TMD is influenced by multiple biopsychosocial factors."", ""mechanism_note"": ""Three domains listed as influencing pain persistence, but no triadic mechanism specified; social domain loosely attached."", ""section_located"": ""conclusion"", ""evidence_basis"": ""asserted""}"
F002_41976799,DeepSeek-V4-Flash,deepseek/deepseek-v4-flash,domain_evidence,0,biological,biological,"Across the included studies, biological predictors of pain persistence and pain chronicity in painful TMD were mostly related to baseline pain characteristics, pain intensity, and pain distribution on other sites of the body.","{""domain"": ""biological"", ""coverage_level"": ""mentioned"", ""constructs_named"": [""baseline pain intensity"", ""widespread pain"", ""central sensitization"", ""pressure pain thresholds"", ""genetic polymorphisms""], ""evidence_verbatim"": ""Across the included studies, biological predictors of pain persistence and pain chronicity in painful TMD were mostly related to baseline pain characteristics, pain intensity, and pain distribution on other sites of the body."", ""section_located"": ""discussion""}"
F002_41976799,DeepSeek-V4-Flash,deepseek/deepseek-v4-flash,domain_evidence,1,psychological,psychological,"Results of the studies demonstrated that pain catastrophizing (defined as a maladaptive cognitive-affective response to pain characterized by rumination, magnification and helplessness) plays an important role in unfavorable pain trajectories.","{""domain"": ""psychological"", ""coverage_level"": ""elaborated"", ""constructs_named"": [""pain catastrophizing"", ""depression"", ""anxiety"", ""somatization"", ""quality of life"", ""perceived stress"", ""perceived ability to control pain""], ""evidence_verbatim"": ""Results of the studies demonstrated that pain catastrophizing (defined as a maladaptive cognitive-affective response to pain characterized by rumination, magnification and helplessness) plays an important role in unfavorable pain trajectories."", ""section_located"": ""discussion""}"
F002_41976799,DeepSeek-V4-Flash,deepseek/deepseek-v4-flash,domain_evidence,2,social,social,Social and behavioral factors were assessed less frequently and were mainly captured through indicators of illness behavior and functional impairment rather than through direct social variables.,"{""domain"": ""social"", ""coverage_level"": ""mentioned"", ""constructs_named"": [""healthcare-seeking behavior"", ""functional disability impacting work or social life"", ""occupational stress"", ""sleep disturbances""], ""evidence_verbatim"": ""Social and behavioral factors were assessed less frequently and were mainly captured through indicators of illness behavior and functional impairment rather than through direct social variables."", ""section_located"": ""discussion""}"
F002_41976799,DeepSeek-V4-Flash,deepseek/deepseek-v4-flash,psychological_concepts,0,pain catastrophizing,pain catastrophizing,"pain catastrophizing (defined as a maladaptive cognitive-affective response to pain characterized by rumination, magnification and helplessness)","{""concept_label"": ""pain catastrophizing"", ""definitional_status"": ""formally_defined"", ""definition_verbatim"": ""pain catastrophizing (defined as a maladaptive cognitive-affective response to pain characterized by rumination, magnification and helplessness)"", ""section_located"": ""discussion""}"
F002_41976799,DeepSeek-V4-Flash,deepseek/deepseek-v4-flash,psychological_concepts,1,depression,depression,,"{""concept_label"": ""depression"", ""definitional_status"": ""named_only"", ""definition_verbatim"": """", ""section_located"": ""discussion""}"
F002_41976799,DeepSeek-V4-Flash,deepseek/deepseek-v4-flash,psychological_concepts,2,anxiety,anxiety,,"{""concept_label"": ""anxiety"", ""definitional_status"": ""named_only"", ""definition_verbatim"": """", ""section_located"": ""discussion""}"
F002_41976799,DeepSeek-V4-Flash,deepseek/deepseek-v4-flash,psychological_concepts,3,somatization,somatization,,"{""concept_label"": ""somatization"", ""definitional_status"": ""named_only"", ""definition_verbatim"": """", ""section_located"": ""discussion""}"
F002_41976799,DeepSeek-V4-Flash,deepseek/deepseek-v4-flash,psychological_concepts,4,quality of life,quality of life,,"{""concept_label"": ""quality of life"", ""definitional_status"": ""named_only"", ""definition_verbatim"": """", ""section_located"": ""discussion""}"
F002_41976799,DeepSeek-V4-Flash,deepseek/deepseek-v4-flash,psychological_concepts,5,perceived stress,perceived stress,,"{""concept_label"": ""perceived stress"", ""definitional_status"": ""named_only"", ""definition_verbatim"": """", ""section_located"": ""discussion""}"
F002_41976799,DeepSeek-V4-Flash,deepseek/deepseek-v4-flash,psychological_concepts,6,perceived ability to control pain,perceived ability to control pain,,"{""concept_label"": ""perceived ability to control pain"", ""definitional_status"": ""named_only"", ""definition_verbatim"": """", ""section_located"": ""discussion""}"
F002_41976799,DeepSeek-V4-Flash,deepseek/deepseek-v4-flash,theoretical_frameworks,0,biopsychosocial model,biopsychosocial model,"According to the biopsychosocial model, there can be distinguished three major groups of factors leading to the development of TMD, namely: biological, psychological, and social factors.","{""framework_label"": ""biopsychosocial model"", ""role"": ""organizing framework"", ""framework_verbatim"": ""According to the biopsychosocial model, there can be distinguished three major groups of factors leading to the development of TMD, namely: biological, psychological, and social factors.""}"
F002_41976799,DeepSeek-V4-Flash,deepseek/deepseek-v4-flash,theoretical_frameworks,1,central sensitization,central sensitization,"These findings are commonly interpreted within the framework of central sensitization (CS) and suggest that, at least in a subgroup of patients, masticatory muscle pain reflects a more generalized disturbance of pain modulation.","{""framework_label"": ""central sensitization"", ""role"": ""mentioned in passing"", ""framework_verbatim"": ""These findings are commonly interpreted within the framework of central sensitization (CS) and suggest that, at least in a subgroup of patients, masticatory muscle pain reflects a more generalized disturbance of pain modulation.""}"
F002_41976799,DeepSeek-V4-Flash,deepseek/deepseek-v4-flash,conceptual_problems,0,missing_social,missing_social,Social and behavioral factors were assessed less frequently and were mainly captured through indicators of illness behavior and functional impairment rather than through direct social variables.,"{""problem_type"": ""missing_social"", ""problem_verbatim"": ""Social and behavioral factors were assessed less frequently and were mainly captured through indicators of illness behavior and functional impairment rather than through direct social variables."", ""note"": ""Social domain operationalized via proxies, not classical social determinants.""}"
F002_41976799,DeepSeek-V4-Flash,deepseek/deepseek-v4-flash,conceptual_problems,1,parallel_listing_without_integration,parallel_listing_without_integration,"Even within longitudinal studies, biological, psychological, and social predictors are often examined separately, without adequate consideration of their potential interactions.","{""problem_type"": ""parallel_listing_without_integration"", ""problem_verbatim"": ""Even within longitudinal studies, biological, psychological, and social predictors are often examined separately, without adequate consideration of their potential interactions."", ""note"": ""The paper itself notes the parallel treatment of domains in the literature.""}"
F002_41976799,DeepSeek-V4-Flash,deepseek/deepseek-v4-flash,key_quotes,0,critical or problematizing,critical or problematizing,"Even within longitudinal studies, biological, psychological, and social predictors are often examined separately, without adequate consideration of their potential interactions.","{""claim_verbatim"": ""Even within longitudinal studies, biological, psychological, and social predictors are often examined separately, without adequate consideration of their potential interactions."", ""claim_type"": ""critical or problematizing"", ""section_located"": ""introduction"", ""why_it_matters"": ""Explicitly identifies the lack of integration as a gap in the literature.""}"
F002_41976799,DeepSeek-V4-Flash,deepseek/deepseek-v4-flash,key_quotes,1,critical or problematizing,critical or problematizing,Social and behavioral factors were assessed less frequently and were mainly captured through indicators of illness behavior and functional impairment rather than through direct social variables.,"{""claim_verbatim"": ""Social and behavioral factors were assessed less frequently and were mainly captured through indicators of illness behavior and functional impairment rather than through direct social variables."", ""claim_type"": ""critical or problematizing"", ""section_located"": ""discussion"", ""why_it_matters"": ""Highlights the thin operationalization of the social domain in TMD prognosis research.""}"
F002_41976799,DeepSeek-V4-Flash,deepseek/deepseek-v4-flash,key_quotes,2,definitional,definitional,"pain catastrophizing (defined as a maladaptive cognitive-affective response to pain characterized by rumination, magnification and helplessness)","{""claim_verbatim"": ""pain catastrophizing (defined as a maladaptive cognitive-affective response to pain characterized by rumination, magnification and helplessness)"", ""claim_type"": ""definitional"", ""section_located"": ""discussion"", ""why_it_matters"": ""One of the few formally defined psychological constructs in the review.""}"
F003_41868689,DeepSeek-V4-Flash,deepseek/deepseek-v4-flash,domain_evidence,0,biological,biological,"Common topics covered are nociception and nociceptive pathways, neural structures such as neurons and synapses, the action potential, spinal inhibition and facilitation, peripheral and central sensitization, and neuroplasticity.","{""domain"": ""biological"", ""coverage_level"": ""mentioned"", ""constructs_named"": [""nociception"", ""nociceptive pathways"", ""central sensitization"", ""peripheral sensitization"", ""neuroplasticity"", ""pain neurophysiology""], ""evidence_verbatim"": ""Common topics covered are nociception and nociceptive pathways, neural structures such as neurons and synapses, the action potential, spinal inhibition and facilitation, peripheral and central sensitization, and neuroplasticity."", ""section_located"": ""introduction""}"
F003_41868689,DeepSeek-V4-Flash,deepseek/deepseek-v4-flash,domain_evidence,1,psychological,psychological,"Furthermore, PNE has demonstrated positive effects on pain-related psychological factors, such as kinesiophobia, pain catastrophizing, anxiety, and depression.","{""domain"": ""psychological"", ""coverage_level"": ""mentioned"", ""constructs_named"": [""kinesiophobia"", ""pain catastrophizing"", ""anxiety"", ""depression"", ""beliefs"", ""cognitions""], ""evidence_verbatim"": ""Furthermore, PNE has demonstrated positive effects on pain-related psychological factors, such as kinesiophobia, pain catastrophizing, anxiety, and depression."", ""section_located"": ""introduction""}"
F003_41868689,DeepSeek-V4-Flash,deepseek/deepseek-v4-flash,domain_evidence,2,social,social,"Irrespective of this, religious beliefs and practices, such as using herbs or seeking spiritual healing, can play a role in how patients experience and manage chronic pain.","{""domain"": ""social"", ""coverage_level"": ""minimal"", ""constructs_named"": [""cultural aspects"", ""religious beliefs"", ""social support""], ""evidence_verbatim"": ""Irrespective of this, religious beliefs and practices, such as using herbs or seeking spiritual healing, can play a role in how patients experience and manage chronic pain."", ""section_located"": ""results""}"
F003_41868689,DeepSeek-V4-Flash,deepseek/deepseek-v4-flash,psychological_concepts,0,kinesiophobia,kinesiophobia,,"{""concept_label"": ""kinesiophobia"", ""definitional_status"": ""named_only"", ""definition_verbatim"": """", ""section_located"": ""introduction""}"
F003_41868689,DeepSeek-V4-Flash,deepseek/deepseek-v4-flash,psychological_concepts,1,pain catastrophizing,pain catastrophizing,,"{""concept_label"": ""pain catastrophizing"", ""definitional_status"": ""named_only"", ""definition_verbatim"": """", ""section_located"": ""introduction""}"
F003_41868689,DeepSeek-V4-Flash,deepseek/deepseek-v4-flash,psychological_concepts,2,anxiety,anxiety,,"{""concept_label"": ""anxiety"", ""definitional_status"": ""named_only"", ""definition_verbatim"": """", ""section_located"": ""introduction""}"
F003_41868689,DeepSeek-V4-Flash,deepseek/deepseek-v4-flash,psychological_concepts,3,depression,depression,,"{""concept_label"": ""depression"", ""definitional_status"": ""named_only"", ""definition_verbatim"": """", ""section_located"": ""introduction""}"
F003_41868689,DeepSeek-V4-Flash,deepseek/deepseek-v4-flash,psychological_concepts,4,biomedical beliefs,biomedical beliefs,,"{""concept_label"": ""biomedical beliefs"", ""definitional_status"": ""named_only"", ""definition_verbatim"": """", ""section_located"": ""results""}"
F003_41868689,DeepSeek-V4-Flash,deepseek/deepseek-v4-flash,theoretical_frameworks,0,biopsychosocial model,biopsychosocial model,"Pain neuroscience education encompasses a range of interventions aimed at educating individuals about the origins of pain, its biopsychosocial etiology, and the underlying biological mechanisms.","{""framework_label"": ""biopsychosocial model"", ""role"": ""mentioned in passing"", ""framework_verbatim"": ""Pain neuroscience education encompasses a range of interventions aimed at educating individuals about the origins of pain, its biopsychosocial etiology, and the underlying biological mechanisms.""}"
F003_41868689,DeepSeek-V4-Flash,deepseek/deepseek-v4-flash,theoretical_frameworks,1,biomedical model,biomedical model,"physiotherapists trained in manual therapy tend to strongly believe in the biomedical model of pain, focusing on physical treatments such as mobilization.","{""framework_label"": ""biomedical model"", ""role"": ""compared with another model"", ""framework_verbatim"": ""physiotherapists trained in manual therapy tend to strongly believe in the biomedical model of pain, focusing on physical treatments such as mobilization.""}"
F003_41868689,DeepSeek-V4-Flash,deepseek/deepseek-v4-flash,conceptual_problems,0,tokenistic_bps,tokenistic_bps,"Pain neuroscience education encompasses a range of interventions aimed at educating individuals about the origins of pain, its biopsychosocial etiology, and the underlying biological mechanisms.","{""problem_type"": ""tokenistic_bps"", ""problem_verbatim"": ""Pain neuroscience education encompasses a range of interventions aimed at educating individuals about the origins of pain, its biopsychosocial etiology, and the underlying biological mechanisms."", ""note"": ""BPS label used but only biological content elaborated; psychological and social domains are thin.""}"
F003_41868689,DeepSeek-V4-Flash,deepseek/deepseek-v4-flash,conceptual_problems,1,missing_social,missing_social,"Irrespective of this, religious beliefs and practices, such as using herbs or seeking spiritual healing, can play a role in how patients experience and manage chronic pain.","{""problem_type"": ""missing_social"", ""problem_verbatim"": ""Irrespective of this, religious beliefs and practices, such as using herbs or seeking spiritual healing, can play a role in how patients experience and manage chronic pain."", ""note"": ""Social domain appears only as a single incidental reference to religious practices.""}"
F003_41868689,DeepSeek-V4-Flash,deepseek/deepseek-v4-flash,conceptual_problems,2,parallel_listing_without_integration,parallel_listing_without_integration,"Six factors influence the acceptance of pain neuroscience education: clear communication, biomedical beliefs, personal relevance, tailored setting, strong clinician relationships, provider confidence, and role clarity.","{""problem_type"": ""parallel_listing_without_integration"", ""problem_verbatim"": ""Six factors influence the acceptance of pain neuroscience education: clear communication, biomedical beliefs, personal relevance, tailored setting, strong clinician relationships, provider confidence, and role clarity."", ""note"": ""Domains are listed as separate factors with no relational claims between them.""}"
F003_41868689,DeepSeek-V4-Flash,deepseek/deepseek-v4-flash,key_quotes,0,definitional,definitional,"Pain neuroscience education encompasses a range of interventions aimed at educating individuals about the origins of pain, its biopsychosocial etiology, and the underlying biological mechanisms.","{""claim_verbatim"": ""Pain neuroscience education encompasses a range of interventions aimed at educating individuals about the origins of pain, its biopsychosocial etiology, and the underlying biological mechanisms."", ""claim_type"": ""definitional"", ""section_located"": ""introduction"", ""why_it_matters"": ""Shows the paper invokes BPS language but focuses almost exclusively on biological mechanisms.""}"
F003_41868689,DeepSeek-V4-Flash,deepseek/deepseek-v4-flash,key_quotes,1,clinical or applied,clinical or applied,Persisting beliefs in biomedical explanations of chronic pain represent major barriers to an in-depth understanding and acceptance of the PNE concept.,"{""claim_verbatim"": ""Persisting beliefs in biomedical explanations of chronic pain represent major barriers to an in-depth understanding and acceptance of the PNE concept."", ""claim_type"": ""clinical or applied"", ""section_located"": ""results"", ""why_it_matters"": ""Identifies a key barrier to PNE acceptance but does not relate it to social or biological factors.""}"
F003_41868689,DeepSeek-V4-Flash,deepseek/deepseek-v4-flash,key_quotes,2,clinical or applied,clinical or applied,"Physiotherapists believe they lack appropriate tools or scales to assess the psychological aspects of chronic pain, relying mostly on communication with their patients instead.","{""claim_verbatim"": ""Physiotherapists believe they lack appropriate tools or scales to assess the psychological aspects of chronic pain, relying mostly on communication with their patients instead."", ""claim_type"": ""clinical or applied"", ""section_located"": ""results"", ""why_it_matters"": ""Highlights a gap in psychological assessment but no integration with biological or social domains.""}"
F004_41492309,DeepSeek-V4-Flash,deepseek/deepseek-v4-flash,integration_claims,0,bio_psych,bio_psych,"This association was not observed after adjusting for central sensitization and pain catastrophizing in one study, highlighting the complexity and multifactorial nature of CPSP.","{""domains_linked"": ""bio_psych"", ""integration_level"": ""descriptive"", ""claim_verbatim"": ""This association was not observed after adjusting for central sensitization and pain catastrophizing in one study, highlighting the complexity and multifactorial nature of CPSP."", ""mechanism_note"": ""Neuropathic pain association with CPSP disappears when central sensitization and catastrophizing are adjusted for, implying a shared pathway."", ""section_located"": ""discussion"", ""evidence_basis"": ""cited_from_other_work""}"
F004_41492309,DeepSeek-V4-Flash,deepseek/deepseek-v4-flash,integration_claims,1,bio_psych,bio_psych,"Multiple physical and mental chronic comorbidities are associated with chronic pain, assumingly through increased nociception from the periphery and dysregulation of the pain-modulatory circuitry.","{""domains_linked"": ""bio_psych"", ""integration_level"": ""descriptive"", ""claim_verbatim"": ""Multiple physical and mental chronic comorbidities are associated with chronic pain, assumingly through increased nociception from the periphery and dysregulation of the pain-modulatory circuitry."", ""mechanism_note"": ""Comorbidities linked to pain via nociception and pain-modulatory dysregulation, but no specific mediator named."", ""section_located"": ""discussion"", ""evidence_basis"": ""theorized""}"
F004_41492309,DeepSeek-V4-Flash,deepseek/deepseek-v4-flash,integration_claims,2,psych_social,psych_social,Possible mechanisms are less effective coping strategies or lack of a social support system.,"{""domains_linked"": ""psych_social"", ""integration_level"": ""mentioned"", ""claim_verbatim"": ""Possible mechanisms are less effective coping strategies or lack of a social support system."", ""mechanism_note"": ""Socioeconomic disadvantage may affect pain through coping or social support, but no pathway specified."", ""section_located"": ""discussion"", ""evidence_basis"": ""theorized""}"
F004_41492309,DeepSeek-V4-Flash,deepseek/deepseek-v4-flash,integration_claims,3,bio_social,bio_social,"Broader chronic pain research finds higher pain prevalences among Asian, Black or mixed-ethnic groups, compared to White people, but these differences diminish after adjusting for socio-economic factors.","{""domains_linked"": ""bio_social"", ""integration_level"": ""mentioned"", ""claim_verbatim"": ""Broader chronic pain research finds higher pain prevalences among Asian, Black or mixed-ethnic groups, compared to White people, but these differences diminish after adjusting for socio-economic factors."", ""mechanism_note"": ""Race-pain association may be confounded by socioeconomic factors, but no mechanism specified."", ""section_located"": ""discussion"", ""evidence_basis"": ""cited_from_other_work""}"
F004_41492309,DeepSeek-V4-Flash,deepseek/deepseek-v4-flash,integration_claims,4,triadic,triadic,This review offers insights for perioperative optimization and guided research by integrating the biopsychosocial domains on risk factors for CPSP after THA.,"{""domains_linked"": ""triadic"", ""integration_level"": ""mentioned"", ""claim_verbatim"": ""This review offers insights for perioperative optimization and guided research by integrating the biopsychosocial domains on risk factors for CPSP after THA."", ""mechanism_note"": ""Claims integration but only lists factors; biological and psychological are substantively linked, social is minimal."", ""section_located"": ""discussion"", ""evidence_basis"": ""asserted""}"
F004_41492309,DeepSeek-V4-Flash,deepseek/deepseek-v4-flash,domain_evidence,0,biological,biological,Eight studies reported on the association between age and chronic pain after THA. One study demonstrated a rise in pain of 0.18 on a 0–100 scale for each additional year in age.,"{""domain"": ""biological"", ""coverage_level"": ""elaborated"", ""constructs_named"": [""age"", ""sex"", ""body mass index"", ""tobacco use"", ""race"", ""preoperative pain scores"", ""neuropathic-like symptoms"", ""pain sensitization""], ""evidence_verbatim"": ""Eight studies reported on the association between age and chronic pain after THA. One study demonstrated a rise in pain of 0.18 on a 0–100 scale for each additional year in age."", ""section_located"": ""results""}"
F004_41492309,DeepSeek-V4-Flash,deepseek/deepseek-v4-flash,domain_evidence,1,psychological,psychological,"Three studies assessed preoperative sleep quality. One study found that poor sleep quality, with a score of >5 on the Pittsburgh Sleep Quality Index (PSQI, 0–21), was significantly associated with CPSP at 6 months postoperatively.","{""domain"": ""psychological"", ""coverage_level"": ""elaborated"", ""constructs_named"": [""sleep quality"", ""depressive symptoms"", ""anxiety"", ""pain catastrophizing"", ""catastrophizing thoughts"", ""coping strategies""], ""evidence_verbatim"": ""Three studies assessed preoperative sleep quality. One study found that poor sleep quality, with a score of >5 on the Pittsburgh Sleep Quality Index (PSQI, 0–21), was significantly associated with CPSP at 6 months postoperatively."", ""section_located"": ""results""}"
F004_41492309,DeepSeek-V4-Flash,deepseek/deepseek-v4-flash,domain_evidence,2,social,social,"One study briefly mentions education. When using the baseline characteristics, a univariate analysis found no significant effect of the education level on CPSP at 6 months.","{""domain"": ""social"", ""coverage_level"": ""minimal"", ""constructs_named"": [""education"", ""socio-economic background"", ""race""], ""evidence_verbatim"": ""One study briefly mentions education. When using the baseline characteristics, a univariate analysis found no significant effect of the education level on CPSP at 6 months."", ""section_located"": ""results""}"
F004_41492309,DeepSeek-V4-Flash,deepseek/deepseek-v4-flash,psychological_concepts,0,sleep quality,sleep quality,"poor sleep quality, with a score of >5 on the Pittsburgh Sleep Quality Index (PSQI, 0–21)","{""concept_label"": ""sleep quality"", ""definitional_status"": ""operationalized_only"", ""definition_verbatim"": ""poor sleep quality, with a score of >5 on the Pittsburgh Sleep Quality Index (PSQI, 0–21)"", ""section_located"": ""results""}"
F004_41492309,DeepSeek-V4-Flash,deepseek/deepseek-v4-flash,psychological_concepts,1,depressive symptoms,depressive symptoms,higher preoperative score on the Center for Epidemiological Studies-Depression scale,"{""concept_label"": ""depressive symptoms"", ""definitional_status"": ""operationalized_only"", ""definition_verbatim"": ""higher preoperative score on the Center for Epidemiological Studies-Depression scale"", ""section_located"": ""results""}"
F004_41492309,DeepSeek-V4-Flash,deepseek/deepseek-v4-flash,psychological_concepts,2,anxiety,anxiety,Preoperative anxiety (DASS) was associated with CPSPS at 6 months in one study.,"{""concept_label"": ""anxiety"", ""definitional_status"": ""operationalized_only"", ""definition_verbatim"": ""Preoperative anxiety (DASS) was associated with CPSPS at 6 months in one study."", ""section_located"": ""results""}"
F004_41492309,DeepSeek-V4-Flash,deepseek/deepseek-v4-flash,psychological_concepts,3,pain catastrophizing,pain catastrophizing,Preoperative pain catastrophizing was assessed using the Pain Catastrophizing Scale (PCS) in three studies.,"{""concept_label"": ""pain catastrophizing"", ""definitional_status"": ""operationalized_only"", ""definition_verbatim"": ""Preoperative pain catastrophizing was assessed using the Pain Catastrophizing Scale (PCS) in three studies."", ""section_located"": ""results""}"
F004_41492309,DeepSeek-V4-Flash,deepseek/deepseek-v4-flash,psychological_concepts,4,catastrophizing thoughts,catastrophizing thoughts,higher preoperative score on the Catastrophizing Thoughts Scale (CTS) in patients with chronic pain,"{""concept_label"": ""catastrophizing thoughts"", ""definitional_status"": ""operationalized_only"", ""definition_verbatim"": ""higher preoperative score on the Catastrophizing Thoughts Scale (CTS) in patients with chronic pain"", ""section_located"": ""results""}"
F004_41492309,DeepSeek-V4-Flash,deepseek/deepseek-v4-flash,psychological_concepts,5,coping strategies,coping strategies,higher score on the Coping Strategies Questionnaire-Revised with a more severe pain cluster,"{""concept_label"": ""coping strategies"", ""definitional_status"": ""operationalized_only"", ""definition_verbatim"": ""higher score on the Coping Strategies Questionnaire-Revised with a more severe pain cluster"", ""section_located"": ""results""}"
F004_41492309,DeepSeek-V4-Flash,deepseek/deepseek-v4-flash,theoretical_frameworks,0,biopsychosocial model,biopsychosocial model,This review offers insights for perioperative optimization and guided research by integrating the biopsychosocial domains on risk factors for CPSP after THA.,"{""framework_label"": ""biopsychosocial model"", ""role"": ""organizing framework"", ""framework_verbatim"": ""This review offers insights for perioperative optimization and guided research by integrating the biopsychosocial domains on risk factors for CPSP after THA.""}"
F004_41492309,DeepSeek-V4-Flash,deepseek/deepseek-v4-flash,conceptual_problems,0,missing_social,missing_social,Socio-economic disadvantages are associated with an increased risk of chronic pain. People with lower-level education or lack of work autonomy experience higher levels of chronic pain.,"{""problem_type"": ""missing_social"", ""problem_verbatim"": ""Socio-economic disadvantages are associated with an increased risk of chronic pain. People with lower-level education or lack of work autonomy experience higher levels of chronic pain."", ""note"": ""Social domain is discussed only in one paragraph; only one study reported on education.""}"
F004_41492309,DeepSeek-V4-Flash,deepseek/deepseek-v4-flash,conceptual_problems,1,parallel_listing_without_integration,parallel_listing_without_integration,"The multiple associated factors demonstrate the complexity of the CPSP pathophysiology. These predictive factors include (younger) age, female sex, higher BMI, having multiple comorbidities, preoperative (neuropathic) pain, smoking, non-white race, sleep disturbance, depression, anxiety, pain sensitization and pain catastrophizing.","{""problem_type"": ""parallel_listing_without_integration"", ""problem_verbatim"": ""The multiple associated factors demonstrate the complexity of the CPSP pathophysiology. These predictive factors include (younger) age, female sex, higher BMI, having multiple comorbidities, preoperative (neuropathic) pain, smoking, non-white race, sleep disturbance, depression, anxiety, pain sensitization and pain catastrophizing."", ""note"": ""Factors are listed serially without relational claims; no cross-domain pathways specified.""}"
F004_41492309,DeepSeek-V4-Flash,deepseek/deepseek-v4-flash,key_quotes,0,integrative,integrative,This review offers insights for perioperative optimization and guided research by integrating the biopsychosocial domains on risk factors for CPSP after THA.,"{""claim_verbatim"": ""This review offers insights for perioperative optimization and guided research by integrating the biopsychosocial domains on risk factors for CPSP after THA."", ""claim_type"": ""integrative"", ""section_located"": ""discussion"", ""why_it_matters"": ""States the review's aim to integrate BPS domains, but the actual content lists factors in parallel.""}"
F004_41492309,DeepSeek-V4-Flash,deepseek/deepseek-v4-flash,key_quotes,1,integrative,integrative,"This association was not observed after adjusting for central sensitization and pain catastrophizing in one study, highlighting the complexity and multifactorial nature of CPSP.","{""claim_verbatim"": ""This association was not observed after adjusting for central sensitization and pain catastrophizing in one study, highlighting the complexity and multifactorial nature of CPSP."", ""claim_type"": ""integrative"", ""section_located"": ""discussion"", ""why_it_matters"": ""Shows a rare instance where biological and psychological factors are linked descriptively.""}"
F004_41492309,DeepSeek-V4-Flash,deepseek/deepseek-v4-flash,key_quotes,2,theoretical,theoretical,Socio-economic disadvantages are associated with an increased risk of chronic pain. People with lower-level education or lack of work autonomy experience higher levels of chronic pain.,"{""claim_verbatim"": ""Socio-economic disadvantages are associated with an increased risk of chronic pain. People with lower-level education or lack of work autonomy experience higher levels of chronic pain."", ""claim_type"": ""theoretical"", ""section_located"": ""discussion"", ""why_it_matters"": ""Acknowledges social domain but only one study reported on education, revealing a gap.""}"
F005_41058307,DeepSeek-V4-Flash,deepseek/deepseek-v4-flash,domain_evidence,0,biological,biological,"TMD is an umbrella term for musculoskeletal pain and jaw dysfunction in the orofacial region involving the jaw muscles, temporomandibular joints and surrounding tissues","{""domain"": ""biological"", ""coverage_level"": ""minimal"", ""constructs_named"": [""jaw muscles"", ""temporomandibular joints"", ""masticatory muscles""], ""evidence_verbatim"": ""TMD is an umbrella term for musculoskeletal pain and jaw dysfunction in the orofacial region involving the jaw muscles, temporomandibular joints and surrounding tissues"", ""section_located"": ""introduction""}"
F005_41058307,DeepSeek-V4-Flash,deepseek/deepseek-v4-flash,domain_evidence,1,psychological,psychological,"psychological comorbidities are common in TMD cases, and psychosocial function correlates with the improvement, recurrence, or persistence of TMD symptoms","{""domain"": ""psychological"", ""coverage_level"": ""elaborated"", ""constructs_named"": [""psychological comorbidities"", ""psychosocial function"", ""emotional, cognitive and behavioural factors"", ""kinesiophobia"", ""pain catastrophising"", ""coping"", ""cognitive behavioural therapy"", ""behavioural therapy""], ""evidence_verbatim"": ""psychological comorbidities are common in TMD cases, and psychosocial function correlates with the improvement, recurrence, or persistence of TMD symptoms"", ""section_located"": ""introduction""}"
F005_41058307,DeepSeek-V4-Flash,deepseek/deepseek-v4-flash,psychological_concepts,0,cognitive behavioural therapy,cognitive behavioural therapy,Cognitive behavioural therapy is a collective term for psychotherapies that combine behavioural principles with cognitive therapies to generate a range of therapeutic approaches,"{""concept_label"": ""cognitive behavioural therapy"", ""definitional_status"": ""formally_defined"", ""definition_verbatim"": ""Cognitive behavioural therapy is a collective term for psychotherapies that combine behavioural principles with cognitive therapies to generate a range of therapeutic approaches"", ""section_located"": ""discussion""}"
F005_41058307,DeepSeek-V4-Flash,deepseek/deepseek-v4-flash,psychological_concepts,1,behavioural therapy,behavioural therapy,"Behavioural therapy for TMD is a self‐management therapy component that focuses on identifying, monitoring and avoiding behaviours disadvantageous to the rehabilitation of the jaw system and simultaneously reinforcing advantageous behaviours","{""concept_label"": ""behavioural therapy"", ""definitional_status"": ""formally_defined"", ""definition_verbatim"": ""Behavioural therapy for TMD is a self‐management therapy component that focuses on identifying, monitoring and avoiding behaviours disadvantageous to the rehabilitation of the jaw system and simultaneously reinforcing advantageous behaviours"", ""section_located"": ""discussion""}"
F005_41058307,DeepSeek-V4-Flash,deepseek/deepseek-v4-flash,psychological_concepts,2,patient education,patient education,"The patient education comprised structured information about the multifaceted aspects of TMD aetiology, including the biopsychosocial model; the rationale for self‐management; treatment methods; and prognosis, verbally provided by different dental professions","{""concept_label"": ""patient education"", ""definitional_status"": ""operationalized_only"", ""definition_verbatim"": ""The patient education comprised structured information about the multifaceted aspects of TMD aetiology, including the biopsychosocial model; the rationale for self‐management; treatment methods; and prognosis, verbally provided by different dental professions"", ""section_located"": ""discussion""}"
F005_41058307,DeepSeek-V4-Flash,deepseek/deepseek-v4-flash,psychological_concepts,3,kinesiophobia,kinesiophobia,,"{""concept_label"": ""kinesiophobia"", ""definitional_status"": ""named_only"", ""definition_verbatim"": """", ""section_located"": ""discussion""}"
F005_41058307,DeepSeek-V4-Flash,deepseek/deepseek-v4-flash,psychological_concepts,4,pain catastrophising,pain catastrophising,,"{""concept_label"": ""pain catastrophising"", ""definitional_status"": ""named_only"", ""definition_verbatim"": """", ""section_located"": ""discussion""}"
F005_41058307,DeepSeek-V4-Flash,deepseek/deepseek-v4-flash,psychological_concepts,5,coping,coping,,"{""concept_label"": ""coping"", ""definitional_status"": ""named_only"", ""definition_verbatim"": """", ""section_located"": ""discussion""}"
F005_41058307,DeepSeek-V4-Flash,deepseek/deepseek-v4-flash,theoretical_frameworks,0,biopsychosocial model,biopsychosocial model,"The aetiology of TMD is multifactorial and can be conceptualised within the biopsychosocial model, indicating an involvement of emotional, cognitive and behavioural factors","{""framework_label"": ""biopsychosocial model"", ""role"": ""mentioned in passing"", ""framework_verbatim"": ""The aetiology of TMD is multifactorial and can be conceptualised within the biopsychosocial model, indicating an involvement of emotional, cognitive and behavioural factors""}"
F005_41058307,DeepSeek-V4-Flash,deepseek/deepseek-v4-flash,conceptual_problems,0,missing_social,missing_social,"The aetiology of TMD is multifactorial and can be conceptualised within the biopsychosocial model, indicating an involvement of emotional, cognitive and behavioural factors","{""problem_type"": ""missing_social"", ""problem_verbatim"": ""The aetiology of TMD is multifactorial and can be conceptualised within the biopsychosocial model, indicating an involvement of emotional, cognitive and behavioural factors"", ""note"": ""Social domain is absent from the BPS conceptualisation; only emotional, cognitive, behavioural factors named""}"
F005_41058307,DeepSeek-V4-Flash,deepseek/deepseek-v4-flash,conceptual_problems,1,parallel_listing_without_integration,parallel_listing_without_integration,effective TMD management should address these dynamically interacting factors contributing to the condition,"{""problem_type"": ""parallel_listing_without_integration"", ""problem_verbatim"": ""effective TMD management should address these dynamically interacting factors contributing to the condition"", ""note"": ""Claims dynamic interaction but never specifies any cross-domain pathway""}"
F005_41058307,DeepSeek-V4-Flash,deepseek/deepseek-v4-flash,key_quotes,0,definitional,definitional,"The aetiology of TMD is multifactorial and can be conceptualised within the biopsychosocial model, indicating an involvement of emotional, cognitive and behavioural factors","{""claim_verbatim"": ""The aetiology of TMD is multifactorial and can be conceptualised within the biopsychosocial model, indicating an involvement of emotional, cognitive and behavioural factors"", ""claim_type"": ""definitional"", ""section_located"": ""introduction"", ""why_it_matters"": ""Shows BPS is invoked but only psychological factors are named, social domain omitted""}"
F005_41058307,DeepSeek-V4-Flash,deepseek/deepseek-v4-flash,key_quotes,1,integrative,integrative,"Given this multifactorial aetiology, effective TMD management should address these dynamically interacting factors contributing to the condition","{""claim_verbatim"": ""Given this multifactorial aetiology, effective TMD management should address these dynamically interacting factors contributing to the condition"", ""claim_type"": ""integrative"", ""section_located"": ""introduction"", ""why_it_matters"": ""Claims dynamic interaction but no mechanism or pathway is ever specified""}"
F006_41676335,DeepSeek-V4-Flash,deepseek/deepseek-v4-flash,integration_claims,0,bio_psych,bio_psych,"Dysregulation of the hypothalamic-pituitary-adrenal (HPA) axis, a central component of the body's stress response, is a well-documented consequence of prolonged stress exposure.","{""domains_linked"": ""bio_psych"", ""integration_level"": ""mechanistic"", ""claim_verbatim"": ""Dysregulation of the hypothalamic-pituitary-adrenal (HPA) axis, a central component of the body's stress response, is a well-documented consequence of prolonged stress exposure."", ""mechanism_note"": ""Psychological stress (minority stress) dysregulates HPA axis, altering cortisol and immune function, leading to central sensitization."", ""section_located"": ""results"", ""evidence_basis"": ""theorized""}"
F006_41676335,DeepSeek-V4-Flash,deepseek/deepseek-v4-flash,integration_claims,1,psych_social,psych_social,The chronic stress associated with minority stress is not merely psychological; it profoundly impacts physiological systems that regulate pain perception.,"{""domains_linked"": ""psych_social"", ""integration_level"": ""mechanistic"", ""claim_verbatim"": ""The chronic stress associated with minority stress is not merely psychological; it profoundly impacts physiological systems that regulate pain perception."", ""mechanism_note"": ""Social discrimination and stigma produce chronic psychological stress, which then affects physiological pain systems."", ""section_located"": ""results"", ""evidence_basis"": ""theorized""}"
F006_41676335,DeepSeek-V4-Flash,deepseek/deepseek-v4-flash,integration_claims,2,bio_social,bio_social,"Policies that restrict access to gender-affirming care, bathrooms, sports participation, or educational opportunities reinforce systemic discrimination and minority stress, very likely worsening psychosocial wellbeing and exacerbating physiological mechanisms relevant to pain processing.","{""domains_linked"": ""bio_social"", ""integration_level"": ""mechanistic"", ""claim_verbatim"": ""Policies that restrict access to gender-affirming care, bathrooms, sports participation, or educational opportunities reinforce systemic discrimination and minority stress, very likely worsening psychosocial wellbeing and exacerbating physiological mechanisms relevant to pain processing."", ""mechanism_note"": ""Social/legal policies create systemic discrimination, which exacerbates physiological pain mechanisms via stress pathways."", ""section_located"": ""discussion"", ""evidence_basis"": ""theorized""}"
F006_41676335,DeepSeek-V4-Flash,deepseek/deepseek-v4-flash,integration_claims,3,triadic,triadic,"Chronic pain in TGD youth is likely driven by a complex interplay of central sensitization, hormonal influences, minority stress, and systemic barriers, which together create a uniquely challenging pain experience.","{""domains_linked"": ""triadic"", ""integration_level"": ""descriptive"", ""claim_verbatim"": ""Chronic pain in TGD youth is likely driven by a complex interplay of central sensitization, hormonal influences, minority stress, and systemic barriers, which together create a uniquely challenging pain experience."", ""mechanism_note"": ""All three domains are related in one narrative but no specific three-domain pathway is specified."", ""section_located"": ""discussion"", ""evidence_basis"": ""theorized""}"
F006_41676335,DeepSeek-V4-Flash,deepseek/deepseek-v4-flash,integration_claims,4,bio_psych,bio_psych,"Traumatic stress can also contribute to hyperarousal of the nervous system, heightening sensitivity to pain and increasing the risk for central sensitization of the nervous system.","{""domains_linked"": ""bio_psych"", ""integration_level"": ""mechanistic"", ""claim_verbatim"": ""Traumatic stress can also contribute to hyperarousal of the nervous system, heightening sensitivity to pain and increasing the risk for central sensitization of the nervous system."", ""mechanism_note"": ""Psychological trauma leads to nervous system hyperarousal and central sensitization, a biological mechanism."", ""section_located"": ""results"", ""evidence_basis"": ""theorized""}"
F006_41676335,DeepSeek-V4-Flash,deepseek/deepseek-v4-flash,integration_claims,5,psych_social,psych_social,TGD youth who had experienced discrimination were twice as likely to develop chronic pain (20.2%) compared to TGD youth who did not report discrimination (7.0%).,"{""domains_linked"": ""psych_social"", ""integration_level"": ""directional"", ""claim_verbatim"": ""TGD youth who had experienced discrimination were twice as likely to develop chronic pain (20.2%) compared to TGD youth who did not report discrimination (7.0%)."", ""mechanism_note"": ""Social discrimination predicts chronic pain, but no pathway is specified in this claim."", ""section_located"": ""results"", ""evidence_basis"": ""empirically_supported""}"
F006_41676335,DeepSeek-V4-Flash,deepseek/deepseek-v4-flash,domain_evidence,0,biological,biological,"Estrogen, in particular, has been implicated in enhancing pain sensitivity through its effects on both the central and peripheral nervous systems, potentially leading to hyperalgesia (heightened pain sensitivity).","{""domain"": ""biological"", ""coverage_level"": ""elaborated"", ""constructs_named"": [""sex hormones"", ""estrogen"", ""progesterone"", ""central sensitization"", ""descending inhibitory control"", ""hpa axis"", ""cortisol"", ""hyperalgesia""], ""evidence_verbatim"": ""Estrogen, in particular, has been implicated in enhancing pain sensitivity through its effects on both the central and peripheral nervous systems, potentially leading to hyperalgesia (heightened pain sensitivity)."", ""section_located"": ""results""}"
F006_41676335,DeepSeek-V4-Flash,deepseek/deepseek-v4-flash,domain_evidence,1,psychological,psychological,"One prominent framework for explaining higher rates of psychiatric comorbidities among TGD youth is the Minority Stress Model, which posits that individuals belonging to marginalized groups, such as TGD youth, experience chronic stress due to external factors like discrimination, stigma, bullying, social rejection, and family conflict.","{""domain"": ""psychological"", ""coverage_level"": ""elaborated"", ""constructs_named"": [""anxiety"", ""depression"", ""ptsd"", ""minority stress"", ""gender dysphoria"", ""bodily vigilance"", ""maladaptive coping"", ""social withdrawal""], ""evidence_verbatim"": ""One prominent framework for explaining higher rates of psychiatric comorbidities among TGD youth is the Minority Stress Model, which posits that individuals belonging to marginalized groups, such as TGD youth, experience chronic stress due to external factors like discrimination, stigma, bullying, social rejection, and family conflict."", ""section_located"": ""results""}"
F006_41676335,DeepSeek-V4-Flash,deepseek/deepseek-v4-flash,domain_evidence,2,social,social,"In healthcare settings, TGD youth often face provider discrimination, inadequate or harmful care, dismissal, or denial of services.","{""domain"": ""social"", ""coverage_level"": ""elaborated"", ""constructs_named"": [""discrimination"", ""stigma"", ""bullying"", ""family conflict"", ""social rejection"", ""healthcare access barriers"", ""legal and policy stressors"", ""systemic barriers""], ""evidence_verbatim"": ""In healthcare settings, TGD youth often face provider discrimination, inadequate or harmful care, dismissal, or denial of services."", ""section_located"": ""results""}"
F006_41676335,DeepSeek-V4-Flash,deepseek/deepseek-v4-flash,psychological_concepts,0,Minority Stress Model,minority stress model,"the Minority Stress Model, which posits that individuals belonging to marginalized groups, such as TGD youth, experience chronic stress due to external factors like discrimination, stigma, bullying, social rejection, and family conflict, as well as internal factors (largely by-products of external ones) like identity concealment and internalized transphobia","{""concept_label"": ""Minority Stress Model"", ""definitional_status"": ""formally_defined"", ""definition_verbatim"": ""the Minority Stress Model, which posits that individuals belonging to marginalized groups, such as TGD youth, experience chronic stress due to external factors like discrimination, stigma, bullying, social rejection, and family conflict, as well as internal factors (largely by-products of external ones) like identity concealment and internalized transphobia"", ""section_located"": ""results""}"
F006_41676335,DeepSeek-V4-Flash,deepseek/deepseek-v4-flash,psychological_concepts,1,gender dysphoria,gender dysphoria,"gender dysphoria, defined as distress arising from incongruence between one's gender identity and assigned sex at birth","{""concept_label"": ""gender dysphoria"", ""definitional_status"": ""formally_defined"", ""definition_verbatim"": ""gender dysphoria, defined as distress arising from incongruence between one's gender identity and assigned sex at birth"", ""section_located"": ""results""}"
F006_41676335,DeepSeek-V4-Flash,deepseek/deepseek-v4-flash,psychological_concepts,2,anxiety,anxiety,,"{""concept_label"": ""anxiety"", ""definitional_status"": ""named_only"", ""definition_verbatim"": """", ""section_located"": ""results""}"
F006_41676335,DeepSeek-V4-Flash,deepseek/deepseek-v4-flash,psychological_concepts,3,depression,depression,,"{""concept_label"": ""depression"", ""definitional_status"": ""named_only"", ""definition_verbatim"": """", ""section_located"": ""results""}"
F006_41676335,DeepSeek-V4-Flash,deepseek/deepseek-v4-flash,psychological_concepts,4,PTSD,ptsd,,"{""concept_label"": ""PTSD"", ""definitional_status"": ""named_only"", ""definition_verbatim"": """", ""section_located"": ""results""}"
F006_41676335,DeepSeek-V4-Flash,deepseek/deepseek-v4-flash,psychological_concepts,5,bodily vigilance,bodily vigilance,,"{""concept_label"": ""bodily vigilance"", ""definitional_status"": ""named_only"", ""definition_verbatim"": """", ""section_located"": ""results""}"
F006_41676335,DeepSeek-V4-Flash,deepseek/deepseek-v4-flash,psychological_concepts,6,internalized transphobia,internalized transphobia,,"{""concept_label"": ""internalized transphobia"", ""definitional_status"": ""named_only"", ""definition_verbatim"": """", ""section_located"": ""results""}"
F006_41676335,DeepSeek-V4-Flash,deepseek/deepseek-v4-flash,psychological_concepts,7,identity concealment,identity concealment,,"{""concept_label"": ""identity concealment"", ""definitional_status"": ""named_only"", ""definition_verbatim"": """", ""section_located"": ""results""}"
F006_41676335,DeepSeek-V4-Flash,deepseek/deepseek-v4-flash,theoretical_frameworks,0,Minority Stress Model,minority stress model,"One prominent framework for explaining higher rates of psychiatric comorbidities among TGD youth is the Minority Stress Model, which posits that individuals belonging to marginalized groups, such as TGD youth, experience chronic stress due to external factors like discrimination, stigma, bullying, social rejection, and family conflict.","{""framework_label"": ""Minority Stress Model"", ""role"": ""organizing framework"", ""framework_verbatim"": ""One prominent framework for explaining higher rates of psychiatric comorbidities among TGD youth is the Minority Stress Model, which posits that individuals belonging to marginalized groups, such as TGD youth, experience chronic stress due to external factors like discrimination, stigma, bullying, social rejection, and family conflict.""}"
F006_41676335,DeepSeek-V4-Flash,deepseek/deepseek-v4-flash,theoretical_frameworks,1,biopsychosocial model,biopsychosocial model,"chronic pain is a biopsychosocial phenomenon that emerges from the interplay between biological, psychological, and social factors","{""framework_label"": ""biopsychosocial model"", ""role"": ""organizing framework"", ""framework_verbatim"": ""chronic pain is a biopsychosocial phenomenon that emerges from the interplay between biological, psychological, and social factors""}"
F006_41676335,DeepSeek-V4-Flash,deepseek/deepseek-v4-flash,theoretical_frameworks,2,intersectional framework,intersectional framework,"An intersectional lens is essential for understanding chronic pain in TGD youth. Gender identity does not exist in isolation; TGD youth also navigate systems shaped by race, ethnicity, culture, disability, socioeconomic status, and religious or spiritual context.","{""framework_label"": ""intersectional framework"", ""role"": ""organizing framework"", ""framework_verbatim"": ""An intersectional lens is essential for understanding chronic pain in TGD youth. Gender identity does not exist in isolation; TGD youth also navigate systems shaped by race, ethnicity, culture, disability, socioeconomic status, and religious or spiritual context.""}"
F006_41676335,DeepSeek-V4-Flash,deepseek/deepseek-v4-flash,conceptual_problems,0,mechanistic_absence,mechanistic_absence,"Chronic pain in TGD youth is likely driven by a complex interplay of central sensitization, hormonal influences, minority stress, and systemic barriers, which together create a uniquely challenging pain experience.","{""problem_type"": ""mechanistic_absence"", ""problem_verbatim"": ""Chronic pain in TGD youth is likely driven by a complex interplay of central sensitization, hormonal influences, minority stress, and systemic barriers, which together create a uniquely challenging pain experience."", ""note"": ""Triadic integration is descriptive; no specific three-domain pathway is specified.""}"
F006_41676335,DeepSeek-V4-Flash,deepseek/deepseek-v4-flash,key_quotes,0,definitional,definitional,"chronic pain is a biopsychosocial phenomenon that emerges from the interplay between biological, psychological, and social factors","{""claim_verbatim"": ""chronic pain is a biopsychosocial phenomenon that emerges from the interplay between biological, psychological, and social factors"", ""claim_type"": ""definitional"", ""section_located"": ""introduction"", ""why_it_matters"": ""Explicitly frames the review within the biopsychosocial model.""}"
F006_41676335,DeepSeek-V4-Flash,deepseek/deepseek-v4-flash,key_quotes,1,integrative,integrative,"Chronic pain in TGD youth is likely driven by a complex interplay of central sensitization, hormonal influences, minority stress, and systemic barriers, which together create a uniquely challenging pain experience.","{""claim_verbatim"": ""Chronic pain in TGD youth is likely driven by a complex interplay of central sensitization, hormonal influences, minority stress, and systemic barriers, which together create a uniquely challenging pain experience."", ""claim_type"": ""integrative"", ""section_located"": ""discussion"", ""why_it_matters"": ""Summarizes the paper's triadic integration, though descriptive rather than mechanistic.""}"
F006_41676335,DeepSeek-V4-Flash,deepseek/deepseek-v4-flash,key_quotes,2,integrative,integrative,"Dysregulation of the hypothalamic-pituitary-adrenal (HPA) axis, a central component of the body's stress response, is a well-documented consequence of prolonged stress exposure.","{""claim_verbatim"": ""Dysregulation of the hypothalamic-pituitary-adrenal (HPA) axis, a central component of the body's stress response, is a well-documented consequence of prolonged stress exposure."", ""claim_type"": ""integrative"", ""section_located"": ""results"", ""why_it_matters"": ""Provides a mechanistic link between psychological stress and biological pain pathways.""}"
F006_41676335,DeepSeek-V4-Flash,deepseek/deepseek-v4-flash,key_quotes,3,clinical or applied,clinical or applied,TGD youth who had experienced discrimination were twice as likely to develop chronic pain (20.2%) compared to TGD youth who did not report discrimination (7.0%).,"{""claim_verbatim"": ""TGD youth who had experienced discrimination were twice as likely to develop chronic pain (20.2%) compared to TGD youth who did not report discrimination (7.0%)."", ""claim_type"": ""clinical or applied"", ""section_located"": ""results"", ""why_it_matters"": ""Empirical evidence linking social discrimination to chronic pain outcomes.""}"
F007_41436105,DeepSeek-V4-Flash,deepseek/deepseek-v4-flash,integration_claims,0,bio_psych,bio_psych,stress can have complex influences on pain-related sensorimotor behaviors as well as nociceptive mechanisms,"{""domains_linked"": ""bio_psych"", ""integration_level"": ""directional"", ""claim_verbatim"": ""stress can have complex influences on pain-related sensorimotor behaviors as well as nociceptive mechanisms"", ""mechanism_note"": ""Stress influences nociceptive circuits and plasticity, affecting sensorimotor behaviors, but no pathway specified."", ""section_located"": ""discussion"", ""evidence_basis"": ""empirically_supported""}"
F007_41436105,DeepSeek-V4-Flash,deepseek/deepseek-v4-flash,integration_claims,1,bio_psych,bio_psych,"Some psychosocial factors (e.g., chronic stress, adverse early life experiences) may also be associated with maladaptive plasticity in CNS areas","{""domains_linked"": ""bio_psych"", ""integration_level"": ""directional"", ""claim_verbatim"": ""Some psychosocial factors (e.g., chronic stress, adverse early life experiences) may also be associated with maladaptive plasticity in CNS areas"", ""mechanism_note"": ""Psychosocial factors associated with maladaptive CNS plasticity, direction asserted without pathway."", ""section_located"": ""discussion"", ""evidence_basis"": ""empirically_supported""}"
F007_41436105,DeepSeek-V4-Flash,deepseek/deepseek-v4-flash,integration_claims,2,bio_psych,bio_psych,Psychosocial factors may also exert effects on acute orofacial pain and pain-sensorimotor interactions,"{""domains_linked"": ""bio_psych"", ""integration_level"": ""directional"", ""claim_verbatim"": ""Psychosocial factors may also exert effects on acute orofacial pain and pain-sensorimotor interactions"", ""mechanism_note"": ""Psychosocial factors influence orofacial pain and sensorimotor behaviors, direction asserted."", ""section_located"": ""discussion"", ""evidence_basis"": ""empirically_supported""}"
F007_41436105,DeepSeek-V4-Flash,deepseek/deepseek-v4-flash,integration_claims,3,triadic,triadic,"the processes and factors underlying orofacial pain-related changes in sensorimotor behavior are influenced by the integral features of the biopsychosocial model of pain, namely its biological, psychological, and sociocultural components","{""domains_linked"": ""triadic"", ""integration_level"": ""mentioned"", ""claim_verbatim"": ""the processes and factors underlying orofacial pain-related changes in sensorimotor behavior are influenced by the integral features of the biopsychosocial model of pain, namely its biological, psychological, and sociocultural components"", ""mechanism_note"": ""All three domains are named as influences, but only biological and psychological are substantively integrated; social is minimal."", ""section_located"": ""discussion"", ""evidence_basis"": ""theorized""}"
F007_41436105,DeepSeek-V4-Flash,deepseek/deepseek-v4-flash,integration_claims,4,bio_psych,bio_psych,"the influence of SNPs or gene variants (e.g., COMT) on the development of painful TMD or on pain features can be modified by psychosocial factors (e.g., stress, depression)","{""domains_linked"": ""bio_psych"", ""integration_level"": ""directional"", ""claim_verbatim"": ""the influence of SNPs or gene variants (e.g., COMT) on the development of painful TMD or on pain features can be modified by psychosocial factors (e.g., stress, depression)"", ""mechanism_note"": ""Genetic factors modified by psychosocial factors, directional influence asserted."", ""section_located"": ""discussion"", ""evidence_basis"": ""empirically_supported""}"
F007_41436105,DeepSeek-V4-Flash,deepseek/deepseek-v4-flash,domain_evidence,0,biological,biological,The orofacial sensorimotor system encompasses a variety of orofacial tissues as well as several pathways and circuits in the central nervous system (CNS) that participate in orofacial sensorimotor behaviors,"{""domain"": ""biological"", ""coverage_level"": ""elaborated"", ""constructs_named"": [""nociceptive pathways"", ""central nervous system circuits"", ""neuroplasticity"", ""glioplasticity"", ""peripheral sensitization"", ""central sensitization"", ""descending pain-modulatory pathways"", ""genetic factors""], ""evidence_verbatim"": ""The orofacial sensorimotor system encompasses a variety of orofacial tissues as well as several pathways and circuits in the central nervous system (CNS) that participate in orofacial sensorimotor behaviors"", ""section_located"": ""abstract""}"
F007_41436105,DeepSeek-V4-Flash,deepseek/deepseek-v4-flash,domain_evidence,1,psychological,psychological,"significant associations have been found between psychosocial factors (e.g., stress, anxiety, depression, pain-related fear, economic factors, sociocultural and cognitive factors including pain catastrophizing, attention levels, expectations) and acute and chronic pain features","{""domain"": ""psychological"", ""coverage_level"": ""mentioned"", ""constructs_named"": [""stress"", ""anxiety"", ""depression"", ""pain catastrophizing"", ""cognitive factors"", ""attention"", ""expectations"", ""pain-related fear""], ""evidence_verbatim"": ""significant associations have been found between psychosocial factors (e.g., stress, anxiety, depression, pain-related fear, economic factors, sociocultural and cognitive factors including pain catastrophizing, attention levels, expectations) and acute and chronic pain features"", ""section_located"": ""discussion""}"
F007_41436105,DeepSeek-V4-Flash,deepseek/deepseek-v4-flash,domain_evidence,2,social,social,socioeconomic status [ ],"{""domain"": ""social"", ""coverage_level"": ""minimal"", ""constructs_named"": [""sociocultural factors"", ""economic factors"", ""socioeconomic status""], ""evidence_verbatim"": ""socioeconomic status [ ]"", ""section_located"": ""discussion""}"
F007_41436105,DeepSeek-V4-Flash,deepseek/deepseek-v4-flash,psychological_concepts,0,stress,stress,,"{""concept_label"": ""stress"", ""definitional_status"": ""named_only"", ""definition_verbatim"": """", ""section_located"": ""discussion""}"
F007_41436105,DeepSeek-V4-Flash,deepseek/deepseek-v4-flash,psychological_concepts,1,anxiety,anxiety,,"{""concept_label"": ""anxiety"", ""definitional_status"": ""named_only"", ""definition_verbatim"": """", ""section_located"": ""discussion""}"
F007_41436105,DeepSeek-V4-Flash,deepseek/deepseek-v4-flash,psychological_concepts,2,depression,depression,,"{""concept_label"": ""depression"", ""definitional_status"": ""named_only"", ""definition_verbatim"": """", ""section_located"": ""discussion""}"
F007_41436105,DeepSeek-V4-Flash,deepseek/deepseek-v4-flash,psychological_concepts,3,pain catastrophizing,pain catastrophizing,,"{""concept_label"": ""pain catastrophizing"", ""definitional_status"": ""named_only"", ""definition_verbatim"": """", ""section_located"": ""discussion""}"
F007_41436105,DeepSeek-V4-Flash,deepseek/deepseek-v4-flash,psychological_concepts,4,pain-related fear,pain-related fear,,"{""concept_label"": ""pain-related fear"", ""definitional_status"": ""named_only"", ""definition_verbatim"": """", ""section_located"": ""discussion""}"
F007_41436105,DeepSeek-V4-Flash,deepseek/deepseek-v4-flash,theoretical_frameworks,0,Theory of Pain-Sensorimotor Interactions (TOPSMI),theory of pain-sensorimotor interactions (topsmi),"the Theory of Pain-Sensorimotor Interactions (TOPSMI), which has provided a more comprehensive mechanistic framework to consider the interactions between sensorimotor behaviors and pain","{""framework_label"": ""Theory of Pain-Sensorimotor Interactions (TOPSMI)"", ""role"": ""organizing framework"", ""framework_verbatim"": ""the Theory of Pain-Sensorimotor Interactions (TOPSMI), which has provided a more comprehensive mechanistic framework to consider the interactions between sensorimotor behaviors and pain""}"
F007_41436105,DeepSeek-V4-Flash,deepseek/deepseek-v4-flash,theoretical_frameworks,1,biopsychosocial model of pain,biopsychosocial model of pain,TOPSMI was formulated in accordance with the biopsychosocial model of pain,"{""framework_label"": ""biopsychosocial model of pain"", ""role"": ""organizing framework"", ""framework_verbatim"": ""TOPSMI was formulated in accordance with the biopsychosocial model of pain""}"
F007_41436105,DeepSeek-V4-Flash,deepseek/deepseek-v4-flash,theoretical_frameworks,2,Vicious Cycle Theory (VCT),vicious cycle theory (vct),"the pain-spasm-pain vicious cycle (commonly termed the Vicious Cycle Theory, VCT) ... a number of reports have detailed significant limitations in the VCT","{""framework_label"": ""Vicious Cycle Theory (VCT)"", ""role"": ""critiqued or rejected"", ""framework_verbatim"": ""the pain-spasm-pain vicious cycle (commonly termed the Vicious Cycle Theory, VCT) ... a number of reports have detailed significant limitations in the VCT""}"
F007_41436105,DeepSeek-V4-Flash,deepseek/deepseek-v4-flash,theoretical_frameworks,3,Pain Adaptation Model (PAM),pain adaptation model (pam),the Pain Adaptation Model (PAM) ... many clinical or experimental pain findings are inconsistent with both theories,"{""framework_label"": ""Pain Adaptation Model (PAM)"", ""role"": ""critiqued or rejected"", ""framework_verbatim"": ""the Pain Adaptation Model (PAM) ... many clinical or experimental pain findings are inconsistent with both theories""}"
F007_41436105,DeepSeek-V4-Flash,deepseek/deepseek-v4-flash,theoretical_frameworks,4,Fear-Avoidance Model of Pain,fear-avoidance model of pain,"These theories include the Fear-Avoidance Model of Pain, the Avoidance-Endurance Model, the Integrated Pain Adaptation Model, and the New or Contemporary Theory for the Motor Adaptation to Pain","{""framework_label"": ""Fear-Avoidance Model of Pain"", ""role"": ""mentioned in passing"", ""framework_verbatim"": ""These theories include the Fear-Avoidance Model of Pain, the Avoidance-Endurance Model, the Integrated Pain Adaptation Model, and the New or Contemporary Theory for the Motor Adaptation to Pain""}"
F007_41436105,DeepSeek-V4-Flash,deepseek/deepseek-v4-flash,theoretical_frameworks,5,Avoidance-Endurance Model,avoidance-endurance model,"These theories include the Fear-Avoidance Model of Pain, the Avoidance-Endurance Model, the Integrated Pain Adaptation Model, and the New or Contemporary Theory for the Motor Adaptation to Pain","{""framework_label"": ""Avoidance-Endurance Model"", ""role"": ""mentioned in passing"", ""framework_verbatim"": ""These theories include the Fear-Avoidance Model of Pain, the Avoidance-Endurance Model, the Integrated Pain Adaptation Model, and the New or Contemporary Theory for the Motor Adaptation to Pain""}"
F007_41436105,DeepSeek-V4-Flash,deepseek/deepseek-v4-flash,conceptual_problems,0,missing_social,missing_social,socioeconomic status [ ],"{""problem_type"": ""missing_social"", ""problem_verbatim"": ""socioeconomic status [ ]"", ""note"": ""Social domain is only minimally present with a single reference to socioeconomic status.""}"
F007_41436105,DeepSeek-V4-Flash,deepseek/deepseek-v4-flash,conceptual_problems,1,parallel_listing_without_integration,parallel_listing_without_integration,"the wide range of biological, psychological, and sociocultural factors that may influence the interactions and underlying mechanisms","{""problem_type"": ""parallel_listing_without_integration"", ""problem_verbatim"": ""the wide range of biological, psychological, and sociocultural factors that may influence the interactions and underlying mechanisms"", ""note"": ""Domains are listed in parallel without specifying how they relate to each other.""}"
F007_41436105,DeepSeek-V4-Flash,deepseek/deepseek-v4-flash,conceptual_problems,2,mechanistic_absence,mechanistic_absence,the theory may be difficult to be formally tested as a whole,"{""problem_type"": ""mechanistic_absence"", ""problem_verbatim"": ""the theory may be difficult to be formally tested as a whole"", ""note"": ""The paper acknowledges that TOPSMI lacks a testable mechanism integrating all domains.""}"
F007_41436105,DeepSeek-V4-Flash,deepseek/deepseek-v4-flash,key_quotes,0,theoretical,theoretical,TOPSMI was formulated in accordance with the biopsychosocial model of pain,"{""claim_verbatim"": ""TOPSMI was formulated in accordance with the biopsychosocial model of pain"", ""claim_type"": ""theoretical"", ""section_located"": ""discussion"", ""why_it_matters"": ""Explicitly links the proposed theory to the biopsychosocial model.""}"
F007_41436105,DeepSeek-V4-Flash,deepseek/deepseek-v4-flash,key_quotes,1,integrative,integrative,"the processes and factors underlying orofacial pain-related changes in sensorimotor behavior are influenced by the integral features of the biopsychosocial model of pain, namely its biological, psychological, and sociocultural components","{""claim_verbatim"": ""the processes and factors underlying orofacial pain-related changes in sensorimotor behavior are influenced by the integral features of the biopsychosocial model of pain, namely its biological, psychological, and sociocultural components"", ""claim_type"": ""integrative"", ""section_located"": ""discussion"", ""why_it_matters"": ""Claims triadic influence but does not specify mechanisms.""}"
F007_41436105,DeepSeek-V4-Flash,deepseek/deepseek-v4-flash,key_quotes,2,integrative,integrative,"the influence of SNPs or gene variants (e.g., COMT) on the development of painful TMD or on pain features can be modified by psychosocial factors (e.g., stress, depression)","{""claim_verbatim"": ""the influence of SNPs or gene variants (e.g., COMT) on the development of painful TMD or on pain features can be modified by psychosocial factors (e.g., stress, depression)"", ""claim_type"": ""integrative"", ""section_located"": ""discussion"", ""why_it_matters"": ""Shows a directional bio-psych interaction but no pathway.""}"
F007_41436105,DeepSeek-V4-Flash,deepseek/deepseek-v4-flash,key_quotes,3,critical or problematizing,critical or problematizing,the theory may be difficult to be formally tested as a whole,"{""claim_verbatim"": ""the theory may be difficult to be formally tested as a whole"", ""claim_type"": ""critical or problematizing"", ""section_located"": ""discussion"", ""why_it_matters"": ""Acknowledges a key limitation of the proposed framework.""}"
F008_41409397,DeepSeek-V4-Flash,deepseek/deepseek-v4-flash,integration_claims,0,bio_psych,bio_psych,Flow may represent an integrative state that unites these physiological and cognitive–affective dimensions within one adaptive mechanism of analgesia.,"{""domains_linked"": ""bio_psych"", ""integration_level"": ""mechanistic"", ""claim_verbatim"": ""Flow may represent an integrative state that unites these physiological and cognitive–affective dimensions within one adaptive mechanism of analgesia."", ""mechanism_note"": ""Flow integrates physiological (endorphin, endocannabinoid, PAG/RVM) and psychological (intrinsic motivation, attentional absorption) processes into one analgesic mechanism."", ""section_located"": ""introduction"", ""evidence_basis"": ""theorized""}"
F008_41409397,DeepSeek-V4-Flash,deepseek/deepseek-v4-flash,integration_claims,1,bio_psych,bio_psych,"Flow activates dopaminergic pathways in the striatum and ventral tegmental area, which overlap with networks involved in placebo analgesia and descending modulation of pain.","{""domains_linked"": ""bio_psych"", ""integration_level"": ""mechanistic"", ""claim_verbatim"": ""Flow activates dopaminergic pathways in the striatum and ventral tegmental area, which overlap with networks involved in placebo analgesia and descending modulation of pain."", ""mechanism_note"": ""Dopaminergic reward activation is proposed to recruit endogenous opioid systems for descending pain modulation."", ""section_located"": ""discussion"", ""evidence_basis"": ""theorized""}"
F008_41409397,DeepSeek-V4-Flash,deepseek/deepseek-v4-flash,integration_claims,2,bio_psych,bio_psych,"By down-regulating DMN activity, flow may directly counteract maladaptive self-referential processes that amplify pain.","{""domains_linked"": ""bio_psych"", ""integration_level"": ""mechanistic"", ""claim_verbatim"": ""By down-regulating DMN activity, flow may directly counteract maladaptive self-referential processes that amplify pain."", ""mechanism_note"": ""Suppression of DMN (biological) reduces rumination and catastrophizing (psychological), thereby reducing pain."", ""section_located"": ""discussion"", ""evidence_basis"": ""theorized""}"
F008_41409397,DeepSeek-V4-Flash,deepseek/deepseek-v4-flash,integration_claims,3,psych_social,psych_social,"In rehabilitation, patient motivation and adherence to the treatment plan is vital, higher adherence is linked with stronger autonomous motivation, motivated and supported patients overall show better rehabilitation results.","{""domains_linked"": ""psych_social"", ""integration_level"": ""mentioned"", ""claim_verbatim"": ""In rehabilitation, patient motivation and adherence to the treatment plan is vital, higher adherence is linked with stronger autonomous motivation, motivated and supported patients overall show better rehabilitation results."", ""mechanism_note"": """", ""section_located"": ""introduction"", ""evidence_basis"": ""clinical_observation""}"
F008_41409397,DeepSeek-V4-Flash,deepseek/deepseek-v4-flash,integration_claims,4,triadic,triadic,"FIA appears distinct in its self-generated, intrinsically rewarding attentional engagement, potentially integrating motivational, cognitive, and affective modulation within a unified biopsychosocial framework.","{""domains_linked"": ""triadic"", ""integration_level"": ""mentioned"", ""claim_verbatim"": ""FIA appears distinct in its self-generated, intrinsically rewarding attentional engagement, potentially integrating motivational, cognitive, and affective modulation within a unified biopsychosocial framework."", ""mechanism_note"": ""Biopsychosocial framework named but social domain only loosely attached via adherence; no social mechanism specified."", ""section_located"": ""discussion"", ""evidence_basis"": ""theorized""}"
F008_41409397,DeepSeek-V4-Flash,deepseek/deepseek-v4-flash,domain_evidence,0,biological,biological,"Neuroimaging studies demonstrate that flow states are associated with suppression of default mode network (DMN) activity, reduced self-referential processing, and enhanced activation of task-positive networks, including the dorsal attention network and reward-related circuitry.","{""domain"": ""biological"", ""coverage_level"": ""elaborated"", ""constructs_named"": [""default mode network"", ""dopaminergic signaling"", ""striatal activation"", ""periaqueductal gray"", ""rostral ventromedial medulla"", ""descending pain modulation"", ""endorphin"", ""endocannabinoid""], ""evidence_verbatim"": ""Neuroimaging studies demonstrate that flow states are associated with suppression of default mode network (DMN) activity, reduced self-referential processing, and enhanced activation of task-positive networks, including the dorsal attention network and reward-related circuitry."", ""section_located"": ""introduction""}"
F008_41409397,DeepSeek-V4-Flash,deepseek/deepseek-v4-flash,domain_evidence,1,psychological,psychological,"Flow describes an optimal state of consciousness characterized by total absorption in an activity, a balance between skills and task challenge, diminished self-referential processing, altered sense of time, and intrinsic reward.","{""domain"": ""psychological"", ""coverage_level"": ""elaborated"", ""constructs_named"": [""flow"", ""catastrophizing"", ""hypervigilance"", ""distraction"", ""mindfulness"", ""attention"", ""intrinsic motivation"", ""positive affect""], ""evidence_verbatim"": ""Flow describes an optimal state of consciousness characterized by total absorption in an activity, a balance between skills and task challenge, diminished self-referential processing, altered sense of time, and intrinsic reward."", ""section_located"": ""introduction""}"
F008_41409397,DeepSeek-V4-Flash,deepseek/deepseek-v4-flash,domain_evidence,2,social,social,"In rehabilitation, patient motivation and adherence to the treatment plan is vital, higher adherence is linked with stronger autonomous motivation, motivated and supported patients overall show better rehabilitation results.","{""domain"": ""social"", ""coverage_level"": ""minimal"", ""constructs_named"": [""patient adherence"", ""therapeutic alliance""], ""evidence_verbatim"": ""In rehabilitation, patient motivation and adherence to the treatment plan is vital, higher adherence is linked with stronger autonomous motivation, motivated and supported patients overall show better rehabilitation results."", ""section_located"": ""introduction""}"
F008_41409397,DeepSeek-V4-Flash,deepseek/deepseek-v4-flash,psychological_concepts,0,flow,flow,"Flow describes an optimal state of consciousness characterized by total absorption in an activity, a balance between skills and task challenge, diminished self-referential processing, altered sense of time, and intrinsic reward.","{""concept_label"": ""flow"", ""definitional_status"": ""formally_defined"", ""definition_verbatim"": ""Flow describes an optimal state of consciousness characterized by total absorption in an activity, a balance between skills and task challenge, diminished self-referential processing, altered sense of time, and intrinsic reward."", ""section_located"": ""introduction""}"
F008_41409397,DeepSeek-V4-Flash,deepseek/deepseek-v4-flash,psychological_concepts,1,catastrophizing,catastrophizing,"Pain catastrophizing—defined as an exaggerated negative orientation toward pain stimuli—is a robust predictor of heightened pain intensity, disability, and poor treatment outcomes.","{""concept_label"": ""catastrophizing"", ""definitional_status"": ""formally_defined"", ""definition_verbatim"": ""Pain catastrophizing—defined as an exaggerated negative orientation toward pain stimuli—is a robust predictor of heightened pain intensity, disability, and poor treatment outcomes."", ""section_located"": ""discussion""}"
F008_41409397,DeepSeek-V4-Flash,deepseek/deepseek-v4-flash,psychological_concepts,2,hypervigilance,hypervigilance,,"{""concept_label"": ""hypervigilance"", ""definitional_status"": ""named_only"", ""definition_verbatim"": """", ""section_located"": ""discussion""}"
F008_41409397,DeepSeek-V4-Flash,deepseek/deepseek-v4-flash,psychological_concepts,3,distraction,distraction,"Distraction involves a temporary shift of attention away from pain, which can be passive (eg, watching television) or active (eg, playing a simple game), but it does not necessarily engage intrinsic motivation or deep absorption.","{""concept_label"": ""distraction"", ""definitional_status"": ""formally_defined"", ""definition_verbatim"": ""Distraction involves a temporary shift of attention away from pain, which can be passive (eg, watching television) or active (eg, playing a simple game), but it does not necessarily engage intrinsic motivation or deep absorption."", ""section_located"": ""introduction""}"
F008_41409397,DeepSeek-V4-Flash,deepseek/deepseek-v4-flash,psychological_concepts,4,mindfulness,mindfulness,"Mindfulness, on the other hand, involves nonjudgmental awareness of present-moment experiences, including pain itself, aiming to alter the relationship with discomfort rather than suppress perception.","{""concept_label"": ""mindfulness"", ""definitional_status"": ""formally_defined"", ""definition_verbatim"": ""Mindfulness, on the other hand, involves nonjudgmental awareness of present-moment experiences, including pain itself, aiming to alter the relationship with discomfort rather than suppress perception."", ""section_located"": ""discussion""}"
F008_41409397,DeepSeek-V4-Flash,deepseek/deepseek-v4-flash,psychological_concepts,5,intrinsic motivation,intrinsic motivation,,"{""concept_label"": ""intrinsic motivation"", ""definitional_status"": ""named_only"", ""definition_verbatim"": """", ""section_located"": ""introduction""}"
F008_41409397,DeepSeek-V4-Flash,deepseek/deepseek-v4-flash,psychological_concepts,6,absorption,absorption,,"{""concept_label"": ""absorption"", ""definitional_status"": ""named_only"", ""definition_verbatim"": """", ""section_located"": ""introduction""}"
F008_41409397,DeepSeek-V4-Flash,deepseek/deepseek-v4-flash,psychological_concepts,7,self-referential processing,self-referential processing,,"{""concept_label"": ""self-referential processing"", ""definitional_status"": ""named_only"", ""definition_verbatim"": """", ""section_located"": ""introduction""}"
F008_41409397,DeepSeek-V4-Flash,deepseek/deepseek-v4-flash,psychological_concepts,8,rumination,rumination,,"{""concept_label"": ""rumination"", ""definitional_status"": ""named_only"", ""definition_verbatim"": """", ""section_located"": ""discussion""}"
F008_41409397,DeepSeek-V4-Flash,deepseek/deepseek-v4-flash,psychological_concepts,9,coping,coping,,"{""concept_label"": ""coping"", ""definitional_status"": ""named_only"", ""definition_verbatim"": """", ""section_located"": ""discussion""}"
F008_41409397,DeepSeek-V4-Flash,deepseek/deepseek-v4-flash,psychological_concepts,10,fear-avoidance,fear-avoidance,,"{""concept_label"": ""fear-avoidance"", ""definitional_status"": ""named_only"", ""definition_verbatim"": """", ""section_located"": ""introduction""}"
F008_41409397,DeepSeek-V4-Flash,deepseek/deepseek-v4-flash,psychological_concepts,11,positive affect,positive affect,,"{""concept_label"": ""positive affect"", ""definitional_status"": ""named_only"", ""definition_verbatim"": """", ""section_located"": ""introduction""}"
F008_41409397,DeepSeek-V4-Flash,deepseek/deepseek-v4-flash,theoretical_frameworks,0,fear-avoidance model,fear-avoidance model,"This conceptual framework also extends beyond earlier integrative models, such as the fear-avoidance model and motivational-affective frameworks, which primarily emphasize maladaptive avoidance and affective regulation.","{""framework_label"": ""fear-avoidance model"", ""role"": ""compared with another model"", ""framework_verbatim"": ""This conceptual framework also extends beyond earlier integrative models, such as the fear-avoidance model and motivational-affective frameworks, which primarily emphasize maladaptive avoidance and affective regulation.""}"
F008_41409397,DeepSeek-V4-Flash,deepseek/deepseek-v4-flash,theoretical_frameworks,1,motivational-affective frameworks,motivational-affective frameworks,"This conceptual framework also extends beyond earlier integrative models, such as the fear-avoidance model and motivational-affective frameworks, which primarily emphasize maladaptive avoidance and affective regulation.","{""framework_label"": ""motivational-affective frameworks"", ""role"": ""compared with another model"", ""framework_verbatim"": ""This conceptual framework also extends beyond earlier integrative models, such as the fear-avoidance model and motivational-affective frameworks, which primarily emphasize maladaptive avoidance and affective regulation.""}"
F008_41409397,DeepSeek-V4-Flash,deepseek/deepseek-v4-flash,theoretical_frameworks,2,flow-induced analgesia (FIA),flow-induced analgesia (fia),"We propose the term flow-induced analgesia (FIA) to describe this framework. Flow-induced analgesia suggests that immersive, skill-challenge balanced activities can actively modulate pain perception and interference through attentional capture, suppression of self-referential cognition, engagement of reward circuits, and activation of descending pain modulatory systems.","{""framework_label"": ""flow-induced analgesia (FIA)"", ""role"": ""organizing framework"", ""framework_verbatim"": ""We propose the term flow-induced analgesia (FIA) to describe this framework. Flow-induced analgesia suggests that immersive, skill-challenge balanced activities can actively modulate pain perception and interference through attentional capture, suppression of self-referential cognition, engagement of reward circuits, and activation of descending pain modulatory systems.""}"
F008_41409397,DeepSeek-V4-Flash,deepseek/deepseek-v4-flash,conceptual_problems,0,missing_social,missing_social,"FIA appears distinct in its self-generated, intrinsically rewarding attentional engagement, potentially integrating motivational, cognitive, and affective modulation within a unified biopsychosocial framework.","{""problem_type"": ""missing_social"", ""problem_verbatim"": ""FIA appears distinct in its self-generated, intrinsically rewarding attentional engagement, potentially integrating motivational, cognitive, and affective modulation within a unified biopsychosocial framework."", ""note"": ""Biopsychosocial label used but social domain is only minimally present (adherence mentioned, no social constructs developed).""}"
F008_41409397,DeepSeek-V4-Flash,deepseek/deepseek-v4-flash,conceptual_problems,1,mechanistic_absence,mechanistic_absence,"Although the neural overlap between flow and descending pain inhibition is intriguing, current evidence remains correlational rather than causal.","{""problem_type"": ""mechanistic_absence"", ""problem_verbatim"": ""Although the neural overlap between flow and descending pain inhibition is intriguing, current evidence remains correlational rather than causal."", ""note"": ""Paper acknowledges that proposed mechanisms are hypothesized, not empirically established.""}"
F008_41409397,DeepSeek-V4-Flash,deepseek/deepseek-v4-flash,key_quotes,0,integrative,integrative,Flow may represent an integrative state that unites these physiological and cognitive–affective dimensions within one adaptive mechanism of analgesia.,"{""claim_verbatim"": ""Flow may represent an integrative state that unites these physiological and cognitive–affective dimensions within one adaptive mechanism of analgesia."", ""claim_type"": ""integrative"", ""section_located"": ""introduction"", ""why_it_matters"": ""Central claim of bio-psych integration, but social domain is absent from this integration.""}"
F008_41409397,DeepSeek-V4-Flash,deepseek/deepseek-v4-flash,key_quotes,1,theoretical,theoretical,"FIA appears distinct in its self-generated, intrinsically rewarding attentional engagement, potentially integrating motivational, cognitive, and affective modulation within a unified biopsychosocial framework.","{""claim_verbatim"": ""FIA appears distinct in its self-generated, intrinsically rewarding attentional engagement, potentially integrating motivational, cognitive, and affective modulation within a unified biopsychosocial framework."", ""claim_type"": ""theoretical"", ""section_located"": ""discussion"", ""why_it_matters"": ""Only explicit use of 'biopsychosocial' in the paper, but social content is minimal.""}"
F008_41409397,DeepSeek-V4-Flash,deepseek/deepseek-v4-flash,key_quotes,2,critical or problematizing,critical or problematizing,"Although the neural overlap between flow and descending pain inhibition is intriguing, current evidence remains correlational rather than causal.","{""claim_verbatim"": ""Although the neural overlap between flow and descending pain inhibition is intriguing, current evidence remains correlational rather than causal."", ""claim_type"": ""critical or problematizing"", ""section_located"": ""introduction"", ""why_it_matters"": ""Honest limitation that undermines the mechanistic claims made elsewhere.""}"
F009_41356326,DeepSeek-V4-Flash,deepseek/deepseek-v4-flash,integration_claims,0,bio_psych,bio_psych,"Incorporating external load may serve as a graded exposure stimulus, helping patients confront fears, rebuild confidence in movement, and challenge beliefs related to fragility or harm.","{""domains_linked"": ""bio_psych"", ""integration_level"": ""directional"", ""claim_verbatim"": ""Incorporating external load may serve as a graded exposure stimulus, helping patients confront fears, rebuild confidence in movement, and challenge beliefs related to fragility or harm."", ""mechanism_note"": ""External load is asserted to influence psychological factors via graded exposure, but no pathway is specified."", ""section_located"": ""introduction"", ""evidence_basis"": ""theorized""}"
F009_41356326,DeepSeek-V4-Flash,deepseek/deepseek-v4-flash,integration_claims,1,bio_psych,bio_psych,"Rather than being determined by tissue status or physical capacity, changes in pain and disability may often reflect modifications in pain-related beliefs, behaviors, and emotional responses.","{""domains_linked"": ""bio_psych"", ""integration_level"": ""directional"", ""claim_verbatim"": ""Rather than being determined by tissue status or physical capacity, changes in pain and disability may often reflect modifications in pain-related beliefs, behaviors, and emotional responses."", ""mechanism_note"": ""Psychological factors are asserted to drive changes in pain and disability, but no pathway is given."", ""section_located"": ""discussion"", ""evidence_basis"": ""theorized""}"
F009_41356326,DeepSeek-V4-Flash,deepseek/deepseek-v4-flash,integration_claims,2,bio_psych,bio_psych,"Exercise should not be prescribed merely to restore physical capacity, but also as a behavioral intervention aimed at challenging maladaptive beliefs, reducing fear, and fostering movement confidence.","{""domains_linked"": ""bio_psych"", ""integration_level"": ""directional"", ""claim_verbatim"": ""Exercise should not be prescribed merely to restore physical capacity, but also as a behavioral intervention aimed at challenging maladaptive beliefs, reducing fear, and fostering movement confidence."", ""mechanism_note"": ""Exercise is asserted to affect psychological outcomes, but no mechanism is specified."", ""section_located"": ""conclusion"", ""evidence_basis"": ""theorized""}"
F009_41356326,DeepSeek-V4-Flash,deepseek/deepseek-v4-flash,domain_evidence,0,biological,biological,"Loaded exercises may induce adaptations across multiple, interrelated domains. They have been associated with greater gains in muscle strength, soft tissue capacity, cartilage turnover, as well as enhanced neurochemical responses which have been linked to increases in pain thresholds","{""domain"": ""biological"", ""coverage_level"": ""elaborated"", ""constructs_named"": [""muscle strength"", ""back muscle endurance"", ""maximal strength"", ""neuromuscular adaptations"", ""tissue pathology"", ""cartilage turnover"", ""neurochemical responses"", ""pain thresholds""], ""evidence_verbatim"": ""Loaded exercises may induce adaptations across multiple, interrelated domains. They have been associated with greater gains in muscle strength, soft tissue capacity, cartilage turnover, as well as enhanced neurochemical responses which have been linked to increases in pain thresholds"", ""section_located"": ""introduction""}"
F009_41356326,DeepSeek-V4-Flash,deepseek/deepseek-v4-flash,domain_evidence,1,psychological,psychological,"Secondary outcomes included physical performance metrics (muscle endurance, maximal strength) and psychosocial variables (fear-avoidance, kinesiophobia, and pain catastrophizing).","{""domain"": ""psychological"", ""coverage_level"": ""mentioned"", ""constructs_named"": [""fear-avoidance beliefs"", ""pain catastrophizing"", ""kinesiophobia"", ""pain-related beliefs"", ""self-efficacy""], ""evidence_verbatim"": ""Secondary outcomes included physical performance metrics (muscle endurance, maximal strength) and psychosocial variables (fear-avoidance, kinesiophobia, and pain catastrophizing)."", ""section_located"": ""abstract""}"
F009_41356326,DeepSeek-V4-Flash,deepseek/deepseek-v4-flash,psychological_concepts,0,fear-avoidance beliefs,fear-avoidance beliefs,"Psychosocial outcomes included fear-avoidance beliefs related to physical activity (Physical Activity subscale of the Fear-Avoidance Beliefs Questionnaire, FABQ-PA)","{""concept_label"": ""fear-avoidance beliefs"", ""definitional_status"": ""operationalized_only"", ""definition_verbatim"": ""Psychosocial outcomes included fear-avoidance beliefs related to physical activity (Physical Activity subscale of the Fear-Avoidance Beliefs Questionnaire, FABQ-PA)"", ""section_located"": ""methods""}"
F009_41356326,DeepSeek-V4-Flash,deepseek/deepseek-v4-flash,psychological_concepts,1,pain catastrophizing,pain catastrophizing,"pain catastrophizing (Pain Catastrophizing Scale, PCS)","{""concept_label"": ""pain catastrophizing"", ""definitional_status"": ""operationalized_only"", ""definition_verbatim"": ""pain catastrophizing (Pain Catastrophizing Scale, PCS)"", ""section_located"": ""methods""}"
F009_41356326,DeepSeek-V4-Flash,deepseek/deepseek-v4-flash,psychological_concepts,2,kinesiophobia,kinesiophobia,"kinesiophobia (Tampa Scale of Kinesiophobia, TSK)","{""concept_label"": ""kinesiophobia"", ""definitional_status"": ""operationalized_only"", ""definition_verbatim"": ""kinesiophobia (Tampa Scale of Kinesiophobia, TSK)"", ""section_located"": ""methods""}"
F009_41356326,DeepSeek-V4-Flash,deepseek/deepseek-v4-flash,theoretical_frameworks,0,biopsychosocial model,biopsychosocial model,This paradigm shift has supported the adoption of the biopsychosocial (BPS) model as the best practice for its understanding and management.,"{""framework_label"": ""biopsychosocial model"", ""role"": ""mentioned in passing"", ""framework_verbatim"": ""This paradigm shift has supported the adoption of the biopsychosocial (BPS) model as the best practice for its understanding and management.""}"
F009_41356326,DeepSeek-V4-Flash,deepseek/deepseek-v4-flash,theoretical_frameworks,1,Fitness-Fatigue model,fitness-fatigue model,potentially reflecting a delayed recovery of physical capacity consistent with the Fitness-Fatigue model,"{""framework_label"": ""Fitness-Fatigue model"", ""role"": ""mentioned in passing"", ""framework_verbatim"": ""potentially reflecting a delayed recovery of physical capacity consistent with the Fitness-Fatigue model""}"
F009_41356326,DeepSeek-V4-Flash,deepseek/deepseek-v4-flash,conceptual_problems,0,missing_social,missing_social,"In line with the multifactorial nature of chronic pain, improvements appear driven more by exposure, adherence and therapeutic context than by load intensity alone.","{""problem_type"": ""missing_social"", ""problem_verbatim"": ""In line with the multifactorial nature of chronic pain, improvements appear driven more by exposure, adherence and therapeutic context than by load intensity alone."", ""note"": ""Social domain is absent despite BPS language; therapeutic context is mentioned but not elaborated.""}"
F009_41356326,DeepSeek-V4-Flash,deepseek/deepseek-v4-flash,conceptual_problems,1,parallel_listing_without_integration,parallel_listing_without_integration,"chronic NS-LBP is now widely recognized as a multifactorial condition in which pain and disability arise from dynamic interactions among biological, psychological, and social factors","{""problem_type"": ""parallel_listing_without_integration"", ""problem_verbatim"": ""chronic NS-LBP is now widely recognized as a multifactorial condition in which pain and disability arise from dynamic interactions among biological, psychological, and social factors"", ""note"": ""BPS is invoked but only biological and psychological domains are substantively covered.""}"
F009_41356326,DeepSeek-V4-Flash,deepseek/deepseek-v4-flash,key_quotes,0,clinical or applied,clinical or applied,"In line with the multifactorial nature of chronic pain, improvements appear driven more by exposure, adherence and therapeutic context than by load intensity alone.","{""claim_verbatim"": ""In line with the multifactorial nature of chronic pain, improvements appear driven more by exposure, adherence and therapeutic context than by load intensity alone."", ""claim_type"": ""clinical or applied"", ""section_located"": ""abstract"", ""why_it_matters"": ""Summarizes the review's main clinical interpretation, emphasizing context over load.""}"
F009_41356326,DeepSeek-V4-Flash,deepseek/deepseek-v4-flash,key_quotes,1,critical or problematizing,critical or problematizing,The underreporting of psychosocial outcomes likely reflects the historical dominance of biomechanical perspectives in LBP research,"{""claim_verbatim"": ""The underreporting of psychosocial outcomes likely reflects the historical dominance of biomechanical perspectives in LBP research"", ""claim_type"": ""critical or problematizing"", ""section_located"": ""discussion"", ""why_it_matters"": ""Identifies a structural gap in the literature that limits BPS operationalization.""}"
F009_41356326,DeepSeek-V4-Flash,deepseek/deepseek-v4-flash,key_quotes,2,clinical or applied,clinical or applied,"Exercise should not be prescribed merely to restore physical capacity, but also as a behavioral intervention aimed at challenging maladaptive beliefs, reducing fear, and fostering movement confidence.","{""claim_verbatim"": ""Exercise should not be prescribed merely to restore physical capacity, but also as a behavioral intervention aimed at challenging maladaptive beliefs, reducing fear, and fostering movement confidence."", ""claim_type"": ""clinical or applied"", ""section_located"": ""conclusion"", ""why_it_matters"": ""Articulates a BPS-informed exercise rationale, though social domain is absent.""}"
F010_41221343,DeepSeek-V4-Flash,deepseek/deepseek-v4-flash,integration_claims,0,bio_psych,bio_psych,"Psychological and social factors (stress, catastrophizing, inactivity) further amplify pain through neuroimmune and central pathways","{""domains_linked"": ""bio_psych"", ""integration_level"": ""directional"", ""claim_verbatim"": ""Psychological and social factors (stress, catastrophizing, inactivity) further amplify pain through neuroimmune and central pathways"", ""mechanism_note"": ""Psychological factors amplify pain via neuroimmune and central pathways, but no specific mediator is named."", ""section_located"": ""discussion"", ""evidence_basis"": ""asserted""}"
F010_41221343,DeepSeek-V4-Flash,deepseek/deepseek-v4-flash,integration_claims,1,triadic,triadic,"Fascial pathology (densification, fibrosis, inflammation) generates localized nociceptive input. ... Psychosocial influences (stress, catastrophizing, maladaptive coping) sustain and exacerbate pain.","{""domains_linked"": ""triadic"", ""integration_level"": ""mentioned"", ""claim_verbatim"": ""Fascial pathology (densification, fibrosis, inflammation) generates localized nociceptive input. ... Psychosocial influences (stress, catastrophizing, maladaptive coping) sustain and exacerbate pain."", ""mechanism_note"": ""Biological and psychological domains are listed as parallel contributors; social is subsumed under psychosocial influences with no separate pathway."", ""section_located"": ""discussion"", ""evidence_basis"": ""asserted""}"
F010_41221343,DeepSeek-V4-Flash,deepseek/deepseek-v4-flash,domain_evidence,0,biological,biological,"Pathological alterations such as densification, fibrosis, and inflammation may generate nociceptive input and sustain persistent symptoms.","{""domain"": ""biological"", ""coverage_level"": ""elaborated"", ""constructs_named"": [""densification"", ""fibrosis"", ""inflammation"", ""nociceptors"", ""sympathetic fibers"", ""mechanotransduction"", ""yap/taz signaling"", ""tgf-β1""], ""evidence_verbatim"": ""Pathological alterations such as densification, fibrosis, and inflammation may generate nociceptive input and sustain persistent symptoms."", ""section_located"": ""abstract""}"
F010_41221343,DeepSeek-V4-Flash,deepseek/deepseek-v4-flash,domain_evidence,1,psychological,psychological,"Psychological stress, mood disturbances, catastrophizing, and maladaptive coping strategies have been shown to worsen symptom severity and functional impact","{""domain"": ""psychological"", ""coverage_level"": ""mentioned"", ""constructs_named"": [""stress"", ""catastrophizing"", ""maladaptive coping"", ""mood disturbances""], ""evidence_verbatim"": ""Psychological stress, mood disturbances, catastrophizing, and maladaptive coping strategies have been shown to worsen symptom severity and functional impact"", ""section_located"": ""introduction""}"
F010_41221343,DeepSeek-V4-Flash,deepseek/deepseek-v4-flash,domain_evidence,2,social,social,"Psychosocial influences (stress, catastrophizing, maladaptive coping) sustain and exacerbate pain.","{""domain"": ""social"", ""coverage_level"": ""minimal"", ""constructs_named"": [""psychosocial influences"", ""psychosocial factors""], ""evidence_verbatim"": ""Psychosocial influences (stress, catastrophizing, maladaptive coping) sustain and exacerbate pain."", ""section_located"": ""discussion""}"
F010_41221343,DeepSeek-V4-Flash,deepseek/deepseek-v4-flash,psychological_concepts,0,stress,stress,,"{""concept_label"": ""stress"", ""definitional_status"": ""named_only"", ""definition_verbatim"": """", ""section_located"": ""introduction""}"
F010_41221343,DeepSeek-V4-Flash,deepseek/deepseek-v4-flash,psychological_concepts,1,catastrophizing,catastrophizing,,"{""concept_label"": ""catastrophizing"", ""definitional_status"": ""named_only"", ""definition_verbatim"": """", ""section_located"": ""introduction""}"
F010_41221343,DeepSeek-V4-Flash,deepseek/deepseek-v4-flash,psychological_concepts,2,maladaptive coping,maladaptive coping,,"{""concept_label"": ""maladaptive coping"", ""definitional_status"": ""named_only"", ""definition_verbatim"": """", ""section_located"": ""introduction""}"
F010_41221343,DeepSeek-V4-Flash,deepseek/deepseek-v4-flash,psychological_concepts,3,mood disturbances,mood disturbances,,"{""concept_label"": ""mood disturbances"", ""definitional_status"": ""named_only"", ""definition_verbatim"": """", ""section_located"": ""introduction""}"
F010_41221343,DeepSeek-V4-Flash,deepseek/deepseek-v4-flash,theoretical_frameworks,0,integrated hypothesis,integrated hypothesis,This concept was first formalized as the 'integrated hypothesis' by Simons in 2004.,"{""framework_label"": ""integrated hypothesis"", ""role"": ""mentioned in passing"", ""framework_verbatim"": ""This concept was first formalized as the 'integrated hypothesis' by Simons in 2004.""}"
F010_41221343,DeepSeek-V4-Flash,deepseek/deepseek-v4-flash,theoretical_frameworks,1,biopsychosocial model,biopsychosocial model,"This biopsychosocial understanding explains some variability in clinical presentations, but does not fully clarify the structural basis of peripheral nociception in MPS.","{""framework_label"": ""biopsychosocial model"", ""role"": ""mentioned in passing"", ""framework_verbatim"": ""This biopsychosocial understanding explains some variability in clinical presentations, but does not fully clarify the structural basis of peripheral nociception in MPS.""}"
F010_41221343,DeepSeek-V4-Flash,deepseek/deepseek-v4-flash,conceptual_problems,0,missing_social,missing_social,Psychosocial dimensions of MPS remain underexplored in fascia-focused literature.,"{""problem_type"": ""missing_social"", ""problem_verbatim"": ""Psychosocial dimensions of MPS remain underexplored in fascia-focused literature."", ""note"": ""The paper acknowledges that social factors are not substantively addressed.""}"
F010_41221343,DeepSeek-V4-Flash,deepseek/deepseek-v4-flash,conceptual_problems,1,parallel_listing_without_integration,parallel_listing_without_integration,"Fascial pathology (densification, fibrosis, inflammation) generates localized nociceptive input. ... Psychosocial influences (stress, catastrophizing, maladaptive coping) sustain and exacerbate pain.","{""problem_type"": ""parallel_listing_without_integration"", ""problem_verbatim"": ""Fascial pathology (densification, fibrosis, inflammation) generates localized nociceptive input. ... Psychosocial influences (stress, catastrophizing, maladaptive coping) sustain and exacerbate pain."", ""note"": ""Domains are listed as separate bullet points with no relational mechanism.""}"
F010_41221343,DeepSeek-V4-Flash,deepseek/deepseek-v4-flash,key_quotes,0,integrative,integrative,"Integrating fascia into existing frameworks reconciles muscle-based and central sensitization models, providing a plausible substrate that initiates nociceptive signaling, perpetuates central adaptations, and interacts with psychosocial influences.","{""claim_verbatim"": ""Integrating fascia into existing frameworks reconciles muscle-based and central sensitization models, providing a plausible substrate that initiates nociceptive signaling, perpetuates central adaptations, and interacts with psychosocial influences."", ""claim_type"": ""integrative"", ""section_located"": ""abstract"", ""why_it_matters"": ""This is the paper's central integrative claim, but it remains at the level of assertion without specifying pathways.""}"
F010_41221343,DeepSeek-V4-Flash,deepseek/deepseek-v4-flash,key_quotes,1,critical or problematizing,critical or problematizing,"Psychosocial dimensions of MPS remain underexplored in fascia-focused literature. While fascia provides a compelling peripheral substrate, chronic pain invariably involves central and psychosocial contributions. Ignoring these domains risks replacing one reductionist model with another.","{""claim_verbatim"": ""Psychosocial dimensions of MPS remain underexplored in fascia-focused literature. While fascia provides a compelling peripheral substrate, chronic pain invariably involves central and psychosocial contributions. Ignoring these domains risks replacing one reductionist model with another."", ""claim_type"": ""critical or problematizing"", ""section_located"": ""discussion"", ""why_it_matters"": ""The paper self-critically acknowledges the risk of replacing one reductionist model with another.""}"
F011_41146083,DeepSeek-V4-Flash,deepseek/deepseek-v4-flash,integration_claims,0,psych_social,psych_social,Aroke and colleagues highlight a mediating effect of depression between perceived social status and pain severity in people suffering from CLBP,"{""domains_linked"": ""psych_social"", ""integration_level"": ""descriptive"", ""claim_verbatim"": ""Aroke and colleagues highlight a mediating effect of depression between perceived social status and pain severity in people suffering from CLBP"", ""mechanism_note"": ""Depression is described as a mediator between social status and pain severity, but no pathway is specified"", ""section_located"": ""results"", ""evidence_basis"": ""cited_from_other_work""}"
F011_41146083,DeepSeek-V4-Flash,deepseek/deepseek-v4-flash,integration_claims,1,psych_social,psych_social,perceived stress as a mediator linking household income and pain persistence,"{""domains_linked"": ""psych_social"", ""integration_level"": ""descriptive"", ""claim_verbatim"": ""perceived stress as a mediator linking household income and pain persistence"", ""mechanism_note"": ""Perceived stress is described as a mediator between income and pain, but no pathway is specified"", ""section_located"": ""results"", ""evidence_basis"": ""cited_from_other_work""}"
F011_41146083,DeepSeek-V4-Flash,deepseek/deepseek-v4-flash,integration_claims,2,bio_social,bio_social,"Adverse social experiences, such as rejection or social downgrading, can contribute to dysregulation of the immune and endocrine system functions or impair emotional processing, thereby increasing chronic pain risk","{""domains_linked"": ""bio_social"", ""integration_level"": ""descriptive"", ""claim_verbatim"": ""Adverse social experiences, such as rejection or social downgrading, can contribute to dysregulation of the immune and endocrine system functions or impair emotional processing, thereby increasing chronic pain risk"", ""mechanism_note"": ""Social experiences are linked to immune/endocrine dysregulation, but no specific pathway is detailed"", ""section_located"": ""introduction"", ""evidence_basis"": ""theorized""}"
F011_41146083,DeepSeek-V4-Flash,deepseek/deepseek-v4-flash,integration_claims,3,bio_social,bio_social,"BMI is partially shaped by social determinants, particularly disparities in access to healthy food and sport facilities, which are themselves influenced by economic insecurity and education level","{""domains_linked"": ""bio_social"", ""integration_level"": ""descriptive"", ""claim_verbatim"": ""BMI is partially shaped by social determinants, particularly disparities in access to healthy food and sport facilities, which are themselves influenced by economic insecurity and education level"", ""mechanism_note"": ""Social determinants are described as shaping BMI, but no pathway is specified"", ""section_located"": ""discussion"", ""evidence_basis"": ""theorized""}"
F011_41146083,DeepSeek-V4-Flash,deepseek/deepseek-v4-flash,domain_evidence,0,biological,biological,CLBP cannot be reduced to nociceptive activity or mechanisms such as central sensitisation,"{""domain"": ""biological"", ""coverage_level"": ""minimal"", ""constructs_named"": [""nociceptive activity"", ""central sensitisation"", ""body mass index"", ""obesity"", ""sleep quality"", ""tobacco consumption""], ""evidence_verbatim"": ""CLBP cannot be reduced to nociceptive activity or mechanisms such as central sensitisation"", ""section_located"": ""introduction""}"
F011_41146083,DeepSeek-V4-Flash,deepseek/deepseek-v4-flash,domain_evidence,1,psychological,psychological,"psychological constructs such as mental well-being, post-traumatic stress, fear avoidance, catastrophizing and personality traits, as well as depression and anxiety","{""domain"": ""psychological"", ""coverage_level"": ""mentioned"", ""constructs_named"": [""catastrophizing"", ""fear-avoidance"", ""fear of movement"", ""depression"", ""anxiety"", ""self-efficacy"", ""coping strategies"", ""perceived stress""], ""evidence_verbatim"": ""psychological constructs such as mental well-being, post-traumatic stress, fear avoidance, catastrophizing and personality traits, as well as depression and anxiety"", ""section_located"": ""results""}"
F011_41146083,DeepSeek-V4-Flash,deepseek/deepseek-v4-flash,domain_evidence,2,social,social,we identified 28 categories of social factors potentially associated with CLBP. These factors were organized into six domains spanning from individual-level influences to broader societal contexts,"{""domain"": ""social"", ""coverage_level"": ""elaborated"", ""constructs_named"": [""socio-demographic factors"", ""socio-occupational factors"", ""socio-environmental factors"", ""global health data"", ""psycho-social factors"", ""patient's experience of health care"", ""social support"", ""socioeconomic status""], ""evidence_verbatim"": ""we identified 28 categories of social factors potentially associated with CLBP. These factors were organized into six domains spanning from individual-level influences to broader societal contexts"", ""section_located"": ""abstract""}"
F011_41146083,DeepSeek-V4-Flash,deepseek/deepseek-v4-flash,psychological_concepts,0,catastrophizing,catastrophizing,,"{""concept_label"": ""catastrophizing"", ""definitional_status"": ""named_only"", ""definition_verbatim"": """", ""section_located"": ""introduction""}"
F011_41146083,DeepSeek-V4-Flash,deepseek/deepseek-v4-flash,psychological_concepts,1,fear-avoidance,fear-avoidance,,"{""concept_label"": ""fear-avoidance"", ""definitional_status"": ""named_only"", ""definition_verbatim"": """", ""section_located"": ""introduction""}"
F011_41146083,DeepSeek-V4-Flash,deepseek/deepseek-v4-flash,psychological_concepts,2,fear of movement,fear of movement,,"{""concept_label"": ""fear of movement"", ""definitional_status"": ""named_only"", ""definition_verbatim"": """", ""section_located"": ""introduction""}"
F011_41146083,DeepSeek-V4-Flash,deepseek/deepseek-v4-flash,psychological_concepts,3,depression,depression,,"{""concept_label"": ""depression"", ""definitional_status"": ""named_only"", ""definition_verbatim"": """", ""section_located"": ""results""}"
F011_41146083,DeepSeek-V4-Flash,deepseek/deepseek-v4-flash,psychological_concepts,4,anxiety,anxiety,,"{""concept_label"": ""anxiety"", ""definitional_status"": ""named_only"", ""definition_verbatim"": """", ""section_located"": ""results""}"
F011_41146083,DeepSeek-V4-Flash,deepseek/deepseek-v4-flash,psychological_concepts,5,self-efficacy,self-efficacy,,"{""concept_label"": ""self-efficacy"", ""definitional_status"": ""named_only"", ""definition_verbatim"": """", ""section_located"": ""results""}"
F011_41146083,DeepSeek-V4-Flash,deepseek/deepseek-v4-flash,psychological_concepts,6,coping strategies,coping strategies,,"{""concept_label"": ""coping strategies"", ""definitional_status"": ""named_only"", ""definition_verbatim"": """", ""section_located"": ""results""}"
F011_41146083,DeepSeek-V4-Flash,deepseek/deepseek-v4-flash,psychological_concepts,7,perceived stress,perceived stress,,"{""concept_label"": ""perceived stress"", ""definitional_status"": ""named_only"", ""definition_verbatim"": """", ""section_located"": ""results""}"
F011_41146083,DeepSeek-V4-Flash,deepseek/deepseek-v4-flash,theoretical_frameworks,0,biopsychosocial (BPS) model,biopsychosocial (bps) model,The biopsychosocial (BPS) model provides a theoretical framework for conceptualizing CLBP as the outcome of complex interactions between individuals and their environment,"{""framework_label"": ""biopsychosocial (BPS) model"", ""role"": ""organizing framework"", ""framework_verbatim"": ""The biopsychosocial (BPS) model provides a theoretical framework for conceptualizing CLBP as the outcome of complex interactions between individuals and their environment""}"
F011_41146083,DeepSeek-V4-Flash,deepseek/deepseek-v4-flash,theoretical_frameworks,1,Areas of Worklife model,areas of worklife model,"Buruck et al. explored the psychosocial risk factors included in the Areas of Worklife model (workload, job control, social support, reward, values or fairness)","{""framework_label"": ""Areas of Worklife model"", ""role"": ""mentioned in passing"", ""framework_verbatim"": ""Buruck et al. explored the psychosocial risk factors included in the Areas of Worklife model (workload, job control, social support, reward, values or fairness)""}"
F011_41146083,DeepSeek-V4-Flash,deepseek/deepseek-v4-flash,theoretical_frameworks,2,PROGRESS conceptual framework,progress conceptual framework,Social Determinants of Health (SDH) were investigated using the PROGRESS conceptual framework,"{""framework_label"": ""PROGRESS conceptual framework"", ""role"": ""mentioned in passing"", ""framework_verbatim"": ""Social Determinants of Health (SDH) were investigated using the PROGRESS conceptual framework""}"
F011_41146083,DeepSeek-V4-Flash,deepseek/deepseek-v4-flash,theoretical_frameworks,3,International Classification of Functioning (ICF),international classification of functioning (icf),social participation within the framework of the International Classification of Functioning (ICF),"{""framework_label"": ""International Classification of Functioning (ICF)"", ""role"": ""mentioned in passing"", ""framework_verbatim"": ""social participation within the framework of the International Classification of Functioning (ICF)""}"
F011_41146083,DeepSeek-V4-Flash,deepseek/deepseek-v4-flash,conceptual_problems,0,missing_biology,missing_biology,CLBP cannot be reduced to nociceptive activity or mechanisms such as central sensitisation,"{""problem_type"": ""missing_biology"", ""problem_verbatim"": ""CLBP cannot be reduced to nociceptive activity or mechanisms such as central sensitisation"", ""note"": ""Biological content is minimal; the paper focuses almost exclusively on social factors""}"
F011_41146083,DeepSeek-V4-Flash,deepseek/deepseek-v4-flash,conceptual_problems,1,parallel_listing_without_integration,parallel_listing_without_integration,"these dimensions are mostly kept separated, with a hierarchy that minimises the importance of social factors","{""problem_type"": ""parallel_listing_without_integration"", ""problem_verbatim"": ""these dimensions are mostly kept separated, with a hierarchy that minimises the importance of social factors"", ""note"": ""The paper itself lists social factors in parallel without integrating them with biological or psychological domains""}"
F011_41146083,DeepSeek-V4-Flash,deepseek/deepseek-v4-flash,conceptual_problems,2,tokenistic_bps,tokenistic_bps,"All of the included studies used a BPS model but we observed that while there might be a clear theoretical distinction between biological and PS factors, these two dimensions are often put together when considered at the level of the individual","{""problem_type"": ""tokenistic_bps"", ""problem_verbatim"": ""All of the included studies used a BPS model but we observed that while there might be a clear theoretical distinction between biological and PS factors, these two dimensions are often put together when considered at the level of the individual"", ""note"": ""BPS label is used but biological and psychological domains are not substantively integrated""}"
F011_41146083,DeepSeek-V4-Flash,deepseek/deepseek-v4-flash,key_quotes,0,definitional,definitional,The biopsychosocial (BPS) model provides a theoretical framework for conceptualizing CLBP as the outcome of complex interactions between individuals and their environment,"{""claim_verbatim"": ""The biopsychosocial (BPS) model provides a theoretical framework for conceptualizing CLBP as the outcome of complex interactions between individuals and their environment"", ""claim_type"": ""definitional"", ""section_located"": ""abstract"", ""why_it_matters"": ""Sets up the BPS model as the framing but the review only operationalizes social factors""}"
F011_41146083,DeepSeek-V4-Flash,deepseek/deepseek-v4-flash,key_quotes,1,critical or problematizing,critical or problematizing,"these dimensions are mostly kept separated, with a hierarchy that minimises the importance of social factors","{""claim_verbatim"": ""these dimensions are mostly kept separated, with a hierarchy that minimises the importance of social factors"", ""claim_type"": ""critical or problematizing"", ""section_located"": ""introduction"", ""why_it_matters"": ""Explicitly identifies the lack of integration as a problem in the literature""}"
F011_41146083,DeepSeek-V4-Flash,deepseek/deepseek-v4-flash,key_quotes,2,other,other,we identified 28 categories of social factors potentially associated with CLBP. These factors were organized into six domains spanning from individual-level influences to broader societal contexts,"{""claim_verbatim"": ""we identified 28 categories of social factors potentially associated with CLBP. These factors were organized into six domains spanning from individual-level influences to broader societal contexts"", ""claim_type"": ""other"", ""section_located"": ""abstract"", ""why_it_matters"": ""Core finding of the review: a comprehensive list of social factors but no integration with other domains""}"
F012_40624502,DeepSeek-V4-Flash,deepseek/deepseek-v4-flash,integration_claims,0,psych_social,psych_social,Participants noted that stigma and judgement from others could also result in pain.,"{""domains_linked"": ""psych_social"", ""integration_level"": ""descriptive"", ""claim_verbatim"": ""Participants noted that stigma and judgement from others could also result in pain."", ""mechanism_note"": ""Stigma and judgement are linked to pain, but no pathway specified."", ""section_located"": ""results"", ""evidence_basis"": ""empirically_supported""}"
F012_40624502,DeepSeek-V4-Flash,deepseek/deepseek-v4-flash,integration_claims,1,psych_social,psych_social,"These experiences raised a feeling of isolation, loneliness, disorientation, and marginalization. Many participants traced their experience of chronic pain to the experiences of migration and being strangers in a new land","{""domains_linked"": ""psych_social"", ""integration_level"": ""descriptive"", ""claim_verbatim"": ""These experiences raised a feeling of isolation, loneliness, disorientation, and marginalization. Many participants traced their experience of chronic pain to the experiences of migration and being strangers in a new land"", ""mechanism_note"": ""Migration experiences linked to psychological states and pain, no mechanism."", ""section_located"": ""results"", ""evidence_basis"": ""empirically_supported""}"
F012_40624502,DeepSeek-V4-Flash,deepseek/deepseek-v4-flash,integration_claims,2,psych_social,psych_social,"Participants associated the onset of their pain with traumatic life events... ""When you're in threat and your mind figures you can't get out, your body is going to do whatever it can to help you survive.""","{""domains_linked"": ""psych_social"", ""integration_level"": ""descriptive"", ""claim_verbatim"": ""Participants associated the onset of their pain with traumatic life events... \""When you're in threat and your mind figures you can't get out, your body is going to do whatever it can to help you survive.\"""", ""mechanism_note"": ""Trauma linked to pain via psychological threat response, but no detailed pathway."", ""section_located"": ""results"", ""evidence_basis"": ""empirically_supported""}"
F012_40624502,DeepSeek-V4-Flash,deepseek/deepseek-v4-flash,integration_claims,3,psych_social,psych_social,"The women described serving others too much and looking after other people's welfare more than their own as being harmful to themselves. They were stuck in a life full of requirements, unable to find an escape.","{""domains_linked"": ""psych_social"", ""integration_level"": ""descriptive"", ""claim_verbatim"": ""The women described serving others too much and looking after other people's welfare more than their own as being harmful to themselves. They were stuck in a life full of requirements, unable to find an escape."", ""mechanism_note"": ""Gender roles and caregiving linked to psychological burden and pain, no mechanism."", ""section_located"": ""results"", ""evidence_basis"": ""empirically_supported""}"
F012_40624502,DeepSeek-V4-Flash,deepseek/deepseek-v4-flash,domain_evidence,0,biological,biological,"The International Association for the Study of Pain (IASP) defines pain as ""an unpleasant sensory and emotional experience associated with, or resembling that associated with, actual or potential tissue damage""","{""domain"": ""biological"", ""coverage_level"": ""minimal"", ""constructs_named"": [""tissue damage"", ""physiological activity"", ""physical trauma""], ""evidence_verbatim"": ""The International Association for the Study of Pain (IASP) defines pain as \""an unpleasant sensory and emotional experience associated with, or resembling that associated with, actual or potential tissue damage\"""", ""section_located"": ""introduction""}"
F012_40624502,DeepSeek-V4-Flash,deepseek/deepseek-v4-flash,domain_evidence,1,psychological,psychological,"Participants associated the onset of their pain with traumatic life events... ""anxiety and stress lead to physical aches""","{""domain"": ""psychological"", ""coverage_level"": ""mentioned"", ""constructs_named"": [""emotional experience"", ""psychological consequences"", ""mental health issues"", ""anxiety"", ""stress"", ""depression""], ""evidence_verbatim"": ""Participants associated the onset of their pain with traumatic life events... \""anxiety and stress lead to physical aches\"""", ""section_located"": ""results""}"
F012_40624502,DeepSeek-V4-Flash,deepseek/deepseek-v4-flash,domain_evidence,2,social,social,"We developed eight categories of social dimensions that contribute to explaining chronic pain. These third order constructs were gender relations and gender inequity, stigmatization, discrimination, and marginalization based on social identity, adversities, harsh living and working conditions, high expectations regarding work or school, cultural and religious beliefs and values, loneliness, and lifestyle factors.","{""domain"": ""social"", ""coverage_level"": ""elaborated"", ""constructs_named"": [""gender relations and gender inequity"", ""stigmatization"", ""discrimination"", ""marginalization"", ""adversities"", ""harsh living and working conditions"", ""high expectations regarding work or school"", ""cultural and religious beliefs and values""], ""evidence_verbatim"": ""We developed eight categories of social dimensions that contribute to explaining chronic pain. These third order constructs were gender relations and gender inequity, stigmatization, discrimination, and marginalization based on social identity, adversities, harsh living and working conditions, high expectations regarding work or school, cultural and religious beliefs and values, loneliness, and lifestyle factors."", ""section_located"": ""abstract""}"
F012_40624502,DeepSeek-V4-Flash,deepseek/deepseek-v4-flash,psychological_concepts,0,emotional experience,emotional experience,,"{""concept_label"": ""emotional experience"", ""definitional_status"": ""named_only"", ""definition_verbatim"": """", ""section_located"": ""introduction""}"
F012_40624502,DeepSeek-V4-Flash,deepseek/deepseek-v4-flash,psychological_concepts,1,anxiety,anxiety,,"{""concept_label"": ""anxiety"", ""definitional_status"": ""named_only"", ""definition_verbatim"": """", ""section_located"": ""results""}"
F012_40624502,DeepSeek-V4-Flash,deepseek/deepseek-v4-flash,psychological_concepts,2,stress,stress,,"{""concept_label"": ""stress"", ""definitional_status"": ""named_only"", ""definition_verbatim"": """", ""section_located"": ""results""}"
F012_40624502,DeepSeek-V4-Flash,deepseek/deepseek-v4-flash,psychological_concepts,3,depression,depression,,"{""concept_label"": ""depression"", ""definitional_status"": ""named_only"", ""definition_verbatim"": """", ""section_located"": ""results""}"
F012_40624502,DeepSeek-V4-Flash,deepseek/deepseek-v4-flash,psychological_concepts,4,mental health issues,mental health issues,,"{""concept_label"": ""mental health issues"", ""definitional_status"": ""named_only"", ""definition_verbatim"": """", ""section_located"": ""results""}"
F012_40624502,DeepSeek-V4-Flash,deepseek/deepseek-v4-flash,theoretical_frameworks,0,biopsychosocial model of pain,biopsychosocial model of pain,"Scholars investigating chronic pain typically refer to the biopsychosocial model of pain. This model recognizes the complex etiologies of chronic pain including biomedical, psychological, and social influencing factors","{""framework_label"": ""biopsychosocial model of pain"", ""role"": ""mentioned in passing"", ""framework_verbatim"": ""Scholars investigating chronic pain typically refer to the biopsychosocial model of pain. This model recognizes the complex etiologies of chronic pain including biomedical, psychological, and social influencing factors""}"
F012_40624502,DeepSeek-V4-Flash,deepseek/deepseek-v4-flash,theoretical_frameworks,1,meta-ethnography,meta-ethnography,We chose meta-ethnography as a method to synthesize qualitative studies on chronic pain because the purpose of this review was to generate theoretical knowledge about social dimensions as an explanation for chronic pain from existing empirical studies.,"{""framework_label"": ""meta-ethnography"", ""role"": ""organizing framework"", ""framework_verbatim"": ""We chose meta-ethnography as a method to synthesize qualitative studies on chronic pain because the purpose of this review was to generate theoretical knowledge about social dimensions as an explanation for chronic pain from existing empirical studies.""}"
F012_40624502,DeepSeek-V4-Flash,deepseek/deepseek-v4-flash,conceptual_problems,0,missing_biology,missing_biology,"most studies address biomedical and psychological aspects, while neglecting the social dimension","{""problem_type"": ""missing_biology"", ""problem_verbatim"": ""most studies address biomedical and psychological aspects, while neglecting the social dimension"", ""note"": ""The paper itself focuses exclusively on social dimensions, with minimal biological content.""}"
F012_40624502,DeepSeek-V4-Flash,deepseek/deepseek-v4-flash,conceptual_problems,1,parallel_listing_without_integration,parallel_listing_without_integration,We developed eight categories of social dimensions that contribute to explaining chronic pain.,"{""problem_type"": ""parallel_listing_without_integration"", ""problem_verbatim"": ""We developed eight categories of social dimensions that contribute to explaining chronic pain."", ""note"": ""Social dimensions are listed as separate categories without integration among them or with other domains.""}"
F012_40624502,DeepSeek-V4-Flash,deepseek/deepseek-v4-flash,conceptual_problems,2,mechanistic_absence,mechanistic_absence,Our findings help confirm that there are relevant social dimensions that contribute to the chronicity of pain.,"{""problem_type"": ""mechanistic_absence"", ""problem_verbatim"": ""Our findings help confirm that there are relevant social dimensions that contribute to the chronicity of pain."", ""note"": ""No mechanisms or pathways are specified linking social dimensions to pain.""}"
F012_40624502,DeepSeek-V4-Flash,deepseek/deepseek-v4-flash,key_quotes,0,critical or problematizing,critical or problematizing,"Although the biopsychosocial model is well accepted, most studies address biomedical and psychological aspects, while neglecting the social dimension.","{""claim_verbatim"": ""Although the biopsychosocial model is well accepted, most studies address biomedical and psychological aspects, while neglecting the social dimension."", ""claim_type"": ""critical or problematizing"", ""section_located"": ""abstract"", ""why_it_matters"": ""Explicitly identifies the gap the paper aims to fill, confirming social domain neglect.""}"
F012_40624502,DeepSeek-V4-Flash,deepseek/deepseek-v4-flash,key_quotes,1,definitional,definitional,We developed eight categories of social dimensions that contribute to explaining chronic pain.,"{""claim_verbatim"": ""We developed eight categories of social dimensions that contribute to explaining chronic pain."", ""claim_type"": ""definitional"", ""section_located"": ""abstract"", ""why_it_matters"": ""Lists the social dimensions, but they are presented in parallel without integration.""}"
F012_40624502,DeepSeek-V4-Flash,deepseek/deepseek-v4-flash,key_quotes,2,critical or problematizing,critical or problematizing,"The social is often equated with the subjective/individual and subsumed under the category of the psychosocial, which is viewed exclusively from a psychological and not a sociological perspective","{""claim_verbatim"": ""The social is often equated with the subjective/individual and subsumed under the category of the psychosocial, which is viewed exclusively from a psychological and not a sociological perspective"", ""claim_type"": ""critical or problematizing"", ""section_located"": ""introduction"", ""why_it_matters"": ""Critiques the conflation of social with psychological in BPS literature.""}"
F013_40470451,DeepSeek-V4-Flash,deepseek/deepseek-v4-flash,domain_evidence,0,biological,biological,"The most common overlapping findings include advanced age, female gender, multiple pain sites, a history of pain, health comorbidities, poor sleep, heavy physical activity, insufficient physical activity, low education, and low income.","{""domain"": ""biological"", ""coverage_level"": ""mentioned"", ""constructs_named"": [""advanced age"", ""female gender"", ""multiple pain sites"", ""history of pain"", ""health comorbidities"", ""poor sleep"", ""heavy physical activity"", ""insufficient physical activity""], ""evidence_verbatim"": ""The most common overlapping findings include advanced age, female gender, multiple pain sites, a history of pain, health comorbidities, poor sleep, heavy physical activity, insufficient physical activity, low education, and low income."", ""section_located"": ""discussion""}"
F013_40470451,DeepSeek-V4-Flash,deepseek/deepseek-v4-flash,domain_evidence,1,psychological,psychological,"psychological factors such as depression; and social factors such as low education level, low household income, and living in rural areas.","{""domain"": ""psychological"", ""coverage_level"": ""mentioned"", ""constructs_named"": [""depression"", ""pain catastrophizing"", ""fear avoidance"", ""anxiety"", ""mental health""], ""evidence_verbatim"": ""psychological factors such as depression; and social factors such as low education level, low household income, and living in rural areas."", ""section_located"": ""discussion""}"
F013_40470451,DeepSeek-V4-Flash,deepseek/deepseek-v4-flash,domain_evidence,2,social,social,"Cultural barriers include language differences, gender inequalities, and a misperception of the emphasis on traditional medicine... Geographic barriers include community remoteness... Socioeconomic barriers include increased poverty and decreased education. System-level barriers... also play a considerable role.","{""domain"": ""social"", ""coverage_level"": ""elaborated"", ""constructs_named"": [""low education level"", ""low household income"", ""living in rural areas"", ""poverty"", ""gender inequalities"", ""cultural barriers"", ""language barriers"", ""geographic barriers""], ""evidence_verbatim"": ""Cultural barriers include language differences, gender inequalities, and a misperception of the emphasis on traditional medicine... Geographic barriers include community remoteness... Socioeconomic barriers include increased poverty and decreased education. System-level barriers... also play a considerable role."", ""section_located"": ""discussion""}"
F013_40470451,DeepSeek-V4-Flash,deepseek/deepseek-v4-flash,psychological_concepts,0,depression,depression,,"{""concept_label"": ""depression"", ""definitional_status"": ""named_only"", ""definition_verbatim"": """", ""section_located"": ""discussion""}"
F013_40470451,DeepSeek-V4-Flash,deepseek/deepseek-v4-flash,psychological_concepts,1,pain catastrophizing,pain catastrophizing,,"{""concept_label"": ""pain catastrophizing"", ""definitional_status"": ""named_only"", ""definition_verbatim"": """", ""section_located"": ""discussion""}"
F013_40470451,DeepSeek-V4-Flash,deepseek/deepseek-v4-flash,psychological_concepts,2,fear avoidance,fear avoidance,,"{""concept_label"": ""fear avoidance"", ""definitional_status"": ""named_only"", ""definition_verbatim"": """", ""section_located"": ""discussion""}"
F013_40470451,DeepSeek-V4-Flash,deepseek/deepseek-v4-flash,psychological_concepts,3,anxiety,anxiety,,"{""concept_label"": ""anxiety"", ""definitional_status"": ""named_only"", ""definition_verbatim"": """", ""section_located"": ""discussion""}"
F013_40470451,DeepSeek-V4-Flash,deepseek/deepseek-v4-flash,conceptual_problems,0,tokenistic_bps,tokenistic_bps,"This review not only focuses on the potential of OMT for chronic musculoskeletal pain management in rural populations but also considers the broader landscape of innovative solutions, including telemedicine, to improve healthcare access and outcomes in these communities.","{""problem_type"": ""tokenistic_bps"", ""problem_verbatim"": ""This review not only focuses on the potential of OMT for chronic musculoskeletal pain management in rural populations but also considers the broader landscape of innovative solutions, including telemedicine, to improve healthcare access and outcomes in these communities."", ""note"": ""BPS label used in abstract but no substantive integration of domains.""}"
F013_40470451,DeepSeek-V4-Flash,deepseek/deepseek-v4-flash,conceptual_problems,1,parallel_listing_without_integration,parallel_listing_without_integration,"The most common overlapping findings include advanced age, female gender, multiple pain sites, a history of pain, health comorbidities, poor sleep, heavy physical activity, insufficient physical activity, low education, and low income.","{""problem_type"": ""parallel_listing_without_integration"", ""problem_verbatim"": ""The most common overlapping findings include advanced age, female gender, multiple pain sites, a history of pain, health comorbidities, poor sleep, heavy physical activity, insufficient physical activity, low education, and low income."", ""note"": ""Biological, psychological, and social factors listed as risk factors without relational claims.""}"
F013_40470451,DeepSeek-V4-Flash,deepseek/deepseek-v4-flash,key_quotes,0,clinical or applied,clinical or applied,"The hands-on, interpersonal nature of OMT not only targets the physical aspects of pain but also addresses underlying biopsychosocial factors such as anxiety and depression that are known to worsen the experience of pain","{""claim_verbatim"": ""The hands-on, interpersonal nature of OMT not only targets the physical aspects of pain but also addresses underlying biopsychosocial factors such as anxiety and depression that are known to worsen the experience of pain"", ""claim_type"": ""clinical or applied"", ""section_located"": ""introduction"", ""why_it_matters"": ""Shows the paper invokes BPS language but does not elaborate mechanisms linking domains.""}"
F013_40470451,DeepSeek-V4-Flash,deepseek/deepseek-v4-flash,key_quotes,1,other,other,"Secondary analysis of a Brazilian National Health Survey from 2019 identified biological factors associated with increased LBP... psychological factors such as depression; and social factors such as low education level, low household income, and living in rural areas.","{""claim_verbatim"": ""Secondary analysis of a Brazilian National Health Survey from 2019 identified biological factors associated with increased LBP... psychological factors such as depression; and social factors such as low education level, low household income, and living in rural areas."", ""claim_type"": ""other"", ""section_located"": ""discussion"", ""why_it_matters"": ""Exemplifies parallel listing of domains without integration.""}"
F014_40300000,DeepSeek-V4-Flash,deepseek/deepseek-v4-flash,integration_claims,0,psych_social,psych_social,"patients with higher perceived social support and social support satisfaction reported better scores on psychological outcomes, such as lower reported depressive symptoms and higher mental health quality of life.","{""domains_linked"": ""psych_social"", ""integration_level"": ""directional"", ""claim_verbatim"": ""patients with higher perceived social support and social support satisfaction reported better scores on psychological outcomes, such as lower reported depressive symptoms and higher mental health quality of life."", ""mechanism_note"": ""Direction asserted but no pathway specified between social support and psychological outcomes."", ""section_located"": ""conclusion"", ""evidence_basis"": ""empirically_supported""}"
F014_40300000,DeepSeek-V4-Flash,deepseek/deepseek-v4-flash,integration_claims,1,psych_social,psych_social,"Patients reporting greater spousal responses (solicitous, distracting and negative) also reported having more severe symptoms of pain intensity, interference/disability and depression.","{""domains_linked"": ""psych_social"", ""integration_level"": ""directional"", ""claim_verbatim"": ""Patients reporting greater spousal responses (solicitous, distracting and negative) also reported having more severe symptoms of pain intensity, interference/disability and depression."", ""mechanism_note"": ""Direction asserted but no pathway specified between spousal responses and depression."", ""section_located"": ""conclusion"", ""evidence_basis"": ""empirically_supported""}"
F014_40300000,DeepSeek-V4-Flash,deepseek/deepseek-v4-flash,integration_claims,2,psych_social,psych_social,"This theory posits that pain behaviours, while they may initially relate to the actual pain felt, are maintained by the environment (notably by spouse responses) via a process of operant learning after the termination of nociceptive stimulation","{""domains_linked"": ""psych_social"", ""integration_level"": ""mechanistic"", ""claim_verbatim"": ""This theory posits that pain behaviours, while they may initially relate to the actual pain felt, are maintained by the environment (notably by spouse responses) via a process of operant learning after the termination of nociceptive stimulation"", ""mechanism_note"": ""Operant conditioning: spouse responses reinforce pain behaviours through learning process."", ""section_located"": ""discussion"", ""evidence_basis"": ""theorized""}"
F014_40300000,DeepSeek-V4-Flash,deepseek/deepseek-v4-flash,domain_evidence,0,biological,biological,pain that endures beyond the expected duration of tissue healing,"{""domain"": ""biological"", ""coverage_level"": ""minimal"", ""constructs_named"": [""nociception"", ""tissue damage""], ""evidence_verbatim"": ""pain that endures beyond the expected duration of tissue healing"", ""section_located"": ""introduction""}"
F014_40300000,DeepSeek-V4-Flash,deepseek/deepseek-v4-flash,domain_evidence,1,psychological,psychological,We found that perceived social support was positively associated with quality of life and negatively associated with depression.,"{""domain"": ""psychological"", ""coverage_level"": ""elaborated"", ""constructs_named"": [""depression"", ""anxiety"", ""pain behaviour"", ""coping"", ""stress appraisal"", ""cognitive biases"", ""operant learning""], ""evidence_verbatim"": ""We found that perceived social support was positively associated with quality of life and negatively associated with depression."", ""section_located"": ""abstract""}"
F014_40300000,DeepSeek-V4-Flash,deepseek/deepseek-v4-flash,domain_evidence,2,social,social,"SS is a multi-faceted and complex concept. It can be defined as a resource encompassing material assistance, such as financial aid, and immaterial help, like emotional support.","{""domain"": ""social"", ""coverage_level"": ""elaborated"", ""constructs_named"": [""perceived social support"", ""social support satisfaction"", ""spousal responses"", ""solicitous responses"", ""punishing responses"", ""distracting responses"", ""marital satisfaction""], ""evidence_verbatim"": ""SS is a multi-faceted and complex concept. It can be defined as a resource encompassing material assistance, such as financial aid, and immaterial help, like emotional support."", ""section_located"": ""introduction""}"
F014_40300000,DeepSeek-V4-Flash,deepseek/deepseek-v4-flash,psychological_concepts,0,depression,depression,Higher scores for depression or anxiety indicate that the person feels more depressed or anxious.,"{""concept_label"": ""depression"", ""definitional_status"": ""operationalized_only"", ""definition_verbatim"": ""Higher scores for depression or anxiety indicate that the person feels more depressed or anxious."", ""section_located"": ""methods""}"
F014_40300000,DeepSeek-V4-Flash,deepseek/deepseek-v4-flash,psychological_concepts,1,anxiety,anxiety,Higher scores for depression or anxiety indicate that the person feels more depressed or anxious.,"{""concept_label"": ""anxiety"", ""definitional_status"": ""operationalized_only"", ""definition_verbatim"": ""Higher scores for depression or anxiety indicate that the person feels more depressed or anxious."", ""section_located"": ""methods""}"
F014_40300000,DeepSeek-V4-Flash,deepseek/deepseek-v4-flash,psychological_concepts,2,pain behaviour,pain behaviour,,"{""concept_label"": ""pain behaviour"", ""definitional_status"": ""named_only"", ""definition_verbatim"": """", ""section_located"": ""introduction""}"
F014_40300000,DeepSeek-V4-Flash,deepseek/deepseek-v4-flash,psychological_concepts,3,coping,coping,,"{""concept_label"": ""coping"", ""definitional_status"": ""named_only"", ""definition_verbatim"": """", ""section_located"": ""introduction""}"
F014_40300000,DeepSeek-V4-Flash,deepseek/deepseek-v4-flash,psychological_concepts,4,stress appraisal,stress appraisal,,"{""concept_label"": ""stress appraisal"", ""definitional_status"": ""named_only"", ""definition_verbatim"": """", ""section_located"": ""introduction""}"
F014_40300000,DeepSeek-V4-Flash,deepseek/deepseek-v4-flash,psychological_concepts,5,cognitive biases,cognitive biases,,"{""concept_label"": ""cognitive biases"", ""definitional_status"": ""named_only"", ""definition_verbatim"": """", ""section_located"": ""discussion""}"
F014_40300000,DeepSeek-V4-Flash,deepseek/deepseek-v4-flash,psychological_concepts,6,operant learning,operant learning,"This theory posits that pain behaviours, while they may initially relate to the actual pain felt, are maintained by the environment (notably by spouse responses) via a process of operant learning after the termination of nociceptive stimulation","{""concept_label"": ""operant learning"", ""definitional_status"": ""formally_defined"", ""definition_verbatim"": ""This theory posits that pain behaviours, while they may initially relate to the actual pain felt, are maintained by the environment (notably by spouse responses) via a process of operant learning after the termination of nociceptive stimulation"", ""section_located"": ""discussion""}"
F014_40300000,DeepSeek-V4-Flash,deepseek/deepseek-v4-flash,theoretical_frameworks,0,biopsychosocial model,biopsychosocial model,The biopsychosocial model is widely used to explain chronic pain conditions.,"{""framework_label"": ""biopsychosocial model"", ""role"": ""organizing framework"", ""framework_verbatim"": ""The biopsychosocial model is widely used to explain chronic pain conditions.""}"
F014_40300000,DeepSeek-V4-Flash,deepseek/deepseek-v4-flash,theoretical_frameworks,1,main effect model,main effect model,"The 'main' effect model suggests that greater support promotes overall health, reducing the risk of illness.","{""framework_label"": ""main effect model"", ""role"": ""mentioned in passing"", ""framework_verbatim"": ""The 'main' effect model suggests that greater support promotes overall health, reducing the risk of illness.""}"
F014_40300000,DeepSeek-V4-Flash,deepseek/deepseek-v4-flash,theoretical_frameworks,2,stress-buffering model,stress-buffering model,"The 'stress-buffering' model suggests that support alleviates stress, lowering the likelihood of illness or expediting recovery after adversity","{""framework_label"": ""stress-buffering model"", ""role"": ""mentioned in passing"", ""framework_verbatim"": ""The 'stress-buffering' model suggests that support alleviates stress, lowering the likelihood of illness or expediting recovery after adversity""}"
F014_40300000,DeepSeek-V4-Flash,deepseek/deepseek-v4-flash,theoretical_frameworks,3,operant conditioning theory of chronic pain,operant conditioning theory of chronic pain,"This theory posits that pain behaviours, while they may initially relate to the actual pain felt, are maintained by the environment (notably by spouse responses) via a process of operant learning after the termination of nociceptive stimulation","{""framework_label"": ""operant conditioning theory of chronic pain"", ""role"": ""mentioned in passing"", ""framework_verbatim"": ""This theory posits that pain behaviours, while they may initially relate to the actual pain felt, are maintained by the environment (notably by spouse responses) via a process of operant learning after the termination of nociceptive stimulation""}"
F014_40300000,DeepSeek-V4-Flash,deepseek/deepseek-v4-flash,conceptual_problems,0,missing_biology,missing_biology,"The biopsychosocial model is widely used to explain chronic pain conditions. Yet, the role of social aspects including social support is not clear.","{""problem_type"": ""missing_biology"", ""problem_verbatim"": ""The biopsychosocial model is widely used to explain chronic pain conditions. Yet, the role of social aspects including social support is not clear."", ""note"": ""Biological domain is minimal; paper focuses on social and psychological only.""}"
F014_40300000,DeepSeek-V4-Flash,deepseek/deepseek-v4-flash,conceptual_problems,1,parallel_listing_without_integration,parallel_listing_without_integration,The basic principle of this model is to consider the experience (of pain) as a cohesive entity and not only as a simple summation of sensory impulses,"{""problem_type"": ""parallel_listing_without_integration"", ""problem_verbatim"": ""The basic principle of this model is to consider the experience (of pain) as a cohesive entity and not only as a simple summation of sensory impulses"", ""note"": ""BPS invoked but domains are not integrated; social and psychological are linked, biology is absent.""}"
F014_40300000,DeepSeek-V4-Flash,deepseek/deepseek-v4-flash,key_quotes,0,critical or problematizing,critical or problematizing,"The biopsychosocial model is widely used to explain chronic pain conditions. Yet, the role of social aspects including social support is not clear.","{""claim_verbatim"": ""The biopsychosocial model is widely used to explain chronic pain conditions. Yet, the role of social aspects including social support is not clear."", ""claim_type"": ""critical or problematizing"", ""section_located"": ""abstract"", ""why_it_matters"": ""Shows the paper uses BPS language but focuses narrowly on social support.""}"
F014_40300000,DeepSeek-V4-Flash,deepseek/deepseek-v4-flash,key_quotes,1,theoretical,theoretical,"This theory posits that pain behaviours, while they may initially relate to the actual pain felt, are maintained by the environment (notably by spouse responses) via a process of operant learning after the termination of nociceptive stimulation","{""claim_verbatim"": ""This theory posits that pain behaviours, while they may initially relate to the actual pain felt, are maintained by the environment (notably by spouse responses) via a process of operant learning after the termination of nociceptive stimulation"", ""claim_type"": ""theoretical"", ""section_located"": ""discussion"", ""why_it_matters"": ""Only mechanistic claim in the paper, linking social and psychological domains.""}"
F014_40300000,DeepSeek-V4-Flash,deepseek/deepseek-v4-flash,key_quotes,2,clinical or applied,clinical or applied,We found that perceived social support was positively associated with quality of life and negatively associated with depression.,"{""claim_verbatim"": ""We found that perceived social support was positively associated with quality of life and negatively associated with depression."", ""claim_type"": ""clinical or applied"", ""section_located"": ""abstract"", ""why_it_matters"": ""Core finding: social support linked to psychological outcomes, not biological ones.""}"
F015_40276470,DeepSeek-V4-Flash,deepseek/deepseek-v4-flash,integration_claims,0,bio_psych,bio_psych,Abnormal signals known as the vestibulo-thalamo-cortical reflex are transmitted from the vestibular nuclei complex. This reflex is important in the development of cognitive dysfunction.,"{""domains_linked"": ""bio_psych"", ""integration_level"": ""directional"", ""claim_verbatim"": ""Abnormal signals known as the vestibulo-thalamo-cortical reflex are transmitted from the vestibular nuclei complex. This reflex is important in the development of cognitive dysfunction."", ""mechanism_note"": ""Vestibular reflex activity is asserted to cause cognitive dysfunction, but no pathway is specified."", ""section_located"": ""results"", ""evidence_basis"": ""theorized""}"
F015_40276470,DeepSeek-V4-Flash,deepseek/deepseek-v4-flash,integration_claims,1,bio_psych,bio_psych,"Vestibular impairment is associated with an increased risk of, among others, cognitive comorbidity.","{""domains_linked"": ""bio_psych"", ""integration_level"": ""directional"", ""claim_verbatim"": ""Vestibular impairment is associated with an increased risk of, among others, cognitive comorbidity."", ""mechanism_note"": ""Association asserted without mechanism."", ""section_located"": ""results"", ""evidence_basis"": ""cited_from_other_work""}"
F015_40276470,DeepSeek-V4-Flash,deepseek/deepseek-v4-flash,domain_evidence,0,biological,biological,BPPV is caused by free-floating otoliths or debris in the SCCs. These otoliths or debris are dislocated from the otolith macula beds in the utricle.,"{""domain"": ""biological"", ""coverage_level"": ""elaborated"", ""constructs_named"": [""canalolithiasis"", ""cupulolithiasis"", ""vestibulo-ocular reflexes"", ""vestibulo-spinal reflexes"", ""vestibulo-thalamo-cortical reflex"", ""vestibulo-reticular reflexes"", ""myotatic spinal reflexes"", ""endolymphatic hydrops""], ""evidence_verbatim"": ""BPPV is caused by free-floating otoliths or debris in the SCCs. These otoliths or debris are dislocated from the otolith macula beds in the utricle."", ""section_located"": ""introduction""}"
F015_40276470,DeepSeek-V4-Flash,deepseek/deepseek-v4-flash,domain_evidence,1,psychological,psychological,60–80% of patients suffering from chronic mc-BPPV have occurrence of short-term memory and concentration difficulties.,"{""domain"": ""psychological"", ""coverage_level"": ""minimal"", ""constructs_named"": [""cognitive dysfunction"", ""cognitive difficulties"", ""concentration difficulties"", ""short-term memory difficulties""], ""evidence_verbatim"": ""60–80% of patients suffering from chronic mc-BPPV have occurrence of short-term memory and concentration difficulties."", ""section_located"": ""results""}"
F015_40276470,DeepSeek-V4-Flash,deepseek/deepseek-v4-flash,domain_evidence,2,social,social,,"{""domain"": ""social"", ""coverage_level"": ""absent"", ""constructs_named"": [], ""evidence_verbatim"": """", ""section_located"": ""unclear""}"
F015_40276470,DeepSeek-V4-Flash,deepseek/deepseek-v4-flash,psychological_concepts,0,cognitive dysfunction,cognitive dysfunction,,"{""concept_label"": ""cognitive dysfunction"", ""definitional_status"": ""named_only"", ""definition_verbatim"": """", ""section_located"": ""results""}"
F015_40276470,DeepSeek-V4-Flash,deepseek/deepseek-v4-flash,psychological_concepts,1,cognitive difficulties,cognitive difficulties,,"{""concept_label"": ""cognitive difficulties"", ""definitional_status"": ""named_only"", ""definition_verbatim"": """", ""section_located"": ""results""}"
F015_40276470,DeepSeek-V4-Flash,deepseek/deepseek-v4-flash,psychological_concepts,2,concentration difficulties,concentration difficulties,,"{""concept_label"": ""concentration difficulties"", ""definitional_status"": ""named_only"", ""definition_verbatim"": """", ""section_located"": ""results""}"
F015_40276470,DeepSeek-V4-Flash,deepseek/deepseek-v4-flash,psychological_concepts,3,short-term memory difficulties,short-term memory difficulties,,"{""concept_label"": ""short-term memory difficulties"", ""definitional_status"": ""named_only"", ""definition_verbatim"": """", ""section_located"": ""results""}"
F015_40276470,DeepSeek-V4-Flash,deepseek/deepseek-v4-flash,theoretical_frameworks,0,biopsychosocial model,biopsychosocial model,These symptoms are often considered to be biopsychosocial conditions due to a lack of objective findings,"{""framework_label"": ""biopsychosocial model"", ""role"": ""mentioned in passing"", ""framework_verbatim"": ""These symptoms are often considered to be biopsychosocial conditions due to a lack of objective findings""}"
F015_40276470,DeepSeek-V4-Flash,deepseek/deepseek-v4-flash,conceptual_problems,0,tokenistic_bps,tokenistic_bps,These symptoms are often considered to be biopsychosocial conditions due to a lack of objective findings,"{""problem_type"": ""tokenistic_bps"", ""problem_verbatim"": ""These symptoms are often considered to be biopsychosocial conditions due to a lack of objective findings"", ""note"": ""BPS label used dismissively, not as an analytic framework.""}"
F015_40276470,DeepSeek-V4-Flash,deepseek/deepseek-v4-flash,conceptual_problems,1,missing_social,missing_social,,"{""problem_type"": ""missing_social"", ""problem_verbatim"": """", ""note"": ""No social domain content anywhere in the review.""}"
F015_40276470,DeepSeek-V4-Flash,deepseek/deepseek-v4-flash,key_quotes,0,critical or problematizing,critical or problematizing,"These symptoms are often considered to be biopsychosocial conditions due to a lack of objective findings, that is, the absence of the findings one is looking for—not the absence of findings generally.","{""claim_verbatim"": ""These symptoms are often considered to be biopsychosocial conditions due to a lack of objective findings, that is, the absence of the findings one is looking for—not the absence of findings generally."", ""claim_type"": ""critical or problematizing"", ""section_located"": ""abstract"", ""why_it_matters"": ""Shows the paper uses BPS as a label for unexplained symptoms, not as an integrative model.""}"
F015_40276470,DeepSeek-V4-Flash,deepseek/deepseek-v4-flash,key_quotes,1,theoretical,theoretical,The symptomatology of mc-BPPV follows a basic neurophysiologic principle: a disorder in one part of the vestibular system often affects the functions of other parts of the vestibular system.,"{""claim_verbatim"": ""The symptomatology of mc-BPPV follows a basic neurophysiologic principle: a disorder in one part of the vestibular system often affects the functions of other parts of the vestibular system."", ""claim_type"": ""theoretical"", ""section_located"": ""abstract"", ""why_it_matters"": ""Core explanatory framework is purely biological, not biopsychosocial.""}"
F016_40248751,DeepSeek-V4-Flash,deepseek/deepseek-v4-flash,integration_claims,0,bio_psych,bio_psych,"Perceived stress can lead to stronger responses to pain due to the interconnectedness of pain pathways, emotional processing areas, and cognitive processing pathways in the brain.","{""domains_linked"": ""bio_psych"", ""integration_level"": ""directional"", ""claim_verbatim"": ""Perceived stress can lead to stronger responses to pain due to the interconnectedness of pain pathways, emotional processing areas, and cognitive processing pathways in the brain."", ""mechanism_note"": ""Stress (psychological) is asserted to increase pain responses via brain pathways, but no specific mediator is named."", ""section_located"": ""introduction"", ""evidence_basis"": ""theorized""}"
F016_40248751,DeepSeek-V4-Flash,deepseek/deepseek-v4-flash,integration_claims,1,bio_psych,bio_psych,Stress management methods may yield significant reductions in pain and pain-related drug use.,"{""domains_linked"": ""bio_psych"", ""integration_level"": ""directional"", ""claim_verbatim"": ""Stress management methods may yield significant reductions in pain and pain-related drug use."", ""mechanism_note"": ""Stress management (psychological) reduces pain (biological), direction asserted without pathway."", ""section_located"": ""introduction"", ""evidence_basis"": ""cited_from_other_work""}"
F016_40248751,DeepSeek-V4-Flash,deepseek/deepseek-v4-flash,integration_claims,2,bio_social,bio_social,One study showed that individuals with greater social disconnection had more trouble gaining pain relief as compared to individuals with greater social connectedness.,"{""domains_linked"": ""bio_social"", ""integration_level"": ""mentioned"", ""claim_verbatim"": ""One study showed that individuals with greater social disconnection had more trouble gaining pain relief as compared to individuals with greater social connectedness."", ""mechanism_note"": ""Social disconnection associated with less pain relief, but no direction or mechanism specified."", ""section_located"": ""introduction"", ""evidence_basis"": ""cited_from_other_work""}"
F016_40248751,DeepSeek-V4-Flash,deepseek/deepseek-v4-flash,integration_claims,3,psych_social,psych_social,having strong social support networks could help individuals reduce their stress levels and reduce pain perception in a nonpharmacological way.,"{""domains_linked"": ""psych_social"", ""integration_level"": ""mentioned"", ""claim_verbatim"": ""having strong social support networks could help individuals reduce their stress levels and reduce pain perception in a nonpharmacological way."", ""mechanism_note"": ""Social support reduces stress (psychological) and pain, but no pathway given."", ""section_located"": ""introduction"", ""evidence_basis"": ""cited_from_other_work""}"
F016_40248751,DeepSeek-V4-Flash,deepseek/deepseek-v4-flash,integration_claims,4,triadic,triadic,"The biopsychosocial model of pain acknowledges that pain experiences are shaped by an interplay between biological, psychological, and socio-environmental factors.","{""domains_linked"": ""triadic"", ""integration_level"": ""mentioned"", ""claim_verbatim"": ""The biopsychosocial model of pain acknowledges that pain experiences are shaped by an interplay between biological, psychological, and socio-environmental factors."", ""mechanism_note"": ""BPS model stated as interplay, but no specific three-domain mechanism is elaborated; biological is elaborated, psychological and social are mentioned."", ""section_located"": ""abstract"", ""evidence_basis"": ""asserted""}"
F016_40248751,DeepSeek-V4-Flash,deepseek/deepseek-v4-flash,domain_evidence,0,biological,biological,"Excess white adipose tissue is an active endocrine organ that produces leptin, tumor necrosis factor (TNF), and adipokines that induce cytokine release from T cells and recruit M1 macrophages to signal an inflammatory cascade.","{""domain"": ""biological"", ""coverage_level"": ""elaborated"", ""constructs_named"": [""inflammation"", ""obesity"", ""axonal regenerative capacity"", ""small fiber loss"", ""hyperalgesia"", ""leptin"", ""tnf"", ""adipokines""], ""evidence_verbatim"": ""Excess white adipose tissue is an active endocrine organ that produces leptin, tumor necrosis factor (TNF), and adipokines that induce cytokine release from T cells and recruit M1 macrophages to signal an inflammatory cascade."", ""section_located"": ""introduction""}"
F016_40248751,DeepSeek-V4-Flash,deepseek/deepseek-v4-flash,domain_evidence,1,psychological,psychological,"Perceived stress can lead to stronger responses to pain due to the interconnectedness of pain pathways, emotional processing areas, and cognitive processing pathways in the brain.","{""domain"": ""psychological"", ""coverage_level"": ""mentioned"", ""constructs_named"": [""stress"", ""mind-body stress reduction"", ""relaxation techniques"", ""mindfulness meditation"", ""anxiety"", ""fatigue"", ""emotional processing"", ""cognitive processing""], ""evidence_verbatim"": ""Perceived stress can lead to stronger responses to pain due to the interconnectedness of pain pathways, emotional processing areas, and cognitive processing pathways in the brain."", ""section_located"": ""introduction""}"
F016_40248751,DeepSeek-V4-Flash,deepseek/deepseek-v4-flash,domain_evidence,2,social,social,Social connections play an essential role in overall well-being. Lifestyle medicine emphasizes the importance of building and maintaining strong social bonds and connectedness to the community.,"{""domain"": ""social"", ""coverage_level"": ""mentioned"", ""constructs_named"": [""social connections"", ""social bonds"", ""social connectedness"", ""social disconnection"", ""social support networks"", ""health disparities"", ""health inequities"", ""social determinants""], ""evidence_verbatim"": ""Social connections play an essential role in overall well-being. Lifestyle medicine emphasizes the importance of building and maintaining strong social bonds and connectedness to the community."", ""section_located"": ""introduction""}"
F016_40248751,DeepSeek-V4-Flash,deepseek/deepseek-v4-flash,psychological_concepts,0,stress,stress,,"{""concept_label"": ""stress"", ""definitional_status"": ""named_only"", ""definition_verbatim"": """", ""section_located"": ""introduction""}"
F016_40248751,DeepSeek-V4-Flash,deepseek/deepseek-v4-flash,psychological_concepts,1,mind-body stress reduction,mind-body stress reduction,,"{""concept_label"": ""mind-body stress reduction"", ""definitional_status"": ""named_only"", ""definition_verbatim"": """", ""section_located"": ""introduction""}"
F016_40248751,DeepSeek-V4-Flash,deepseek/deepseek-v4-flash,psychological_concepts,2,relaxation techniques,relaxation techniques,,"{""concept_label"": ""relaxation techniques"", ""definitional_status"": ""named_only"", ""definition_verbatim"": """", ""section_located"": ""introduction""}"
F016_40248751,DeepSeek-V4-Flash,deepseek/deepseek-v4-flash,psychological_concepts,3,mindfulness meditation,mindfulness meditation,,"{""concept_label"": ""mindfulness meditation"", ""definitional_status"": ""named_only"", ""definition_verbatim"": """", ""section_located"": ""introduction""}"
F016_40248751,DeepSeek-V4-Flash,deepseek/deepseek-v4-flash,psychological_concepts,4,anxiety,anxiety,,"{""concept_label"": ""anxiety"", ""definitional_status"": ""named_only"", ""definition_verbatim"": """", ""section_located"": ""introduction""}"
F016_40248751,DeepSeek-V4-Flash,deepseek/deepseek-v4-flash,psychological_concepts,5,fatigue,fatigue,,"{""concept_label"": ""fatigue"", ""definitional_status"": ""named_only"", ""definition_verbatim"": """", ""section_located"": ""introduction""}"
F016_40248751,DeepSeek-V4-Flash,deepseek/deepseek-v4-flash,psychological_concepts,6,emotional processing,emotional processing,,"{""concept_label"": ""emotional processing"", ""definitional_status"": ""named_only"", ""definition_verbatim"": """", ""section_located"": ""introduction""}"
F016_40248751,DeepSeek-V4-Flash,deepseek/deepseek-v4-flash,psychological_concepts,7,cognitive processing,cognitive processing,,"{""concept_label"": ""cognitive processing"", ""definitional_status"": ""named_only"", ""definition_verbatim"": """", ""section_located"": ""introduction""}"
F016_40248751,DeepSeek-V4-Flash,deepseek/deepseek-v4-flash,psychological_concepts,8,behavioral change,behavioral change,,"{""concept_label"": ""behavioral change"", ""definitional_status"": ""named_only"", ""definition_verbatim"": """", ""section_located"": ""conclusion""}"
F016_40248751,DeepSeek-V4-Flash,deepseek/deepseek-v4-flash,psychological_concepts,9,health literacy,health literacy,,"{""concept_label"": ""health literacy"", ""definitional_status"": ""named_only"", ""definition_verbatim"": """", ""section_located"": ""conclusion""}"
F016_40248751,DeepSeek-V4-Flash,deepseek/deepseek-v4-flash,theoretical_frameworks,0,biopsychosocial model of pain,biopsychosocial model of pain,"The biopsychosocial model of pain acknowledges that pain experiences are shaped by an interplay between biological, psychological, and socio-environmental factors.","{""framework_label"": ""biopsychosocial model of pain"", ""role"": ""organizing framework"", ""framework_verbatim"": ""The biopsychosocial model of pain acknowledges that pain experiences are shaped by an interplay between biological, psychological, and socio-environmental factors.""}"
F016_40248751,DeepSeek-V4-Flash,deepseek/deepseek-v4-flash,theoretical_frameworks,1,lifestyle medicine,lifestyle medicine,Lifestyle medicine is an evidence-based approach to healthcare that aims to improve patient outcomes by implementing lifestyle changes.,"{""framework_label"": ""lifestyle medicine"", ""role"": ""organizing framework"", ""framework_verbatim"": ""Lifestyle medicine is an evidence-based approach to healthcare that aims to improve patient outcomes by implementing lifestyle changes.""}"
F016_40248751,DeepSeek-V4-Flash,deepseek/deepseek-v4-flash,conceptual_problems,0,missing_social,missing_social,Social connections play an essential role in overall well-being. Lifestyle medicine emphasizes the importance of building and maintaining strong social bonds and connectedness to the community.,"{""problem_type"": ""missing_social"", ""problem_verbatim"": ""Social connections play an essential role in overall well-being. Lifestyle medicine emphasizes the importance of building and maintaining strong social bonds and connectedness to the community."", ""note"": ""Social domain is mentioned only as a pillar, not developed with specific constructs or mechanisms.""}"
F016_40248751,DeepSeek-V4-Flash,deepseek/deepseek-v4-flash,conceptual_problems,1,parallel_listing_without_integration,parallel_listing_without_integration,"The biopsychosocial model of pain acknowledges that pain experiences are shaped by an interplay between biological, psychological, and socio-environmental factors.","{""problem_type"": ""parallel_listing_without_integration"", ""problem_verbatim"": ""The biopsychosocial model of pain acknowledges that pain experiences are shaped by an interplay between biological, psychological, and socio-environmental factors."", ""note"": ""BPS stated but domains are treated in parallel; biological is elaborated, psychological and social are only mentioned.""}"
F016_40248751,DeepSeek-V4-Flash,deepseek/deepseek-v4-flash,key_quotes,0,definitional,definitional,"The biopsychosocial model of pain acknowledges that pain experiences are shaped by an interplay between biological, psychological, and socio-environmental factors.","{""claim_verbatim"": ""The biopsychosocial model of pain acknowledges that pain experiences are shaped by an interplay between biological, psychological, and socio-environmental factors."", ""claim_type"": ""definitional"", ""section_located"": ""abstract"", ""why_it_matters"": ""This is the paper's only explicit BPS claim, but it is not operationalized beyond the biological domain.""}"
F016_40248751,DeepSeek-V4-Flash,deepseek/deepseek-v4-flash,key_quotes,1,theoretical,theoretical,"Excess white adipose tissue is an active endocrine organ that produces leptin, tumor necrosis factor (TNF), and adipokines that induce cytokine release from T cells and recruit M1 macrophages to signal an inflammatory cascade.","{""claim_verbatim"": ""Excess white adipose tissue is an active endocrine organ that produces leptin, tumor necrosis factor (TNF), and adipokines that induce cytokine release from T cells and recruit M1 macrophages to signal an inflammatory cascade."", ""claim_type"": ""theoretical"", ""section_located"": ""introduction"", ""why_it_matters"": ""Illustrates the elaborated biological content, which dominates the paper.""}"
F016_40248751,DeepSeek-V4-Flash,deepseek/deepseek-v4-flash,key_quotes,2,integrative,integrative,"Perceived stress can lead to stronger responses to pain due to the interconnectedness of pain pathways, emotional processing areas, and cognitive processing pathways in the brain.","{""claim_verbatim"": ""Perceived stress can lead to stronger responses to pain due to the interconnectedness of pain pathways, emotional processing areas, and cognitive processing pathways in the brain."", ""claim_type"": ""integrative"", ""section_located"": ""introduction"", ""why_it_matters"": ""The only directional bio-psych claim, but no mechanism is specified.""}"
F017_40101218,DeepSeek-V4-Flash,deepseek/deepseek-v4-flash,domain_evidence,0,biological,biological,"Sociodemographic (eg, age, sex, socioeconomic status), psychological (eg, anxiety, depression, beliefs about pain), and biological (eg, genetics, tissue damage, multimorbidity) variables have been associated with CP","{""domain"": ""biological"", ""coverage_level"": ""mentioned"", ""constructs_named"": [""genetics"", ""tissue damage"", ""multimorbidity"", ""obesity"", ""bmi"", ""physical disease comorbidities""], ""evidence_verbatim"": ""Sociodemographic (eg, age, sex, socioeconomic status), psychological (eg, anxiety, depression, beliefs about pain), and biological (eg, genetics, tissue damage, multimorbidity) variables have been associated with CP"", ""section_located"": ""introduction""}"
F017_40101218,DeepSeek-V4-Flash,deepseek/deepseek-v4-flash,domain_evidence,1,psychological,psychological,"Subjects with CP had a poor mental health. They reported depression (13%), sadness (32%), or anxiety (29%).","{""domain"": ""psychological"", ""coverage_level"": ""mentioned"", ""constructs_named"": [""anxiety"", ""depression"", ""beliefs about pain"", ""catastrophizing"", ""sleep problems"", ""demoralization"", ""irritable mood""], ""evidence_verbatim"": ""Subjects with CP had a poor mental health. They reported depression (13%), sadness (32%), or anxiety (29%)."", ""section_located"": ""results""}"
F017_40101218,DeepSeek-V4-Flash,deepseek/deepseek-v4-flash,domain_evidence,2,social,social,"Sociodemographic factors (eg, female sex, higher age, no partnership, lower education, unemployment) and clinical features (eg, medical diseases, mental disorders and burdens, healthcare utilization, functional impairment) were identified as being associated with CP.","{""domain"": ""social"", ""coverage_level"": ""mentioned"", ""constructs_named"": [""socioeconomic status"", ""education"", ""employment"", ""marital status"", ""social support"", ""family history"", ""ethnicity"", ""healthcare utilization""], ""evidence_verbatim"": ""Sociodemographic factors (eg, female sex, higher age, no partnership, lower education, unemployment) and clinical features (eg, medical diseases, mental disorders and burdens, healthcare utilization, functional impairment) were identified as being associated with CP."", ""section_located"": ""abstract""}"
F017_40101218,DeepSeek-V4-Flash,deepseek/deepseek-v4-flash,psychological_concepts,0,anxiety,anxiety,,"{""concept_label"": ""anxiety"", ""definitional_status"": ""named_only"", ""definition_verbatim"": """", ""section_located"": ""results""}"
F017_40101218,DeepSeek-V4-Flash,deepseek/deepseek-v4-flash,psychological_concepts,1,depression,depression,,"{""concept_label"": ""depression"", ""definitional_status"": ""named_only"", ""definition_verbatim"": """", ""section_located"": ""results""}"
F017_40101218,DeepSeek-V4-Flash,deepseek/deepseek-v4-flash,psychological_concepts,2,catastrophizing,catastrophizing,,"{""concept_label"": ""catastrophizing"", ""definitional_status"": ""named_only"", ""definition_verbatim"": """", ""section_located"": ""results""}"
F017_40101218,DeepSeek-V4-Flash,deepseek/deepseek-v4-flash,psychological_concepts,3,demoralization,demoralization,,"{""concept_label"": ""demoralization"", ""definitional_status"": ""named_only"", ""definition_verbatim"": """", ""section_located"": ""discussion""}"
F017_40101218,DeepSeek-V4-Flash,deepseek/deepseek-v4-flash,theoretical_frameworks,0,biopsychosocial model,biopsychosocial model,"The high prevalence and the characteristics of the associated features support the need for adequate, multicomponent care paths to manage CP based on a comprehensive biopsychosocial model.","{""framework_label"": ""biopsychosocial model"", ""role"": ""mentioned in passing"", ""framework_verbatim"": ""The high prevalence and the characteristics of the associated features support the need for adequate, multicomponent care paths to manage CP based on a comprehensive biopsychosocial model.""}"
F017_40101218,DeepSeek-V4-Flash,deepseek/deepseek-v4-flash,conceptual_problems,0,tokenistic_bps,tokenistic_bps,"The high prevalence and the characteristics of the associated features support the need for adequate, multicomponent care paths to manage CP based on a comprehensive biopsychosocial model.","{""problem_type"": ""tokenistic_bps"", ""problem_verbatim"": ""The high prevalence and the characteristics of the associated features support the need for adequate, multicomponent care paths to manage CP based on a comprehensive biopsychosocial model."", ""note"": ""BPS label used only in conclusion; no integration of domains in the review.""}"
F017_40101218,DeepSeek-V4-Flash,deepseek/deepseek-v4-flash,conceptual_problems,1,parallel_listing_without_integration,parallel_listing_without_integration,"Sociodemographic (eg, age, sex, socioeconomic status), psychological (eg, anxiety, depression, beliefs about pain), and biological (eg, genetics, tissue damage, multimorbidity) variables have been associated with CP","{""problem_type"": ""parallel_listing_without_integration"", ""problem_verbatim"": ""Sociodemographic (eg, age, sex, socioeconomic status), psychological (eg, anxiety, depression, beliefs about pain), and biological (eg, genetics, tissue damage, multimorbidity) variables have been associated with CP"", ""note"": ""Domains listed in introduction but never related to each other.""}"
F017_40101218,DeepSeek-V4-Flash,deepseek/deepseek-v4-flash,key_quotes,0,clinical or applied,clinical or applied,"The high prevalence and the characteristics of the associated features support the need for adequate, multicomponent care paths to manage CP based on a comprehensive biopsychosocial model.","{""claim_verbatim"": ""The high prevalence and the characteristics of the associated features support the need for adequate, multicomponent care paths to manage CP based on a comprehensive biopsychosocial model."", ""claim_type"": ""clinical or applied"", ""section_located"": ""abstract"", ""why_it_matters"": ""Only explicit BPS reference; shows rhetorical use without operationalization.""}"
F017_40101218,DeepSeek-V4-Flash,deepseek/deepseek-v4-flash,key_quotes,1,definitional,definitional,"Sociodemographic (eg, age, sex, socioeconomic status), psychological (eg, anxiety, depression, beliefs about pain), and biological (eg, genetics, tissue damage, multimorbidity) variables have been associated with CP","{""claim_verbatim"": ""Sociodemographic (eg, age, sex, socioeconomic status), psychological (eg, anxiety, depression, beliefs about pain), and biological (eg, genetics, tissue damage, multimorbidity) variables have been associated with CP"", ""claim_type"": ""definitional"", ""section_located"": ""introduction"", ""why_it_matters"": ""Lists all three domains but no integration; exemplifies parallel listing.""}"
F018_39326720,DeepSeek-V4-Flash,deepseek/deepseek-v4-flash,integration_claims,0,bio_psych,bio_psych,"PIPT integrates physical, behavioral, and psychological treatment approaches to prevent and manage pain-related disability.","{""domains_linked"": ""bio_psych"", ""integration_level"": ""directional"", ""claim_verbatim"": ""PIPT integrates physical, behavioral, and psychological treatment approaches to prevent and manage pain-related disability."", ""mechanism_note"": ""Integration asserted but no pathway specified between biological and psychological domains."", ""section_located"": ""introduction"", ""evidence_basis"": ""asserted""}"
F018_39326720,DeepSeek-V4-Flash,deepseek/deepseek-v4-flash,integration_claims,1,bio_psych,bio_psych,"The model proposes that PIPT combines cognitive skill training with general aerobic activity, skilled prescription of therapeutic exercise, and graded return to functional movement by a physical therapist.","{""domains_linked"": ""bio_psych"", ""integration_level"": ""directional"", ""claim_verbatim"": ""The model proposes that PIPT combines cognitive skill training with general aerobic activity, skilled prescription of therapeutic exercise, and graded return to functional movement by a physical therapist."", ""mechanism_note"": ""Combination of cognitive and physical interventions asserted to improve outcomes, no mechanism."", ""section_located"": ""results"", ""evidence_basis"": ""theorized""}"
F018_39326720,DeepSeek-V4-Flash,deepseek/deepseek-v4-flash,integration_claims,2,psych_social,psych_social,Cultural beliefs and values influence engagement in physical activity and exercise interventions for the prevention and management of chronic health conditions.,"{""domains_linked"": ""psych_social"", ""integration_level"": ""directional"", ""claim_verbatim"": ""Cultural beliefs and values influence engagement in physical activity and exercise interventions for the prevention and management of chronic health conditions."", ""mechanism_note"": ""Cultural beliefs (social) influence engagement (psychological/behavioral), direction asserted."", ""section_located"": ""introduction"", ""evidence_basis"": ""cited_from_other_work""}"
F018_39326720,DeepSeek-V4-Flash,deepseek/deepseek-v4-flash,integration_claims,3,psych_social,psych_social,Sociological stressors including perceived injustice and racial/ethnic discrimination have also been shown to predict greater pain intensity and pain-related disability.,"{""domains_linked"": ""psych_social"", ""integration_level"": ""directional"", ""claim_verbatim"": ""Sociological stressors including perceived injustice and racial/ethnic discrimination have also been shown to predict greater pain intensity and pain-related disability."", ""mechanism_note"": ""Social stressors predict psychological and pain outcomes, direction asserted."", ""section_located"": ""results"", ""evidence_basis"": ""empirically_supported""}"
F018_39326720,DeepSeek-V4-Flash,deepseek/deepseek-v4-flash,integration_claims,4,bio_social,bio_social,"Physical stressors such as awkward postures, repetitive movements, and high work-rest ratios in manual labor jobs contribute to disproportionate rates of occupational injury and musculoskeletal pain in Hispanic/Latino workers.","{""domains_linked"": ""bio_social"", ""integration_level"": ""directional"", ""claim_verbatim"": ""Physical stressors such as awkward postures, repetitive movements, and high work-rest ratios in manual labor jobs contribute to disproportionate rates of occupational injury and musculoskeletal pain in Hispanic/Latino workers."", ""mechanism_note"": ""Occupational physical stressors (social context) linked to biological injury/pain, direction asserted."", ""section_located"": ""results"", ""evidence_basis"": ""empirically_supported""}"
F018_39326720,DeepSeek-V4-Flash,deepseek/deepseek-v4-flash,integration_claims,5,triadic,triadic,"Sociocultural factors including language, health literacy, cultural beliefs and values, treatment preferences, and coping styles for biopsychosocial stressors commonly cited in studies of Hispanic/Latino populations guided the selection of culturally relevant treatment approaches for each intervention domain of the general model.","{""domains_linked"": ""triadic"", ""integration_level"": ""mentioned"", ""claim_verbatim"": ""Sociocultural factors including language, health literacy, cultural beliefs and values, treatment preferences, and coping styles for biopsychosocial stressors commonly cited in studies of Hispanic/Latino populations guided the selection of culturally relevant treatment approaches for each intervention domain of the general model."", ""mechanism_note"": ""Social factors influence psychological and biological treatment elements, but no three-domain mechanism specified."", ""section_located"": ""results"", ""evidence_basis"": ""theorized""}"
F018_39326720,DeepSeek-V4-Flash,deepseek/deepseek-v4-flash,domain_evidence,0,biological,biological,A common feature shared by these frameworks is the combination of traditional physical therapy interventions targeting physiological impairments and physical function (bio) with psychologically informed treatment elements targeting cognitive-emotional and/or cognitive-behavioral processes (psycho).,"{""domain"": ""biological"", ""coverage_level"": ""mentioned"", ""constructs_named"": [""physiological impairments"", ""physical function"", ""general aerobic activity"", ""impairment-based therapeutic exercises"", ""graded functional movement training""], ""evidence_verbatim"": ""A common feature shared by these frameworks is the combination of traditional physical therapy interventions targeting physiological impairments and physical function (bio) with psychologically informed treatment elements targeting cognitive-emotional and/or cognitive-behavioral processes (psycho)."", ""section_located"": ""introduction""}"
F018_39326720,DeepSeek-V4-Flash,deepseek/deepseek-v4-flash,domain_evidence,1,psychological,psychological,"Psychological interventions also reduce pain and disability by promoting more adaptive pain beliefs, self-efficacy for managing pain, and psychological flexibility.","{""domain"": ""psychological"", ""coverage_level"": ""elaborated"", ""constructs_named"": [""cognitive skill training"", ""pain catastrophizing"", ""fear avoidance beliefs"", ""self-efficacy"", ""psychological flexibility"", ""pain beliefs"", ""coping"", ""cognitive restructuring""], ""evidence_verbatim"": ""Psychological interventions also reduce pain and disability by promoting more adaptive pain beliefs, self-efficacy for managing pain, and psychological flexibility."", ""section_located"": ""results""}"
F018_39326720,DeepSeek-V4-Flash,deepseek/deepseek-v4-flash,domain_evidence,2,social,social,"First is the prominent role of family/familismo in socialization, information gathering, and healthcare decision-making.","{""domain"": ""social"", ""coverage_level"": ""elaborated"", ""constructs_named"": [""familismo"", ""personalismo"", ""gendered social roles"", ""social support"", ""cultural beliefs and values"", ""socioeconomic barriers"", ""healthcare access"", ""stigma""], ""evidence_verbatim"": ""First is the prominent role of family/familismo in socialization, information gathering, and healthcare decision-making."", ""section_located"": ""results""}"
F018_39326720,DeepSeek-V4-Flash,deepseek/deepseek-v4-flash,psychological_concepts,0,psychological flexibility,psychological flexibility,"Psychological flexibility refers to the ability to adapt to situational demands, reconfigure mental resources, and shift perspective to effectively balance competing life domains.","{""concept_label"": ""psychological flexibility"", ""definitional_status"": ""formally_defined"", ""definition_verbatim"": ""Psychological flexibility refers to the ability to adapt to situational demands, reconfigure mental resources, and shift perspective to effectively balance competing life domains."", ""section_located"": ""results""}"
F018_39326720,DeepSeek-V4-Flash,deepseek/deepseek-v4-flash,psychological_concepts,1,pain catastrophizing,pain catastrophizing,"We will use conventional measures of catastrophizing (i.e., Pain Catastrophizing Scale).","{""concept_label"": ""pain catastrophizing"", ""definitional_status"": ""operationalized_only"", ""definition_verbatim"": ""We will use conventional measures of catastrophizing (i.e., Pain Catastrophizing Scale)."", ""section_located"": ""results""}"
F018_39326720,DeepSeek-V4-Flash,deepseek/deepseek-v4-flash,psychological_concepts,2,self-efficacy,self-efficacy,,"{""concept_label"": ""self-efficacy"", ""definitional_status"": ""named_only"", ""definition_verbatim"": """", ""section_located"": ""results""}"
F018_39326720,DeepSeek-V4-Flash,deepseek/deepseek-v4-flash,psychological_concepts,3,fear avoidance beliefs,fear avoidance beliefs,,"{""concept_label"": ""fear avoidance beliefs"", ""definitional_status"": ""named_only"", ""definition_verbatim"": """", ""section_located"": ""results""}"
F018_39326720,DeepSeek-V4-Flash,deepseek/deepseek-v4-flash,psychological_concepts,4,cognitive restructuring,cognitive restructuring,,"{""concept_label"": ""cognitive restructuring"", ""definitional_status"": ""named_only"", ""definition_verbatim"": """", ""section_located"": ""results""}"
F018_39326720,DeepSeek-V4-Flash,deepseek/deepseek-v4-flash,psychological_concepts,5,motivational interviewing,motivational interviewing,,"{""concept_label"": ""motivational interviewing"", ""definitional_status"": ""named_only"", ""definition_verbatim"": """", ""section_located"": ""results""}"
F018_39326720,DeepSeek-V4-Flash,deepseek/deepseek-v4-flash,theoretical_frameworks,0,Engel's biopsychosocial model,engel's biopsychosocial model,Engel's biopsychosocial model of healthcare has served as the foundation for several contemporary rehabilitation frameworks including PIPT and Cognitive Functional Therapy among others.,"{""framework_label"": ""Engel's biopsychosocial model"", ""role"": ""mentioned in passing"", ""framework_verbatim"": ""Engel's biopsychosocial model of healthcare has served as the foundation for several contemporary rehabilitation frameworks including PIPT and Cognitive Functional Therapy among others.""}"
F018_39326720,DeepSeek-V4-Flash,deepseek/deepseek-v4-flash,theoretical_frameworks,1,Cognitive Functional Therapy,cognitive functional therapy,Engel's biopsychosocial model of healthcare has served as the foundation for several contemporary rehabilitation frameworks including PIPT and Cognitive Functional Therapy among others.,"{""framework_label"": ""Cognitive Functional Therapy"", ""role"": ""mentioned in passing"", ""framework_verbatim"": ""Engel's biopsychosocial model of healthcare has served as the foundation for several contemporary rehabilitation frameworks including PIPT and Cognitive Functional Therapy among others.""}"
F018_39326720,DeepSeek-V4-Flash,deepseek/deepseek-v4-flash,theoretical_frameworks,2,Acceptance and Commitment Therapy,acceptance and commitment therapy,"Although psychological flexibility has primarily been studied in the context of Acceptance and Commitment Therapy, systematic reviews suggest that different psychologically based interventions have similar mediators and may share overlapping mechanisms of action.","{""framework_label"": ""Acceptance and Commitment Therapy"", ""role"": ""mentioned in passing"", ""framework_verbatim"": ""Although psychological flexibility has primarily been studied in the context of Acceptance and Commitment Therapy, systematic reviews suggest that different psychologically based interventions have similar mediators and may share overlapping mechanisms of action.""}"
F018_39326720,DeepSeek-V4-Flash,deepseek/deepseek-v4-flash,theoretical_frameworks,3,Cognitive Behavioral Therapy,cognitive behavioral therapy,Cognitive-behavioral based treatments derived from classic forms of Cognitive Behavioral Therapy (CBT) have been the most commonly studied PIPT interventions.,"{""framework_label"": ""Cognitive Behavioral Therapy"", ""role"": ""mentioned in passing"", ""framework_verbatim"": ""Cognitive-behavioral based treatments derived from classic forms of Cognitive Behavioral Therapy (CBT) have been the most commonly studied PIPT interventions.""}"
F018_39326720,DeepSeek-V4-Flash,deepseek/deepseek-v4-flash,conceptual_problems,0,missing_social,missing_social,"Notably, physical therapy management approaches that self-identify with the biopsychosocial perspective rarely address socioeconomic, ethnocultural, or interpersonal (social) factors which contribute to the development and persistence of chronic pain.","{""problem_type"": ""missing_social"", ""problem_verbatim"": ""Notably, physical therapy management approaches that self-identify with the biopsychosocial perspective rarely address socioeconomic, ethnocultural, or interpersonal (social) factors which contribute to the development and persistence of chronic pain."", ""note"": ""Paper identifies that existing BPS-informed PT often omits social domain.""}"
F018_39326720,DeepSeek-V4-Flash,deepseek/deepseek-v4-flash,conceptual_problems,1,parallel_listing_without_integration,parallel_listing_without_integration,A common feature shared by these frameworks is the combination of traditional physical therapy interventions targeting physiological impairments and physical function (bio) with psychologically informed treatment elements targeting cognitive-emotional and/or cognitive-behavioral processes (psycho).,"{""problem_type"": ""parallel_listing_without_integration"", ""problem_verbatim"": ""A common feature shared by these frameworks is the combination of traditional physical therapy interventions targeting physiological impairments and physical function (bio) with psychologically informed treatment elements targeting cognitive-emotional and/or cognitive-behavioral processes (psycho)."", ""note"": ""Bio and psycho are combined but social is separate; triadic integration is partial.""}"
F018_39326720,DeepSeek-V4-Flash,deepseek/deepseek-v4-flash,key_quotes,0,critical or problematizing,critical or problematizing,"Notably, physical therapy management approaches that self-identify with the biopsychosocial perspective rarely address socioeconomic, ethnocultural, or interpersonal (social) factors which contribute to the development and persistence of chronic pain.","{""claim_verbatim"": ""Notably, physical therapy management approaches that self-identify with the biopsychosocial perspective rarely address socioeconomic, ethnocultural, or interpersonal (social) factors which contribute to the development and persistence of chronic pain."", ""claim_type"": ""critical or problematizing"", ""section_located"": ""introduction"", ""why_it_matters"": ""Directly states that BPS-labeled PT often lacks social domain, a key conceptual problem.""}"
F018_39326720,DeepSeek-V4-Flash,deepseek/deepseek-v4-flash,key_quotes,1,critical or problematizing,critical or problematizing,"Some have argued that existing rehabilitation frameworks derived from the biopsychosocial perspective lack specificity, are difficult to test empirically, and fail to adequately consider sociocultural determinants of health and recovery.","{""claim_verbatim"": ""Some have argued that existing rehabilitation frameworks derived from the biopsychosocial perspective lack specificity, are difficult to test empirically, and fail to adequately consider sociocultural determinants of health and recovery."", ""claim_type"": ""critical or problematizing"", ""section_located"": ""discussion"", ""why_it_matters"": ""Acknowledges critiques of BPS frameworks as vague and lacking social consideration.""}"
F018_39326720,DeepSeek-V4-Flash,deepseek/deepseek-v4-flash,key_quotes,2,theoretical,theoretical,Engel's biopsychosocial model of healthcare has served as the foundation for several contemporary rehabilitation frameworks including PIPT and Cognitive Functional Therapy among others.,"{""claim_verbatim"": ""Engel's biopsychosocial model of healthcare has served as the foundation for several contemporary rehabilitation frameworks including PIPT and Cognitive Functional Therapy among others."", ""claim_type"": ""theoretical"", ""section_located"": ""introduction"", ""why_it_matters"": ""Explicitly anchors PIPT in BPS model, but social domain is later noted as often missing.""}"
F019_39834401,DeepSeek-V4-Flash,deepseek/deepseek-v4-flash,integration_claims,0,bio_psych,bio_psych,Neuroinflammation is recognized as a physiological mechanism directly associated with changes in dysregulated affect and chronic pain,"{""domains_linked"": ""bio_psych"", ""integration_level"": ""directional"", ""claim_verbatim"": ""Neuroinflammation is recognized as a physiological mechanism directly associated with changes in dysregulated affect and chronic pain"", ""mechanism_note"": ""Neuroinflammation is asserted to be associated with dysregulated affect, but no pathway is specified."", ""section_located"": ""introduction"", ""evidence_basis"": ""cited_from_other_work""}"
F019_39834401,DeepSeek-V4-Flash,deepseek/deepseek-v4-flash,integration_claims,1,bio_psych,bio_psych,"Stressful experiences and certain negative emotions, moods, and traits are linked to higher systemic levels of proinflammatory cytokines","{""domains_linked"": ""bio_psych"", ""integration_level"": ""directional"", ""claim_verbatim"": ""Stressful experiences and certain negative emotions, moods, and traits are linked to higher systemic levels of proinflammatory cytokines"", ""mechanism_note"": ""Negative emotions are linked to higher proinflammatory cytokines, direction implied but no pathway."", ""section_located"": ""introduction"", ""evidence_basis"": ""cited_from_other_work""}"
F019_39834401,DeepSeek-V4-Flash,deepseek/deepseek-v4-flash,integration_claims,2,bio_psych,bio_psych,"Increased levels of neuroinflammatory markers, such as microglia, chemokines, and brain metabolites are identified in patients with chronic pain and depression","{""domains_linked"": ""bio_psych"", ""integration_level"": ""directional"", ""claim_verbatim"": ""Increased levels of neuroinflammatory markers, such as microglia, chemokines, and brain metabolites are identified in patients with chronic pain and depression"", ""mechanism_note"": ""Association between neuroinflammatory markers and depression, direction not specified."", ""section_located"": ""introduction"", ""evidence_basis"": ""cited_from_other_work""}"
F019_39834401,DeepSeek-V4-Flash,deepseek/deepseek-v4-flash,integration_claims,3,psych_social,psych_social,Participating in group activities can reduce feelings of loneliness and social anxiety,"{""domains_linked"": ""psych_social"", ""integration_level"": ""mentioned"", ""claim_verbatim"": ""Participating in group activities can reduce feelings of loneliness and social anxiety"", ""mechanism_note"": ""Group activities (social) reduce social anxiety (psychological), but no mechanism specified."", ""section_located"": ""discussion"", ""evidence_basis"": ""cited_from_other_work""}"
F019_39834401,DeepSeek-V4-Flash,deepseek/deepseek-v4-flash,integration_claims,4,triadic,triadic,"Drawing on the Biopsychosocial Framework of Chronic Pain, this scoping review explores how exercise impacts factors related to neuroinflammation and affect, and how these factors contribute to exercise adherence in older adults living with FM.","{""domains_linked"": ""triadic"", ""integration_level"": ""mentioned"", ""claim_verbatim"": ""Drawing on the Biopsychosocial Framework of Chronic Pain, this scoping review explores how exercise impacts factors related to neuroinflammation and affect, and how these factors contribute to exercise adherence in older adults living with FM."", ""mechanism_note"": ""Biological (neuroinflammation) and psychological (affect) are linked to exercise adherence; social is not integrated."", ""section_located"": ""abstract"", ""evidence_basis"": ""asserted""}"
F019_39834401,DeepSeek-V4-Flash,deepseek/deepseek-v4-flash,integration_claims,5,triadic,triadic,Exercise has a beneficial affective and inflammatory effect but linking it to neuroinflammation adds a new dimension that may indicate novel therapeutic strategies.,"{""domains_linked"": ""triadic"", ""integration_level"": ""mentioned"", ""claim_verbatim"": ""Exercise has a beneficial affective and inflammatory effect but linking it to neuroinflammation adds a new dimension that may indicate novel therapeutic strategies."", ""mechanism_note"": ""Exercise affects both biological (inflammation) and psychological (affect), but no social domain integration."", ""section_located"": ""introduction"", ""evidence_basis"": ""asserted""}"
F019_39834401,DeepSeek-V4-Flash,deepseek/deepseek-v4-flash,domain_evidence,0,biological,biological,"Neuroinflammation is associated with both chronic pain and depression, as demonstrated in imaging studies observing central nervous system glial activation in patients with either of these conditions","{""domain"": ""biological"", ""coverage_level"": ""mentioned"", ""constructs_named"": [""neuroinflammation"", ""pro-inflammatory cytokines"", ""il-1β"", ""il-6"", ""tnf-α"", ""microglia"", ""ngf"", ""bdnf""], ""evidence_verbatim"": ""Neuroinflammation is associated with both chronic pain and depression, as demonstrated in imaging studies observing central nervous system glial activation in patients with either of these conditions"", ""section_located"": ""discussion""}"
F019_39834401,DeepSeek-V4-Flash,deepseek/deepseek-v4-flash,domain_evidence,1,psychological,psychological,"Psychological factors are powerful predictors of the experience of pain in persons living with FM. Dispositional trait styles, or the magnitude of positive affect (PA) and negative affect (NA), are modeled as either protective or vulnerable factors for affective experiences, including pain","{""domain"": ""psychological"", ""coverage_level"": ""elaborated"", ""constructs_named"": [""positive affect"", ""negative affect"", ""dispositional trait styles"", ""depression"", ""anxiety"", ""quality of life"", ""anger"", ""fear avoidance""], ""evidence_verbatim"": ""Psychological factors are powerful predictors of the experience of pain in persons living with FM. Dispositional trait styles, or the magnitude of positive affect (PA) and negative affect (NA), are modeled as either protective or vulnerable factors for affective experiences, including pain"", ""section_located"": ""introduction""}"
F019_39834401,DeepSeek-V4-Flash,deepseek/deepseek-v4-flash,domain_evidence,2,social,social,"Exercise also facilitates social interaction and self-efficacy, crucial for emotional wellbeing. Participating in group activities can reduce feelings of loneliness and social anxiety","{""domain"": ""social"", ""coverage_level"": ""minimal"", ""constructs_named"": [""social interaction"", ""social anxiety"", ""work productivity"", ""job loss"", ""societal implications""], ""evidence_verbatim"": ""Exercise also facilitates social interaction and self-efficacy, crucial for emotional wellbeing. Participating in group activities can reduce feelings of loneliness and social anxiety"", ""section_located"": ""discussion""}"
F019_39834401,DeepSeek-V4-Flash,deepseek/deepseek-v4-flash,psychological_concepts,0,positive affect (PA),positive affect (pa),"Dispositional trait styles, or the magnitude of positive affect (PA) and negative affect (NA), are modeled as either protective or vulnerable factors for affective experiences, including pain","{""concept_label"": ""positive affect (PA)"", ""definitional_status"": ""operationalized_only"", ""definition_verbatim"": ""Dispositional trait styles, or the magnitude of positive affect (PA) and negative affect (NA), are modeled as either protective or vulnerable factors for affective experiences, including pain"", ""section_located"": ""introduction""}"
F019_39834401,DeepSeek-V4-Flash,deepseek/deepseek-v4-flash,psychological_concepts,1,negative affect (NA),negative affect (na),"Dispositional trait styles, or the magnitude of positive affect (PA) and negative affect (NA), are modeled as either protective or vulnerable factors for affective experiences, including pain","{""concept_label"": ""negative affect (NA)"", ""definitional_status"": ""operationalized_only"", ""definition_verbatim"": ""Dispositional trait styles, or the magnitude of positive affect (PA) and negative affect (NA), are modeled as either protective or vulnerable factors for affective experiences, including pain"", ""section_located"": ""introduction""}"
F019_39834401,DeepSeek-V4-Flash,deepseek/deepseek-v4-flash,psychological_concepts,2,dispositional trait styles,dispositional trait styles,"Protective dispositional trait styles are categorized as healthy (high PA/low NA) or low (low PA/low NA), whereas vulnerable dispositional trait styles are categorized as reactive (high PA/high NA) and depressive (low PA/high NA)","{""concept_label"": ""dispositional trait styles"", ""definitional_status"": ""operationalized_only"", ""definition_verbatim"": ""Protective dispositional trait styles are categorized as healthy (high PA/low NA) or low (low PA/low NA), whereas vulnerable dispositional trait styles are categorized as reactive (high PA/high NA) and depressive (low PA/high NA)"", ""section_located"": ""introduction""}"
F019_39834401,DeepSeek-V4-Flash,deepseek/deepseek-v4-flash,psychological_concepts,3,depression,depression,Depression decreased in three studies and did not change in two.,"{""concept_label"": ""depression"", ""definitional_status"": ""operationalized_only"", ""definition_verbatim"": ""Depression decreased in three studies and did not change in two."", ""section_located"": ""results""}"
F019_39834401,DeepSeek-V4-Flash,deepseek/deepseek-v4-flash,psychological_concepts,4,anxiety,anxiety,"Anxiety decreased in four studies, while no change in two.","{""concept_label"": ""anxiety"", ""definitional_status"": ""operationalized_only"", ""definition_verbatim"": ""Anxiety decreased in four studies, while no change in two."", ""section_located"": ""results""}"
F019_39834401,DeepSeek-V4-Flash,deepseek/deepseek-v4-flash,psychological_concepts,5,quality of life,quality of life,"Whereas impact on quality of life decreased in seven, increased in one, and did not change in one.","{""concept_label"": ""quality of life"", ""definitional_status"": ""operationalized_only"", ""definition_verbatim"": ""Whereas impact on quality of life decreased in seven, increased in one, and did not change in one."", ""section_located"": ""results""}"
F019_39834401,DeepSeek-V4-Flash,deepseek/deepseek-v4-flash,psychological_concepts,6,fear avoidance,fear avoidance,,"{""concept_label"": ""fear avoidance"", ""definitional_status"": ""named_only"", ""definition_verbatim"": """", ""section_located"": ""introduction""}"
F019_39834401,DeepSeek-V4-Flash,deepseek/deepseek-v4-flash,psychological_concepts,7,self-efficacy,self-efficacy,,"{""concept_label"": ""self-efficacy"", ""definitional_status"": ""named_only"", ""definition_verbatim"": """", ""section_located"": ""discussion""}"
F019_39834401,DeepSeek-V4-Flash,deepseek/deepseek-v4-flash,theoretical_frameworks,0,Biopsychosocial Framework of Chronic Pain,biopsychosocial framework of chronic pain,"Drawing on the Biopsychosocial Framework of Chronic Pain, this scoping review explores how exercise impacts factors related to neuroinflammation and affect","{""framework_label"": ""Biopsychosocial Framework of Chronic Pain"", ""role"": ""organizing framework"", ""framework_verbatim"": ""Drawing on the Biopsychosocial Framework of Chronic Pain, this scoping review explores how exercise impacts factors related to neuroinflammation and affect""}"
F019_39834401,DeepSeek-V4-Flash,deepseek/deepseek-v4-flash,theoretical_frameworks,1,NIA Health Disparities Framework,nia health disparities framework,"Recent work has applied the NIA Health Disparities Framework to identify priority areas of need in pain research; specifically, highlighting geographic and political factors, cultural factors, coping factors, and physiological indicators as priority focus areas","{""framework_label"": ""NIA Health Disparities Framework"", ""role"": ""mentioned in passing"", ""framework_verbatim"": ""Recent work has applied the NIA Health Disparities Framework to identify priority areas of need in pain research; specifically, highlighting geographic and political factors, cultural factors, coping factors, and physiological indicators as priority focus areas""}"
F019_39834401,DeepSeek-V4-Flash,deepseek/deepseek-v4-flash,conceptual_problems,0,missing_social,missing_social,Exercise has a beneficial affective and inflammatory effect but linking it to neuroinflammation adds a new dimension that may indicate novel therapeutic strategies.,"{""problem_type"": ""missing_social"", ""problem_verbatim"": ""Exercise has a beneficial affective and inflammatory effect but linking it to neuroinflammation adds a new dimension that may indicate novel therapeutic strategies."", ""note"": ""Social domain is mentioned only in passing (group activities, work productivity) but not substantively integrated.""}"
F019_39834401,DeepSeek-V4-Flash,deepseek/deepseek-v4-flash,conceptual_problems,1,parallel_listing_without_integration,parallel_listing_without_integration,We have provided an overview of the relationship between affect and neuroinflammation in studies including older adults living with FM and highlight the impact of exercise on affect and neuroinflammation,"{""problem_type"": ""parallel_listing_without_integration"", ""problem_verbatim"": ""We have provided an overview of the relationship between affect and neuroinflammation in studies including older adults living with FM and highlight the impact of exercise on affect and neuroinflammation"", ""note"": ""Biological and psychological domains are listed together but not integrated mechanistically.""}"
F019_39834401,DeepSeek-V4-Flash,deepseek/deepseek-v4-flash,key_quotes,0,theoretical,theoretical,"Drawing on the Biopsychosocial Framework of Chronic Pain, this scoping review explores how exercise impacts factors related to neuroinflammation and affect, and how these factors contribute to exercise adherence in older adults living with FM.","{""claim_verbatim"": ""Drawing on the Biopsychosocial Framework of Chronic Pain, this scoping review explores how exercise impacts factors related to neuroinflammation and affect, and how these factors contribute to exercise adherence in older adults living with FM."", ""claim_type"": ""theoretical"", ""section_located"": ""abstract"", ""why_it_matters"": ""Explicitly invokes BPS framework but operationalizes only biological and psychological domains.""}"
F019_39834401,DeepSeek-V4-Flash,deepseek/deepseek-v4-flash,key_quotes,1,theoretical,theoretical,Psychological factors are powerful predictors of the experience of pain in persons living with FM.,"{""claim_verbatim"": ""Psychological factors are powerful predictors of the experience of pain in persons living with FM."", ""claim_type"": ""theoretical"", ""section_located"": ""introduction"", ""why_it_matters"": ""Establishes psychological domain as central, but social domain is not similarly developed.""}"
F019_39834401,DeepSeek-V4-Flash,deepseek/deepseek-v4-flash,key_quotes,2,integrative,integrative,Neuroinflammation is recognized as a physiological mechanism directly associated with changes in dysregulated affect and chronic pain,"{""claim_verbatim"": ""Neuroinflammation is recognized as a physiological mechanism directly associated with changes in dysregulated affect and chronic pain"", ""claim_type"": ""integrative"", ""section_located"": ""introduction"", ""why_it_matters"": ""Attempts bio-psych integration but remains directional without specifying a pathway.""}"
F020_39652850,DeepSeek-V4-Flash,deepseek/deepseek-v4-flash,domain_evidence,0,biological,biological,"The first category involves clinical outcomes, including indicators measured, such as glucose levels (glycated hemoglobin [HbA 1c ]), BP, heart rate, weight, BMI, sleep time and quality, and pain intensity.","{""domain"": ""biological"", ""coverage_level"": ""minimal"", ""constructs_named"": [""pain intensity"", ""glucose levels"", ""blood pressure"", ""heart rate"", ""weight"", ""bmi"", ""sleep time and quality""], ""evidence_verbatim"": ""The first category involves clinical outcomes, including indicators measured, such as glucose levels (glycated hemoglobin [HbA 1c ]), BP, heart rate, weight, BMI, sleep time and quality, and pain intensity."", ""section_located"": ""methods""}"
F020_39652850,DeepSeek-V4-Flash,deepseek/deepseek-v4-flash,domain_evidence,1,psychological,psychological,"The second category includes behavioral outcomes, such as physical activity levels, activation, motivation, self-efficacy, and disease-related knowledge.","{""domain"": ""psychological"", ""coverage_level"": ""minimal"", ""constructs_named"": [""self-efficacy"", ""anxiety"", ""depression"", ""motivation"", ""activation""], ""evidence_verbatim"": ""The second category includes behavioral outcomes, such as physical activity levels, activation, motivation, self-efficacy, and disease-related knowledge."", ""section_located"": ""methods""}"
F020_39652850,DeepSeek-V4-Flash,deepseek/deepseek-v4-flash,psychological_concepts,0,self-efficacy,self-efficacy,,"{""concept_label"": ""self-efficacy"", ""definitional_status"": ""named_only"", ""definition_verbatim"": """", ""section_located"": ""methods""}"
F020_39652850,DeepSeek-V4-Flash,deepseek/deepseek-v4-flash,psychological_concepts,1,anxiety,anxiety,,"{""concept_label"": ""anxiety"", ""definitional_status"": ""named_only"", ""definition_verbatim"": """", ""section_located"": ""methods""}"
F020_39652850,DeepSeek-V4-Flash,deepseek/deepseek-v4-flash,psychological_concepts,2,depression,depression,,"{""concept_label"": ""depression"", ""definitional_status"": ""named_only"", ""definition_verbatim"": """", ""section_located"": ""methods""}"
F020_39652850,DeepSeek-V4-Flash,deepseek/deepseek-v4-flash,psychological_concepts,3,motivation,motivation,,"{""concept_label"": ""motivation"", ""definitional_status"": ""named_only"", ""definition_verbatim"": """", ""section_located"": ""methods""}"
F020_39652850,DeepSeek-V4-Flash,deepseek/deepseek-v4-flash,psychological_concepts,4,activation,activation,,"{""concept_label"": ""activation"", ""definitional_status"": ""named_only"", ""definition_verbatim"": """", ""section_located"": ""methods""}"
F020_39652850,DeepSeek-V4-Flash,deepseek/deepseek-v4-flash,conceptual_problems,0,tokenistic_bps,tokenistic_bps,"The fourth category includes holistic and biopsychosocial outcomes, such as health status, health-related quality of life (QoL), physical well-being, anxiety, and depression.","{""problem_type"": ""tokenistic_bps"", ""problem_verbatim"": ""The fourth category includes holistic and biopsychosocial outcomes, such as health status, health-related quality of life (QoL), physical well-being, anxiety, and depression."", ""note"": ""BPS label used as a category name for outcomes, but no integration or substantive BPS content.""}"
F020_39652850,DeepSeek-V4-Flash,deepseek/deepseek-v4-flash,key_quotes,0,definitional,definitional,"The fourth category includes holistic and biopsychosocial outcomes, such as health status, health-related quality of life (QoL), physical well-being, anxiety, and depression.","{""claim_verbatim"": ""The fourth category includes holistic and biopsychosocial outcomes, such as health status, health-related quality of life (QoL), physical well-being, anxiety, and depression."", ""claim_type"": ""definitional"", ""section_located"": ""methods"", ""why_it_matters"": ""Shows the paper equates biopsychosocial with a list of outcomes, not a model.""}"
F021_39639261,DeepSeek-V4-Flash,deepseek/deepseek-v4-flash,integration_claims,0,psych_social,psych_social,"Psychosocial factors as key predictors of those at risk of poor recovery, longer hospital stays, and increased costs","{""domains_linked"": ""psych_social"", ""integration_level"": ""descriptive"", ""claim_verbatim"": ""Psychosocial factors as key predictors of those at risk of poor recovery, longer hospital stays, and increased costs"", ""mechanism_note"": ""Psychosocial factors are associated with outcomes but no pathway specified."", ""section_located"": ""introduction"", ""evidence_basis"": ""cited_from_other_work""}"
F021_39639261,DeepSeek-V4-Flash,deepseek/deepseek-v4-flash,integration_claims,1,psych_social,psych_social,"The biopsychosocial model advocates for consideration of how physical, emotional and social factors interact and impact the individual’s health","{""domains_linked"": ""psych_social"", ""integration_level"": ""descriptive"", ""claim_verbatim"": ""The biopsychosocial model advocates for consideration of how physical, emotional and social factors interact and impact the individual’s health"", ""mechanism_note"": ""General statement of interaction without specific pathway."", ""section_located"": ""introduction"", ""evidence_basis"": ""theorized""}"
F021_39639261,DeepSeek-V4-Flash,deepseek/deepseek-v4-flash,integration_claims,2,psych_social,psych_social,"Patients experiencing multimorbidity in musculoskeletal and orthopaedic settings often experience both physical and psychological comorbidity, with conditions interacting to worsen each other.","{""domains_linked"": ""psych_social"", ""integration_level"": ""descriptive"", ""claim_verbatim"": ""Patients experiencing multimorbidity in musculoskeletal and orthopaedic settings often experience both physical and psychological comorbidity, with conditions interacting to worsen each other."", ""mechanism_note"": ""Interaction stated but no mechanism given."", ""section_located"": ""discussion"", ""evidence_basis"": ""clinical_observation""}"
F021_39639261,DeepSeek-V4-Flash,deepseek/deepseek-v4-flash,domain_evidence,0,biological,biological,"Biological factors include age, multisite pain, the presence of comorbid medical conditions and nociceptive and nociplastic factors.","{""domain"": ""biological"", ""coverage_level"": ""mentioned"", ""constructs_named"": [""age"", ""multisite pain"", ""comorbid medical conditions"", ""nociceptive and nociplastic factors""], ""evidence_verbatim"": ""Biological factors include age, multisite pain, the presence of comorbid medical conditions and nociceptive and nociplastic factors."", ""section_located"": ""results""}"
F021_39639261,DeepSeek-V4-Flash,deepseek/deepseek-v4-flash,domain_evidence,1,psychological,psychological,"Psychological factors that predict non-recovery from musculoskeletal pain include somatisation, depressive symptoms, anxiety, pain catastrophising, childhood trauma, kinesiophobia and low self-efficacy.","{""domain"": ""psychological"", ""coverage_level"": ""elaborated"", ""constructs_named"": [""anxiety"", ""depression"", ""pain catastrophising"", ""self-efficacy"", ""kinesiophobia"", ""somatisation"", ""childhood trauma"", ""psychological resilience""], ""evidence_verbatim"": ""Psychological factors that predict non-recovery from musculoskeletal pain include somatisation, depressive symptoms, anxiety, pain catastrophising, childhood trauma, kinesiophobia and low self-efficacy."", ""section_located"": ""results""}"
F021_39639261,DeepSeek-V4-Flash,deepseek/deepseek-v4-flash,domain_evidence,2,social,social,"Social factors may include expectations and participation in employment, family roles or cultural duties, the physical environment and financial context.","{""domain"": ""social"", ""coverage_level"": ""elaborated"", ""constructs_named"": [""patient recovery expectations"", ""compensation status"", ""health literacy"", ""socioeconomic status"", ""cultural diversity"", ""co-habitation with a caring adult"", ""family roles"", ""cultural duties""], ""evidence_verbatim"": ""Social factors may include expectations and participation in employment, family roles or cultural duties, the physical environment and financial context."", ""section_located"": ""introduction""}"
F021_39639261,DeepSeek-V4-Flash,deepseek/deepseek-v4-flash,psychological_concepts,0,anxiety,anxiety,,"{""concept_label"": ""anxiety"", ""definitional_status"": ""named_only"", ""definition_verbatim"": """", ""section_located"": ""results""}"
F021_39639261,DeepSeek-V4-Flash,deepseek/deepseek-v4-flash,psychological_concepts,1,depression,depression,,"{""concept_label"": ""depression"", ""definitional_status"": ""named_only"", ""definition_verbatim"": """", ""section_located"": ""results""}"
F021_39639261,DeepSeek-V4-Flash,deepseek/deepseek-v4-flash,psychological_concepts,2,pain catastrophising,pain catastrophising,,"{""concept_label"": ""pain catastrophising"", ""definitional_status"": ""named_only"", ""definition_verbatim"": """", ""section_located"": ""results""}"
F021_39639261,DeepSeek-V4-Flash,deepseek/deepseek-v4-flash,psychological_concepts,3,self-efficacy,self-efficacy,,"{""concept_label"": ""self-efficacy"", ""definitional_status"": ""named_only"", ""definition_verbatim"": """", ""section_located"": ""results""}"
F021_39639261,DeepSeek-V4-Flash,deepseek/deepseek-v4-flash,psychological_concepts,4,kinesiophobia,kinesiophobia,,"{""concept_label"": ""kinesiophobia"", ""definitional_status"": ""named_only"", ""definition_verbatim"": """", ""section_located"": ""results""}"
F021_39639261,DeepSeek-V4-Flash,deepseek/deepseek-v4-flash,psychological_concepts,5,somatisation,somatisation,,"{""concept_label"": ""somatisation"", ""definitional_status"": ""named_only"", ""definition_verbatim"": """", ""section_located"": ""results""}"
F021_39639261,DeepSeek-V4-Flash,deepseek/deepseek-v4-flash,psychological_concepts,6,psychological resilience,psychological resilience,Psychological resilience is an emerging concept in both musculoskeletal and orthopaedic contexts with the Brief Resilience Scale and Pain Resilience Scale commonly used despite uncertainty regarding the definition,"{""concept_label"": ""psychological resilience"", ""definitional_status"": ""operationalized_only"", ""definition_verbatim"": ""Psychological resilience is an emerging concept in both musculoskeletal and orthopaedic contexts with the Brief Resilience Scale and Pain Resilience Scale commonly used despite uncertainty regarding the definition"", ""section_located"": ""results""}"
F021_39639261,DeepSeek-V4-Flash,deepseek/deepseek-v4-flash,psychological_concepts,7,maladaptive pain cognitions,maladaptive pain cognitions,,"{""concept_label"": ""maladaptive pain cognitions"", ""definitional_status"": ""named_only"", ""definition_verbatim"": """", ""section_located"": ""introduction""}"
F021_39639261,DeepSeek-V4-Flash,deepseek/deepseek-v4-flash,theoretical_frameworks,0,biopsychosocial model,biopsychosocial model,"The biopsychosocial model advocates for consideration of how physical, emotional and social factors interact and impact the individual’s health","{""framework_label"": ""biopsychosocial model"", ""role"": ""organizing framework"", ""framework_verbatim"": ""The biopsychosocial model advocates for consideration of how physical, emotional and social factors interact and impact the individual’s health""}"
F021_39639261,DeepSeek-V4-Flash,deepseek/deepseek-v4-flash,theoretical_frameworks,1,World Health Organisation approach to defining and classifying health and well-being,world health organisation approach to defining and classifying health and well-being,consistent with the World Health Organisation approach to defining and classifying health and well-being across multiple domains,"{""framework_label"": ""World Health Organisation approach to defining and classifying health and well-being"", ""role"": ""mentioned in passing"", ""framework_verbatim"": ""consistent with the World Health Organisation approach to defining and classifying health and well-being across multiple domains""}"
F021_39639261,DeepSeek-V4-Flash,deepseek/deepseek-v4-flash,conceptual_problems,0,missing_biology,missing_biology,"Biological factors include age, multisite pain, the presence of comorbid medical conditions and nociceptive and nociplastic factors.","{""problem_type"": ""missing_biology"", ""problem_verbatim"": ""Biological factors include age, multisite pain, the presence of comorbid medical conditions and nociceptive and nociplastic factors."", ""note"": ""Biological domain is only mentioned in a single list, not developed further.""}"
F021_39639261,DeepSeek-V4-Flash,deepseek/deepseek-v4-flash,conceptual_problems,1,parallel_listing_without_integration,parallel_listing_without_integration,"There are a range of biological, psychological, and social factors that predict non-recovery from musculoskeletal pain.","{""problem_type"": ""parallel_listing_without_integration"", ""problem_verbatim"": ""There are a range of biological, psychological, and social factors that predict non-recovery from musculoskeletal pain."", ""note"": ""Domains are listed in parallel without relational claims.""}"
F021_39639261,DeepSeek-V4-Flash,deepseek/deepseek-v4-flash,conceptual_problems,2,mechanistic_absence,mechanistic_absence,"The biopsychosocial model advocates for consideration of how physical, emotional and social factors interact and impact the individual’s health","{""problem_type"": ""mechanistic_absence"", ""problem_verbatim"": ""The biopsychosocial model advocates for consideration of how physical, emotional and social factors interact and impact the individual’s health"", ""note"": ""No specific pathways or mechanisms are proposed for any cross-domain interaction.""}"
F021_39639261,DeepSeek-V4-Flash,deepseek/deepseek-v4-flash,key_quotes,0,definitional,definitional,"The biopsychosocial model advocates for consideration of how physical, emotional and social factors interact and impact the individual’s health","{""claim_verbatim"": ""The biopsychosocial model advocates for consideration of how physical, emotional and social factors interact and impact the individual’s health"", ""claim_type"": ""definitional"", ""section_located"": ""introduction"", ""why_it_matters"": ""This is the paper's only explicit definition of the BPS model, used as a framing device.""}"
F021_39639261,DeepSeek-V4-Flash,deepseek/deepseek-v4-flash,key_quotes,1,integrative,integrative,"Psychosocial factors as key predictors of those at risk of poor recovery, longer hospital stays, and increased costs","{""claim_verbatim"": ""Psychosocial factors as key predictors of those at risk of poor recovery, longer hospital stays, and increased costs"", ""claim_type"": ""integrative"", ""section_located"": ""introduction"", ""why_it_matters"": ""Central claim linking psychosocial factors to outcomes, but no mechanism specified.""}"
F021_39639261,DeepSeek-V4-Flash,deepseek/deepseek-v4-flash,key_quotes,2,integrative,integrative,"Patients experiencing multimorbidity in musculoskeletal and orthopaedic settings often experience both physical and psychological comorbidity, with conditions interacting to worsen each other.","{""claim_verbatim"": ""Patients experiencing multimorbidity in musculoskeletal and orthopaedic settings often experience both physical and psychological comorbidity, with conditions interacting to worsen each other."", ""claim_type"": ""integrative"", ""section_located"": ""discussion"", ""why_it_matters"": ""States interaction between physical and psychological comorbidity but without pathway.""}"
F022_39468650,DeepSeek-V4-Flash,deepseek/deepseek-v4-flash,integration_claims,0,bio_psych,bio_psych,"Catastrophizing, depression, and anxiety have been suggested to contribute to the birth, development, and sustainment of central sensitization","{""domains_linked"": ""bio_psych"", ""integration_level"": ""directional"", ""claim_verbatim"": ""Catastrophizing, depression, and anxiety have been suggested to contribute to the birth, development, and sustainment of central sensitization"", ""mechanism_note"": ""Psychological factors are asserted to influence central sensitization, but no pathway is specified."", ""section_located"": ""discussion"", ""evidence_basis"": ""cited_from_other_work""}"
F022_39468650,DeepSeek-V4-Flash,deepseek/deepseek-v4-flash,integration_claims,1,bio_psych,bio_psych,Gracely et al. found significant positive correlations between pain catastrophizing scores and increased fMRI signal in multiple brain regions related to pain among participants with FM,"{""domains_linked"": ""bio_psych"", ""integration_level"": ""directional"", ""claim_verbatim"": ""Gracely et al. found significant positive correlations between pain catastrophizing scores and increased fMRI signal in multiple brain regions related to pain among participants with FM"", ""mechanism_note"": ""Correlation between catastrophizing and brain activity, direction implied but no mechanism."", ""section_located"": ""introduction"", ""evidence_basis"": ""empirically_supported""}"
F022_39468650,DeepSeek-V4-Flash,deepseek/deepseek-v4-flash,integration_claims,2,psych_social,psych_social,Amir et al. also compared participants with FM and participants with LBP on anger and social support ... and found no significant differences,"{""domains_linked"": ""psych_social"", ""integration_level"": ""mentioned"", ""claim_verbatim"": ""Amir et al. also compared participants with FM and participants with LBP on anger and social support ... and found no significant differences"", ""mechanism_note"": ""Social support and anger are listed as outcomes, but no relationship between them is characterized."", ""section_located"": ""results"", ""evidence_basis"": ""empirically_supported""}"
F022_39468650,DeepSeek-V4-Flash,deepseek/deepseek-v4-flash,domain_evidence,0,biological,biological,"FM and chronic LBP are two conditions associated with central sensitization despite having different pain distributions, and they exhibit signs of central hyperexcitability as well as abnormal pain modulation","{""domain"": ""biological"", ""coverage_level"": ""elaborated"", ""constructs_named"": [""central sensitization"", ""hyperalgesia"", ""pain modulation"", ""fmri activation patterns"", ""quantitative sensory testing"", ""pressure pain thresholds"", ""heat pain sensitivity"", ""wind-up ratio""], ""evidence_verbatim"": ""FM and chronic LBP are two conditions associated with central sensitization despite having different pain distributions, and they exhibit signs of central hyperexcitability as well as abnormal pain modulation"", ""section_located"": ""introduction""}"
F022_39468650,DeepSeek-V4-Flash,deepseek/deepseek-v4-flash,domain_evidence,1,psychological,psychological,"Psychological factors, such as somatic symptoms and affective distress, are commonly associated with individuals with LBP and FM","{""domain"": ""psychological"", ""coverage_level"": ""elaborated"", ""constructs_named"": [""depression"", ""anxiety"", ""catastrophizing"", ""kinesiophobia"", ""psychological distress"", ""alexithymia"", ""anger"", ""illness perception""], ""evidence_verbatim"": ""Psychological factors, such as somatic symptoms and affective distress, are commonly associated with individuals with LBP and FM"", ""section_located"": ""introduction""}"
F022_39468650,DeepSeek-V4-Flash,deepseek/deepseek-v4-flash,domain_evidence,2,social,social,"FM primarily affects female in their fifties, and mostly those with a lower level of education and economical status","{""domain"": ""social"", ""coverage_level"": ""minimal"", ""constructs_named"": [""social support"", ""socioeconomic status""], ""evidence_verbatim"": ""FM primarily affects female in their fifties, and mostly those with a lower level of education and economical status"", ""section_located"": ""introduction""}"
F022_39468650,DeepSeek-V4-Flash,deepseek/deepseek-v4-flash,psychological_concepts,0,depression,depression,,"{""concept_label"": ""depression"", ""definitional_status"": ""operationalized_only"", ""definition_verbatim"": """", ""section_located"": ""results""}"
F022_39468650,DeepSeek-V4-Flash,deepseek/deepseek-v4-flash,psychological_concepts,1,anxiety,anxiety,,"{""concept_label"": ""anxiety"", ""definitional_status"": ""operationalized_only"", ""definition_verbatim"": """", ""section_located"": ""results""}"
F022_39468650,DeepSeek-V4-Flash,deepseek/deepseek-v4-flash,psychological_concepts,2,catastrophizing,catastrophizing,,"{""concept_label"": ""catastrophizing"", ""definitional_status"": ""operationalized_only"", ""definition_verbatim"": """", ""section_located"": ""results""}"
F022_39468650,DeepSeek-V4-Flash,deepseek/deepseek-v4-flash,psychological_concepts,3,kinesiophobia,kinesiophobia,,"{""concept_label"": ""kinesiophobia"", ""definitional_status"": ""operationalized_only"", ""definition_verbatim"": """", ""section_located"": ""results""}"
F022_39468650,DeepSeek-V4-Flash,deepseek/deepseek-v4-flash,psychological_concepts,4,psychological distress,psychological distress,,"{""concept_label"": ""psychological distress"", ""definitional_status"": ""operationalized_only"", ""definition_verbatim"": """", ""section_located"": ""results""}"
F022_39468650,DeepSeek-V4-Flash,deepseek/deepseek-v4-flash,psychological_concepts,5,alexithymia,alexithymia,,"{""concept_label"": ""alexithymia"", ""definitional_status"": ""operationalized_only"", ""definition_verbatim"": """", ""section_located"": ""results""}"
F022_39468650,DeepSeek-V4-Flash,deepseek/deepseek-v4-flash,psychological_concepts,6,anger,anger,,"{""concept_label"": ""anger"", ""definitional_status"": ""operationalized_only"", ""definition_verbatim"": """", ""section_located"": ""results""}"
F022_39468650,DeepSeek-V4-Flash,deepseek/deepseek-v4-flash,psychological_concepts,7,illness perception,illness perception,,"{""concept_label"": ""illness perception"", ""definitional_status"": ""operationalized_only"", ""definition_verbatim"": """", ""section_located"": ""results""}"
F022_39468650,DeepSeek-V4-Flash,deepseek/deepseek-v4-flash,psychological_concepts,8,suicidal risk,suicidal risk,,"{""concept_label"": ""suicidal risk"", ""definitional_status"": ""operationalized_only"", ""definition_verbatim"": """", ""section_located"": ""results""}"
F022_39468650,DeepSeek-V4-Flash,deepseek/deepseek-v4-flash,theoretical_frameworks,0,biopsychosocial model,biopsychosocial model,Fibromyalgia and chronic primary low back pain are two chronic pain conditions with a significant biopsychosocial burden,"{""framework_label"": ""biopsychosocial model"", ""role"": ""mentioned in passing"", ""framework_verbatim"": ""Fibromyalgia and chronic primary low back pain are two chronic pain conditions with a significant biopsychosocial burden""}"
F022_39468650,DeepSeek-V4-Flash,deepseek/deepseek-v4-flash,conceptual_problems,0,tokenistic_bps,tokenistic_bps,Fibromyalgia and chronic primary low back pain are two chronic pain conditions with a significant biopsychosocial burden,"{""problem_type"": ""tokenistic_bps"", ""problem_verbatim"": ""Fibromyalgia and chronic primary low back pain are two chronic pain conditions with a significant biopsychosocial burden"", ""note"": ""BPS label used in abstract but social domain is minimal and no integration is achieved.""}"
F022_39468650,DeepSeek-V4-Flash,deepseek/deepseek-v4-flash,conceptual_problems,1,missing_social,missing_social,,"{""problem_type"": ""missing_social"", ""problem_verbatim"": """", ""note"": ""Social domain is limited to one mention of social support and socioeconomic status; no substantive social analysis.""}"
F022_39468650,DeepSeek-V4-Flash,deepseek/deepseek-v4-flash,conceptual_problems,2,parallel_listing_without_integration,parallel_listing_without_integration,,"{""problem_type"": ""parallel_listing_without_integration"", ""problem_verbatim"": """", ""note"": ""Biological and psychological outcomes are listed and compared separately; no relational claims between domains.""}"
F022_39468650,DeepSeek-V4-Flash,deepseek/deepseek-v4-flash,key_quotes,0,definitional,definitional,Fibromyalgia and chronic primary low back pain are two chronic pain conditions with a significant biopsychosocial burden,"{""claim_verbatim"": ""Fibromyalgia and chronic primary low back pain are two chronic pain conditions with a significant biopsychosocial burden"", ""claim_type"": ""definitional"", ""section_located"": ""abstract"", ""why_it_matters"": ""Shows tokenistic use of BPS label without substantive social or integrative content.""}"
F022_39468650,DeepSeek-V4-Flash,deepseek/deepseek-v4-flash,key_quotes,1,integrative,integrative,"Catastrophizing, depression, and anxiety have been suggested to contribute to the birth, development, and sustainment of central sensitization","{""claim_verbatim"": ""Catastrophizing, depression, and anxiety have been suggested to contribute to the birth, development, and sustainment of central sensitization"", ""claim_type"": ""integrative"", ""section_located"": ""discussion"", ""why_it_matters"": ""Only directional bio-psych claim; no pathway specified.""}"
F023_39200209,DeepSeek-V4-Flash,deepseek/deepseek-v4-flash,integration_claims,0,bio_psych,bio_psych,the activation of the AS in adult subjects with SA increases heart rate variability (HRV) (one of the most important biomarkers of resilience) through the parasympathetic response to stress,"{""domains_linked"": ""bio_psych"", ""integration_level"": ""mechanistic"", ""claim_verbatim"": ""the activation of the AS in adult subjects with SA increases heart rate variability (HRV) (one of the most important biomarkers of resilience) through the parasympathetic response to stress"", ""mechanism_note"": ""Secure attachment increases HRV via parasympathetic response, linking psychological attachment to biological stress regulation."", ""section_located"": ""results"", ""evidence_basis"": ""cited_from_other_work""}"
F023_39200209,DeepSeek-V4-Flash,deepseek/deepseek-v4-flash,integration_claims,1,bio_psych,bio_psych,"OT can exert its analgesic effect at both spinal-cord level and above-spinal-cord level, as well as in the peripheral nervous system.","{""domains_linked"": ""bio_psych"", ""integration_level"": ""mechanistic"", ""claim_verbatim"": ""OT can exert its analgesic effect at both spinal-cord level and above-spinal-cord level, as well as in the peripheral nervous system."", ""mechanism_note"": ""Oxytocin acts on spinal and supraspinal sites to inhibit nociceptive afferents, linking neurobiology to pain modulation."", ""section_located"": ""results"", ""evidence_basis"": ""cited_from_other_work""}"
F023_39200209,DeepSeek-V4-Flash,deepseek/deepseek-v4-flash,integration_claims,2,bio_psych,bio_psych,"the analgesic action of OT is not limited to the modulation of the perception of the painful experience at the level of the higher brain centers, but extends to the spinal cord by activating the descending inhibitory system effect","{""domains_linked"": ""bio_psych"", ""integration_level"": ""mechanistic"", ""claim_verbatim"": ""the analgesic action of OT is not limited to the modulation of the perception of the painful experience at the level of the higher brain centers, but extends to the spinal cord by activating the descending inhibitory system effect"", ""mechanism_note"": ""Oxytocin modulates pain via descending inhibitory pathways, linking neuropeptide action to psychological pain experience."", ""section_located"": ""discussion"", ""evidence_basis"": ""theorized""}"
F023_39200209,DeepSeek-V4-Flash,deepseek/deepseek-v4-flash,integration_claims,3,psych_social,psych_social,"the negative effect of IA on the functioning of patients with CP may not be mediated by an increase in pain intensity, suggesting that other variables, like cognitive ... and social status such as marital satisfaction and social support from significant others, may have a role.","{""domains_linked"": ""psych_social"", ""integration_level"": ""directional"", ""claim_verbatim"": ""the negative effect of IA on the functioning of patients with CP may not be mediated by an increase in pain intensity, suggesting that other variables, like cognitive ... and social status such as marital satisfaction and social support from significant others, may have a role."", ""mechanism_note"": ""Insecure attachment influences pain functioning through social factors like marital satisfaction and social support."", ""section_located"": ""results"", ""evidence_basis"": ""cited_from_other_work""}"
F023_39200209,DeepSeek-V4-Flash,deepseek/deepseek-v4-flash,integration_claims,4,bio_social,bio_social,early stressful life events may be responsible for maladaptive neural plasticity and function and that these abnormalities may have a negative impact on children’s psychological and physical health throughout life,"{""domains_linked"": ""bio_social"", ""integration_level"": ""directional"", ""claim_verbatim"": ""early stressful life events may be responsible for maladaptive neural plasticity and function and that these abnormalities may have a negative impact on children’s psychological and physical health throughout life"", ""mechanism_note"": ""Early social stress leads to biological neural changes affecting health, but no specific pathway detailed."", ""section_located"": ""results"", ""evidence_basis"": ""cited_from_other_work""}"
F023_39200209,DeepSeek-V4-Flash,deepseek/deepseek-v4-flash,integration_claims,5,bio_social,bio_social,"child maltreatment has been found to be highly associated with post-traumatic stress symptoms, a clinical spectrum that represents a frequent consequence of childhood maltreatment and which can also be considered a symptomatic phenotype predisposing the patient to CP","{""domains_linked"": ""bio_social"", ""integration_level"": ""directional"", ""claim_verbatim"": ""child maltreatment has been found to be highly associated with post-traumatic stress symptoms, a clinical spectrum that represents a frequent consequence of childhood maltreatment and which can also be considered a symptomatic phenotype predisposing the patient to CP"", ""mechanism_note"": ""Childhood maltreatment (social) predisposes to PTSD and chronic pain, but mechanism not specified."", ""section_located"": ""results"", ""evidence_basis"": ""cited_from_other_work""}"
F023_39200209,DeepSeek-V4-Flash,deepseek/deepseek-v4-flash,integration_claims,6,triadic,triadic,"In adulthood, a vicious circle characterized by a progressive reduction in resilience with respect to stressful life events and increased activation of a threat system could represent the 'natural' biopsychosocial trajectory of this dysfunctional psychological, neurological, endocrinological, immunological process.","{""domains_linked"": ""triadic"", ""integration_level"": ""mentioned"", ""claim_verbatim"": ""In adulthood, a vicious circle characterized by a progressive reduction in resilience with respect to stressful life events and increased activation of a threat system could represent the 'natural' biopsychosocial trajectory of this dysfunctional psychological, neurological, endocrinological, immunological process."", ""mechanism_note"": ""Biological (neurological, endocrinological, immunological) and psychological (threat system) are integrated; social (stressful life events) is present but loosely attached."", ""section_located"": ""conclusion"", ""evidence_basis"": ""theorized""}"
F023_39200209,DeepSeek-V4-Flash,deepseek/deepseek-v4-flash,integration_claims,7,triadic,triadic,"The different clinical phenotype within and between central sensitivity syndromes might depend on biological (epigenetic), psychological and social factors expressed individually by each patient and his or her history.","{""domains_linked"": ""triadic"", ""integration_level"": ""mentioned"", ""claim_verbatim"": ""The different clinical phenotype within and between central sensitivity syndromes might depend on biological (epigenetic), psychological and social factors expressed individually by each patient and his or her history."", ""mechanism_note"": ""All three domains are named as determinants of phenotype, but no pathway or relation among them is specified."", ""section_located"": ""conclusion"", ""evidence_basis"": ""theorized""}"
F023_39200209,DeepSeek-V4-Flash,deepseek/deepseek-v4-flash,domain_evidence,0,biological,biological,C-tactile (CT) fibers have a very slow conduction speed (between 0.3 and 2 m/s) and this delayed response is a useful neurophysiological parameter for easily recognizing the CT fiber signal.,"{""domain"": ""biological"", ""coverage_level"": ""elaborated"", ""constructs_named"": [""c-tactile fibers"", ""oxytocinergic system"", ""hpa axis"", ""autonomic nervous system"", ""small-fiber pathology"", ""intraepidermal nerve fiber density"", ""central sensitization"", ""opioid system""], ""evidence_verbatim"": ""C-tactile (CT) fibers have a very slow conduction speed (between 0.3 and 2 m/s) and this delayed response is a useful neurophysiological parameter for easily recognizing the CT fiber signal."", ""section_located"": ""results""}"
F023_39200209,DeepSeek-V4-Flash,deepseek/deepseek-v4-flash,domain_evidence,1,psychological,psychological,"insecure attachment (IA) represents not only a predisposing factor for chronic pain (CP) but also an important cause of altered pain perception, such as catastrophic pain, lack of ability to cope with pain and a significant predictive factor for anxiety and depression in CP disorders.","{""domain"": ""psychological"", ""coverage_level"": ""elaborated"", ""constructs_named"": [""insecure attachment"", ""secure attachment"", ""catastrophizing"", ""coping style"", ""anxiety"", ""depression"", ""alexithymia"", ""emotional dysregulation""], ""evidence_verbatim"": ""insecure attachment (IA) represents not only a predisposing factor for chronic pain (CP) but also an important cause of altered pain perception, such as catastrophic pain, lack of ability to cope with pain and a significant predictive factor for anxiety and depression in CP disorders."", ""section_located"": ""results""}"
F023_39200209,DeepSeek-V4-Flash,deepseek/deepseek-v4-flash,domain_evidence,2,social,social,"other variables, like cognitive (catastrophizing, coping style) and affective (anxiety and depression) components of the pain experience, and social status such as marital satisfaction and social support from significant others, may have a role.","{""domain"": ""social"", ""coverage_level"": ""mentioned"", ""constructs_named"": [""social support"", ""marital satisfaction"", ""caregiver–patient dyad"", ""social status"", ""childhood maltreatment"", ""early stressful life events""], ""evidence_verbatim"": ""other variables, like cognitive (catastrophizing, coping style) and affective (anxiety and depression) components of the pain experience, and social status such as marital satisfaction and social support from significant others, may have a role."", ""section_located"": ""results""}"
F023_39200209,DeepSeek-V4-Flash,deepseek/deepseek-v4-flash,psychological_concepts,0,insecure attachment,insecure attachment,"the ambivalent/preoccupied form of insecure attachment (IA) is characterized by feelings of anger and less autonomy, the typical aspect of the avoidant/dismissing form of IA is to deactivate the AS to avoid discomfort","{""concept_label"": ""insecure attachment"", ""definitional_status"": ""formally_defined"", ""definition_verbatim"": ""the ambivalent/preoccupied form of insecure attachment (IA) is characterized by feelings of anger and less autonomy, the typical aspect of the avoidant/dismissing form of IA is to deactivate the AS to avoid discomfort"", ""section_located"": ""results""}"
F023_39200209,DeepSeek-V4-Flash,deepseek/deepseek-v4-flash,psychological_concepts,1,secure attachment,secure attachment,"a person with SA is characterized by competence in social behavior, emotion regulation, and executive cognitive functions, with a balance between exploration and attachment behavior and an ability to analyze one’s feelings and thoughts.","{""concept_label"": ""secure attachment"", ""definitional_status"": ""formally_defined"", ""definition_verbatim"": ""a person with SA is characterized by competence in social behavior, emotion regulation, and executive cognitive functions, with a balance between exploration and attachment behavior and an ability to analyze one’s feelings and thoughts."", ""section_located"": ""results""}"
F023_39200209,DeepSeek-V4-Flash,deepseek/deepseek-v4-flash,psychological_concepts,2,catastrophizing,catastrophizing,,"{""concept_label"": ""catastrophizing"", ""definitional_status"": ""named_only"", ""definition_verbatim"": """", ""section_located"": ""results""}"
F023_39200209,DeepSeek-V4-Flash,deepseek/deepseek-v4-flash,psychological_concepts,3,coping style,coping style,,"{""concept_label"": ""coping style"", ""definitional_status"": ""named_only"", ""definition_verbatim"": """", ""section_located"": ""results""}"
F023_39200209,DeepSeek-V4-Flash,deepseek/deepseek-v4-flash,psychological_concepts,4,anxiety,anxiety,,"{""concept_label"": ""anxiety"", ""definitional_status"": ""named_only"", ""definition_verbatim"": """", ""section_located"": ""results""}"
F023_39200209,DeepSeek-V4-Flash,deepseek/deepseek-v4-flash,psychological_concepts,5,depression,depression,,"{""concept_label"": ""depression"", ""definitional_status"": ""named_only"", ""definition_verbatim"": """", ""section_located"": ""results""}"
F023_39200209,DeepSeek-V4-Flash,deepseek/deepseek-v4-flash,psychological_concepts,6,alexithymia,alexithymia,,"{""concept_label"": ""alexithymia"", ""definitional_status"": ""named_only"", ""definition_verbatim"": """", ""section_located"": ""results""}"
F023_39200209,DeepSeek-V4-Flash,deepseek/deepseek-v4-flash,psychological_concepts,7,emotional dysregulation,emotional dysregulation,,"{""concept_label"": ""emotional dysregulation"", ""definitional_status"": ""named_only"", ""definition_verbatim"": """", ""section_located"": ""results""}"
F023_39200209,DeepSeek-V4-Flash,deepseek/deepseek-v4-flash,psychological_concepts,8,threat system,threat system,patients with FMS could have an excessive functionality of the threat system and the related defense cascade,"{""concept_label"": ""threat system"", ""definitional_status"": ""operationalized_only"", ""definition_verbatim"": ""patients with FMS could have an excessive functionality of the threat system and the related defense cascade"", ""section_located"": ""results""}"
F023_39200209,DeepSeek-V4-Flash,deepseek/deepseek-v4-flash,psychological_concepts,9,soothing system,soothing system,a reduced activity of the soothing affiliative system,"{""concept_label"": ""soothing system"", ""definitional_status"": ""operationalized_only"", ""definition_verbatim"": ""a reduced activity of the soothing affiliative system"", ""section_located"": ""discussion""}"
F023_39200209,DeepSeek-V4-Flash,deepseek/deepseek-v4-flash,theoretical_frameworks,0,attachment theory,attachment theory,"According to John Bowlby (1969), the father of attachment theory, attachment can be defined as a biobehavioral state composed of biological, physiological and behavioral systems, capable of maintaining internal homeostasis in the event of emotional arousal.","{""framework_label"": ""attachment theory"", ""role"": ""organizing framework"", ""framework_verbatim"": ""According to John Bowlby (1969), the father of attachment theory, attachment can be defined as a biobehavioral state composed of biological, physiological and behavioral systems, capable of maintaining internal homeostasis in the event of emotional arousal.""}"
F023_39200209,DeepSeek-V4-Flash,deepseek/deepseek-v4-flash,theoretical_frameworks,1,Fibromyalgia: Imbalance of Threat and Soothing Systems,fibromyalgia: imbalance of threat and soothing systems,a recent pathophysiological and integrative model called 'Fibromyalgia: Imbalance of Threat and Soothing Systems' has been proposed.,"{""framework_label"": ""Fibromyalgia: Imbalance of Threat and Soothing Systems"", ""role"": ""extended or revised"", ""framework_verbatim"": ""a recent pathophysiological and integrative model called 'Fibromyalgia: Imbalance of Threat and Soothing Systems' has been proposed.""}"
F023_39200209,DeepSeek-V4-Flash,deepseek/deepseek-v4-flash,theoretical_frameworks,2,attachment-diathesis model of chronic pain,attachment-diathesis model of chronic pain,"the old theory of CP as derived from a stress diathesis, has been transformed into attachment-diathesis models of CP, suggesting a direct and causal pathophysiological link between IA, stress and CP disorders.","{""framework_label"": ""attachment-diathesis model of chronic pain"", ""role"": ""organizing framework"", ""framework_verbatim"": ""the old theory of CP as derived from a stress diathesis, has been transformed into attachment-diathesis models of CP, suggesting a direct and causal pathophysiological link between IA, stress and CP disorders.""}"
F023_39200209,DeepSeek-V4-Flash,deepseek/deepseek-v4-flash,theoretical_frameworks,3,Hyland model (body reprogramming),hyland model (body reprogramming),According to the Hyland model (2017) the human body is metaphorically compared to a computer composed of hardware and software which can be damaged during use but which can also be repaired using a multimodal therapeutic approach called 'body reprogramming'.,"{""framework_label"": ""Hyland model (body reprogramming)"", ""role"": ""mentioned in passing"", ""framework_verbatim"": ""According to the Hyland model (2017) the human body is metaphorically compared to a computer composed of hardware and software which can be damaged during use but which can also be repaired using a multimodal therapeutic approach called 'body reprogramming'.""}"
F023_39200209,DeepSeek-V4-Flash,deepseek/deepseek-v4-flash,conceptual_problems,0,missing_social,missing_social,"other variables, like cognitive (catastrophizing, coping style) and affective (anxiety and depression) components of the pain experience, and social status such as marital satisfaction and social support from significant others, may have a role.","{""problem_type"": ""missing_social"", ""problem_verbatim"": ""other variables, like cognitive (catastrophizing, coping style) and affective (anxiety and depression) components of the pain experience, and social status such as marital satisfaction and social support from significant others, may have a role."", ""note"": ""Social domain is mentioned only in passing; no sustained analysis of social mechanisms.""}"
F023_39200209,DeepSeek-V4-Flash,deepseek/deepseek-v4-flash,conceptual_problems,1,parallel_listing_without_integration,parallel_listing_without_integration,"The different clinical phenotype within and between central sensitivity syndromes might depend on biological (epigenetic), psychological and social factors expressed individually by each patient and his or her history.","{""problem_type"": ""parallel_listing_without_integration"", ""problem_verbatim"": ""The different clinical phenotype within and between central sensitivity syndromes might depend on biological (epigenetic), psychological and social factors expressed individually by each patient and his or her history."", ""note"": ""Domains listed as parallel determinants without specifying how they relate to each other.""}"
F023_39200209,DeepSeek-V4-Flash,deepseek/deepseek-v4-flash,key_quotes,0,theoretical,theoretical,We argue that the crucial pathophysiological mechanism responsible for fibromyalgia and other central sensitivity syndromes is the dysfunctional development of the bodily stress system.,"{""claim_verbatim"": ""We argue that the crucial pathophysiological mechanism responsible for fibromyalgia and other central sensitivity syndromes is the dysfunctional development of the bodily stress system."", ""claim_type"": ""theoretical"", ""section_located"": ""conclusion"", ""why_it_matters"": ""Central claim of the paper, framing FMS as a stress-system disorder.""}"
F023_39200209,DeepSeek-V4-Flash,deepseek/deepseek-v4-flash,key_quotes,1,integrative,integrative,"insecure attachment, in a synergistic relationship with the stressful events of childhood, could represent the 'primum movens' capable of sensitizing the threat system during the 'sensitive period' of brain development.","{""claim_verbatim"": ""insecure attachment, in a synergistic relationship with the stressful events of childhood, could represent the 'primum movens' capable of sensitizing the threat system during the 'sensitive period' of brain development."", ""claim_type"": ""integrative"", ""section_located"": ""conclusion"", ""why_it_matters"": ""Proposes insecure attachment as the primary driver linking social stress to biological sensitization.""}"
F023_39200209,DeepSeek-V4-Flash,deepseek/deepseek-v4-flash,key_quotes,2,integrative,integrative,"the analgesic action of OT is not limited to the modulation of the perception of the painful experience at the level of the higher brain centers, but extends to the spinal cord by activating the descending inhibitory system effect","{""claim_verbatim"": ""the analgesic action of OT is not limited to the modulation of the perception of the painful experience at the level of the higher brain centers, but extends to the spinal cord by activating the descending inhibitory system effect"", ""claim_type"": ""integrative"", ""section_located"": ""discussion"", ""why_it_matters"": ""Specifies a biological pathway for oxytocin's pain modulation, linking neurobiology to psychological experience.""}"
F023_39200209,DeepSeek-V4-Flash,deepseek/deepseek-v4-flash,key_quotes,3,clinical or applied,clinical or applied,the biopsychosocial model for the clinical evaluation and treatment of patients with CP and central sensitivity syndromes is based on a patient-centered approach in which individualized and multidisciplinary treatments should always be specifically tailored to each patient,"{""claim_verbatim"": ""the biopsychosocial model for the clinical evaluation and treatment of patients with CP and central sensitivity syndromes is based on a patient-centered approach in which individualized and multidisciplinary treatments should always be specifically tailored to each patient"", ""claim_type"": ""clinical or applied"", ""section_located"": ""discussion"", ""why_it_matters"": ""Explicit invocation of BPS model, but only as a clinical approach, not as an integrated framework.""}"
F024_39073865,DeepSeek-V4-Flash,deepseek/deepseek-v4-flash,integration_claims,0,bio_psych,bio_psych,"The evaluated interventions showed signs of effectiveness in the targeted pain, psychological, physical, and integrated outcomes.","{""domains_linked"": ""bio_psych"", ""integration_level"": ""descriptive"", ""claim_verbatim"": ""The evaluated interventions showed signs of effectiveness in the targeted pain, psychological, physical, and integrated outcomes."", ""mechanism_note"": ""Outcomes are listed together but no pathway between biological and psychological is specified."", ""section_located"": ""discussion"", ""evidence_basis"": ""empirically_supported""}"
F024_39073865,DeepSeek-V4-Flash,deepseek/deepseek-v4-flash,domain_evidence,0,biological,biological,"Health behavior education about pain physiology, the effects of pain, and treatment options; the benefits of physical activity; nutrition; sleep hygiene; stress management; and healthy lifestyles counseling","{""domain"": ""biological"", ""coverage_level"": ""mentioned"", ""constructs_named"": [""pain physiology"", ""physical activity"", ""muscle-strengthening exercises"", ""weight"", ""sleep hygiene""], ""evidence_verbatim"": ""Health behavior education about pain physiology, the effects of pain, and treatment options; the benefits of physical activity; nutrition; sleep hygiene; stress management; and healthy lifestyles counseling"", ""section_located"": ""results""}"
F024_39073865,DeepSeek-V4-Flash,deepseek/deepseek-v4-flash,domain_evidence,1,psychological,psychological,"The pain-related psychological outcomes considered in the studies were perceived self-efficacy, pain catastrophizing, pain acceptance, kinesiophobia, illness representation, and self-awareness of responses to pain.","{""domain"": ""psychological"", ""coverage_level"": ""elaborated"", ""constructs_named"": [""self-efficacy"", ""pain catastrophizing"", ""pain acceptance"", ""kinesiophobia"", ""illness representation"", ""self-awareness of responses to pain"", ""cognitive functioning"", ""mindfulness""], ""evidence_verbatim"": ""The pain-related psychological outcomes considered in the studies were perceived self-efficacy, pain catastrophizing, pain acceptance, kinesiophobia, illness representation, and self-awareness of responses to pain."", ""section_located"": ""results""}"
F024_39073865,DeepSeek-V4-Flash,deepseek/deepseek-v4-flash,domain_evidence,2,social,social,"Among the integrated outcomes, perceived health status and HRQoL, pain interference, functional capacities, well-being, social participation and social functioning, and health behavior related to pain were included.","{""domain"": ""social"", ""coverage_level"": ""minimal"", ""constructs_named"": [""social participation"", ""social functioning""], ""evidence_verbatim"": ""Among the integrated outcomes, perceived health status and HRQoL, pain interference, functional capacities, well-being, social participation and social functioning, and health behavior related to pain were included."", ""section_located"": ""results""}"
F024_39073865,DeepSeek-V4-Flash,deepseek/deepseek-v4-flash,psychological_concepts,0,self-efficacy,self-efficacy,,"{""concept_label"": ""self-efficacy"", ""definitional_status"": ""named_only"", ""definition_verbatim"": """", ""section_located"": ""results""}"
F024_39073865,DeepSeek-V4-Flash,deepseek/deepseek-v4-flash,psychological_concepts,1,pain catastrophizing,pain catastrophizing,,"{""concept_label"": ""pain catastrophizing"", ""definitional_status"": ""named_only"", ""definition_verbatim"": """", ""section_located"": ""results""}"
F024_39073865,DeepSeek-V4-Flash,deepseek/deepseek-v4-flash,psychological_concepts,2,pain acceptance,pain acceptance,,"{""concept_label"": ""pain acceptance"", ""definitional_status"": ""named_only"", ""definition_verbatim"": """", ""section_located"": ""results""}"
F024_39073865,DeepSeek-V4-Flash,deepseek/deepseek-v4-flash,psychological_concepts,3,kinesiophobia,kinesiophobia,,"{""concept_label"": ""kinesiophobia"", ""definitional_status"": ""named_only"", ""definition_verbatim"": """", ""section_located"": ""results""}"
F024_39073865,DeepSeek-V4-Flash,deepseek/deepseek-v4-flash,psychological_concepts,4,illness representation,illness representation,,"{""concept_label"": ""illness representation"", ""definitional_status"": ""named_only"", ""definition_verbatim"": """", ""section_located"": ""results""}"
F024_39073865,DeepSeek-V4-Flash,deepseek/deepseek-v4-flash,psychological_concepts,5,self-awareness of responses to pain,self-awareness of responses to pain,,"{""concept_label"": ""self-awareness of responses to pain"", ""definitional_status"": ""named_only"", ""definition_verbatim"": """", ""section_located"": ""results""}"
F024_39073865,DeepSeek-V4-Flash,deepseek/deepseek-v4-flash,psychological_concepts,6,cognitive functioning,cognitive functioning,,"{""concept_label"": ""cognitive functioning"", ""definitional_status"": ""named_only"", ""definition_verbatim"": """", ""section_located"": ""results""}"
F024_39073865,DeepSeek-V4-Flash,deepseek/deepseek-v4-flash,psychological_concepts,7,mindfulness,mindfulness,,"{""concept_label"": ""mindfulness"", ""definitional_status"": ""named_only"", ""definition_verbatim"": """", ""section_located"": ""results""}"
F024_39073865,DeepSeek-V4-Flash,deepseek/deepseek-v4-flash,psychological_concepts,8,self-compassion,self-compassion,,"{""concept_label"": ""self-compassion"", ""definitional_status"": ""named_only"", ""definition_verbatim"": """", ""section_located"": ""results""}"
F024_39073865,DeepSeek-V4-Flash,deepseek/deepseek-v4-flash,psychological_concepts,9,coping,coping,,"{""concept_label"": ""coping"", ""definitional_status"": ""named_only"", ""definition_verbatim"": """", ""section_located"": ""results""}"
F024_39073865,DeepSeek-V4-Flash,deepseek/deepseek-v4-flash,psychological_concepts,10,resilience,resilience,,"{""concept_label"": ""resilience"", ""definitional_status"": ""named_only"", ""definition_verbatim"": """", ""section_located"": ""results""}"
F024_39073865,DeepSeek-V4-Flash,deepseek/deepseek-v4-flash,psychological_concepts,11,self-determinative needs satisfaction,self-determinative needs satisfaction,,"{""concept_label"": ""self-determinative needs satisfaction"", ""definitional_status"": ""named_only"", ""definition_verbatim"": """", ""section_located"": ""results""}"
F024_39073865,DeepSeek-V4-Flash,deepseek/deepseek-v4-flash,psychological_concepts,12,anxiety,anxiety,,"{""concept_label"": ""anxiety"", ""definitional_status"": ""named_only"", ""definition_verbatim"": """", ""section_located"": ""results""}"
F024_39073865,DeepSeek-V4-Flash,deepseek/deepseek-v4-flash,psychological_concepts,13,depressive symptoms,depressive symptoms,,"{""concept_label"": ""depressive symptoms"", ""definitional_status"": ""named_only"", ""definition_verbatim"": """", ""section_located"": ""results""}"
F024_39073865,DeepSeek-V4-Flash,deepseek/deepseek-v4-flash,theoretical_frameworks,0,biopsychosocial model,biopsychosocial model,"the focus of clinicians and researchers in recent years has been on a biopsychosocial model of chronic pain, according to which the experience of pain is determined by the complex interaction between biological, psychological, and social aspects","{""framework_label"": ""biopsychosocial model"", ""role"": ""organizing framework"", ""framework_verbatim"": ""the focus of clinicians and researchers in recent years has been on a biopsychosocial model of chronic pain, according to which the experience of pain is determined by the complex interaction between biological, psychological, and social aspects""}"
F024_39073865,DeepSeek-V4-Flash,deepseek/deepseek-v4-flash,conceptual_problems,0,parallel_listing_without_integration,parallel_listing_without_integration,"the evaluated interventions showed signs of effectiveness in the targeted pain, psychological, physical, and integrated outcomes.","{""problem_type"": ""parallel_listing_without_integration"", ""problem_verbatim"": ""the evaluated interventions showed signs of effectiveness in the targeted pain, psychological, physical, and integrated outcomes."", ""note"": ""Domains are listed as separate outcomes; no cross-domain mechanism is specified.""}"
F024_39073865,DeepSeek-V4-Flash,deepseek/deepseek-v4-flash,conceptual_problems,1,missing_social,missing_social,"Among the integrated outcomes, perceived health status and HRQoL, pain interference, functional capacities, well-being, social participation and social functioning, and health behavior related to pain were included.","{""problem_type"": ""missing_social"", ""problem_verbatim"": ""Among the integrated outcomes, perceived health status and HRQoL, pain interference, functional capacities, well-being, social participation and social functioning, and health behavior related to pain were included."", ""note"": ""Social domain is only minimally present as a listed outcome, not developed.""}"
F024_39073865,DeepSeek-V4-Flash,deepseek/deepseek-v4-flash,key_quotes,0,definitional,definitional,"the focus of clinicians and researchers in recent years has been on a biopsychosocial model of chronic pain, according to which the experience of pain is determined by the complex interaction between biological, psychological, and social aspects","{""claim_verbatim"": ""the focus of clinicians and researchers in recent years has been on a biopsychosocial model of chronic pain, according to which the experience of pain is determined by the complex interaction between biological, psychological, and social aspects"", ""claim_type"": ""definitional"", ""section_located"": ""introduction"", ""why_it_matters"": ""States the BPS model as an organizing framework but does not operationalize the interaction.""}"
F024_39073865,DeepSeek-V4-Flash,deepseek/deepseek-v4-flash,key_quotes,1,clinical or applied,clinical or applied,"the evaluated interventions showed signs of effectiveness in the targeted pain, psychological, physical, and integrated outcomes.","{""claim_verbatim"": ""the evaluated interventions showed signs of effectiveness in the targeted pain, psychological, physical, and integrated outcomes."", ""claim_type"": ""clinical or applied"", ""section_located"": ""discussion"", ""why_it_matters"": ""Outcomes are listed in parallel; no integration claim is made.""}"
F025_41188763,DeepSeek-V4-Flash,deepseek/deepseek-v4-flash,integration_claims,0,bio_psych,bio_psych,"Adrenal and gonadal hormones play a role in reorganizing brain regions relevant for pain processing, which may differentially affect pain vulnerability across sexes.","{""domains_linked"": ""bio_psych"", ""integration_level"": ""directional"", ""claim_verbatim"": ""Adrenal and gonadal hormones play a role in reorganizing brain regions relevant for pain processing, which may differentially affect pain vulnerability across sexes."", ""mechanism_note"": ""Hormones reorganize brain regions, affecting pain vulnerability, but no pathway specified."", ""section_located"": ""results"", ""evidence_basis"": ""theorized""}"
F025_41188763,DeepSeek-V4-Flash,deepseek/deepseek-v4-flash,integration_claims,1,bio_psych,bio_psych,rumination mediated the relation between gender and differences in experimental pain tolerance and thresholds.,"{""domains_linked"": ""bio_psych"", ""integration_level"": ""directional"", ""claim_verbatim"": ""rumination mediated the relation between gender and differences in experimental pain tolerance and thresholds."", ""mechanism_note"": ""Rumination as mediator between gender and pain tolerance, but no biological pathway."", ""section_located"": ""results"", ""evidence_basis"": ""cited_from_other_work""}"
F025_41188763,DeepSeek-V4-Flash,deepseek/deepseek-v4-flash,integration_claims,2,bio_social,bio_social,"early adverse events have been linked to pubertal timing, demonstrating the influence of sociocultural factors on biological processes relevant to pain.","{""domains_linked"": ""bio_social"", ""integration_level"": ""directional"", ""claim_verbatim"": ""early adverse events have been linked to pubertal timing, demonstrating the influence of sociocultural factors on biological processes relevant to pain."", ""mechanism_note"": ""Adverse events influence pubertal timing, a biological process, but no pathway given."", ""section_located"": ""results"", ""evidence_basis"": ""cited_from_other_work""}"
F025_41188763,DeepSeek-V4-Flash,deepseek/deepseek-v4-flash,integration_claims,3,psych_social,psych_social,"Girls and boys also generally employ different emotion regulation strategies, with girls being more likely to ruminate or seek social support than boys.","{""domains_linked"": ""psych_social"", ""integration_level"": ""mentioned"", ""claim_verbatim"": ""Girls and boys also generally employ different emotion regulation strategies, with girls being more likely to ruminate or seek social support than boys."", ""mechanism_note"": ""Gender differences in emotion regulation strategies noted, but no relation to pain specified."", ""section_located"": ""results"", ""evidence_basis"": ""cited_from_other_work""}"
F025_41188763,DeepSeek-V4-Flash,deepseek/deepseek-v4-flash,integration_claims,4,triadic,triadic,"A central component of this perspective is that the function of certain brain networks may be key susceptibility factors, which in the face of several sex- or gender-linked overlapping factors, including aspects of biological (hormones, menstruation), behavioral (sleep and physical activity), cognitive-affective (attentional biases, emotion regulation), and sociocultural (adverse events, gendered experiences) development may explain the greater rates of primary pain in females that emerge around puberty.","{""domains_linked"": ""triadic"", ""integration_level"": ""mentioned"", ""claim_verbatim"": ""A central component of this perspective is that the function of certain brain networks may be key susceptibility factors, which in the face of several sex- or gender-linked overlapping factors, including aspects of biological (hormones, menstruation), behavioral (sleep and physical activity), cognitive-affective (attentional biases, emotion regulation), and sociocultural (adverse events, gendered experiences) development may explain the greater rates of primary pain in females that emerge around puberty."", ""mechanism_note"": ""Brain networks as susceptibility factor with overlapping biological, cognitive-affective, and sociocultural factors; no pathway specified."", ""section_located"": ""introduction"", ""evidence_basis"": ""theorized""}"
F025_41188763,DeepSeek-V4-Flash,deepseek/deepseek-v4-flash,domain_evidence,0,biological,biological,"Puberty marks the beginning of adolescence and is driven by the activation of the hypothalamic-pituitary-gonadal axis, which initiates major hormonal shifts. These include increased production of adrenal androgens in both sexes, along with a marked rise in gonadal testosterone in males and larger increases in gonadal progesterone and estradiol in females.","{""domain"": ""biological"", ""coverage_level"": ""elaborated"", ""constructs_named"": [""hormones (adrenal androgens, gonadal testosterone, progesterone, estradiol, dhea)"", ""cns plasticity"", ""nociplastic mechanisms"", ""central sensitization"", ""brain structure and function"", ""functional connectivity (dmn, smn, sln)"", ""pubertal development (status, timing, tempo)"", ""menarche""], ""evidence_verbatim"": ""Puberty marks the beginning of adolescence and is driven by the activation of the hypothalamic-pituitary-gonadal axis, which initiates major hormonal shifts. These include increased production of adrenal androgens in both sexes, along with a marked rise in gonadal testosterone in males and larger increases in gonadal progesterone and estradiol in females."", ""section_located"": ""introduction""}"
F025_41188763,DeepSeek-V4-Flash,deepseek/deepseek-v4-flash,domain_evidence,1,psychological,psychological,"One domain is attentional biases for pain experiences (i.e., hypervigilance); for example, adult women had greater difficulty disengaging from a pain-related fear conditioning stimulus relative to men.","{""domain"": ""psychological"", ""coverage_level"": ""mentioned"", ""constructs_named"": [""attentional biases"", ""emotion regulation"", ""rumination"", ""pain catastrophizing"", ""anxiety"", ""depression"", ""internalizing symptoms"", ""hypervigilance""], ""evidence_verbatim"": ""One domain is attentional biases for pain experiences (i.e., hypervigilance); for example, adult women had greater difficulty disengaging from a pain-related fear conditioning stimulus relative to men."", ""section_located"": ""results""}"
F025_41188763,DeepSeek-V4-Flash,deepseek/deepseek-v4-flash,domain_evidence,2,social,social,"Sociocultural factors, including adverse events and gendered experiences, play a particularly crucial role in shaping pain perception and expression.","{""domain"": ""social"", ""coverage_level"": ""mentioned"", ""constructs_named"": [""adverse events"", ""gendered experiences"", ""sociocultural beliefs and expectations about gender"", ""discrimination"", ""parental reinforcement of pain behaviors"", ""caregiver attention"", ""medical help-seeking""], ""evidence_verbatim"": ""Sociocultural factors, including adverse events and gendered experiences, play a particularly crucial role in shaping pain perception and expression."", ""section_located"": ""results""}"
F025_41188763,DeepSeek-V4-Flash,deepseek/deepseek-v4-flash,psychological_concepts,0,attentional biases,attentional biases,"attentional biases for pain experiences (i.e., hypervigilance)","{""concept_label"": ""attentional biases"", ""definitional_status"": ""operationalized_only"", ""definition_verbatim"": ""attentional biases for pain experiences (i.e., hypervigilance)"", ""section_located"": ""results""}"
F025_41188763,DeepSeek-V4-Flash,deepseek/deepseek-v4-flash,psychological_concepts,1,emotion regulation,emotion regulation,emotion regulation (a multi-faceted process of modifying an emotional experience toward a desired state),"{""concept_label"": ""emotion regulation"", ""definitional_status"": ""formally_defined"", ""definition_verbatim"": ""emotion regulation (a multi-faceted process of modifying an emotional experience toward a desired state)"", ""section_located"": ""results""}"
F025_41188763,DeepSeek-V4-Flash,deepseek/deepseek-v4-flash,psychological_concepts,2,rumination,rumination,,"{""concept_label"": ""rumination"", ""definitional_status"": ""named_only"", ""definition_verbatim"": """", ""section_located"": ""results""}"
F025_41188763,DeepSeek-V4-Flash,deepseek/deepseek-v4-flash,psychological_concepts,3,pain catastrophizing,pain catastrophizing,,"{""concept_label"": ""pain catastrophizing"", ""definitional_status"": ""named_only"", ""definition_verbatim"": """", ""section_located"": ""results""}"
F025_41188763,DeepSeek-V4-Flash,deepseek/deepseek-v4-flash,psychological_concepts,4,anxiety,anxiety,,"{""concept_label"": ""anxiety"", ""definitional_status"": ""named_only"", ""definition_verbatim"": """", ""section_located"": ""results""}"
F025_41188763,DeepSeek-V4-Flash,deepseek/deepseek-v4-flash,psychological_concepts,5,depression,depression,,"{""concept_label"": ""depression"", ""definitional_status"": ""named_only"", ""definition_verbatim"": """", ""section_located"": ""results""}"
F025_41188763,DeepSeek-V4-Flash,deepseek/deepseek-v4-flash,psychological_concepts,6,internalizing symptoms,internalizing symptoms,,"{""concept_label"": ""internalizing symptoms"", ""definitional_status"": ""named_only"", ""definition_verbatim"": """", ""section_located"": ""results""}"
F025_41188763,DeepSeek-V4-Flash,deepseek/deepseek-v4-flash,psychological_concepts,7,effortful control,effortful control,,"{""concept_label"": ""effortful control"", ""definitional_status"": ""named_only"", ""definition_verbatim"": """", ""section_located"": ""results""}"
F025_41188763,DeepSeek-V4-Flash,deepseek/deepseek-v4-flash,theoretical_frameworks,0,developmentally-oriented biopsychosocial model,developmentally-oriented biopsychosocial model,This review takes a developmentally-oriented biopsychosocial perspective on the emergence of sex and gender differences in primary pain by highlighting adolescence as a pivotal period marked by pubertal maturation.,"{""framework_label"": ""developmentally-oriented biopsychosocial model"", ""role"": ""organizing framework"", ""framework_verbatim"": ""This review takes a developmentally-oriented biopsychosocial perspective on the emergence of sex and gender differences in primary pain by highlighting adolescence as a pivotal period marked by pubertal maturation.""}"
F025_41188763,DeepSeek-V4-Flash,deepseek/deepseek-v4-flash,theoretical_frameworks,1,nociplastic pain model,nociplastic pain model,"The mechanistic term, nociplastic, has been recently introduced to describe pain that results from altered nociception despite the absence of peripheral pathology.","{""framework_label"": ""nociplastic pain model"", ""role"": ""mentioned in passing"", ""framework_verbatim"": ""The mechanistic term, nociplastic, has been recently introduced to describe pain that results from altered nociception despite the absence of peripheral pathology.""}"
F025_41188763,DeepSeek-V4-Flash,deepseek/deepseek-v4-flash,conceptual_problems,0,parallel_listing_without_integration,parallel_listing_without_integration,"A central component of this perspective is that the function of certain brain networks may be key susceptibility factors, which in the face of several sex- or gender-linked overlapping factors, including aspects of biological (hormones, menstruation), behavioral (sleep and physical activity), cognitive-affective (attentional biases, emotion regulation), and sociocultural (adverse events, gendered experiences) development may explain the greater rates of primary pain in females that emerge around puberty.","{""problem_type"": ""parallel_listing_without_integration"", ""problem_verbatim"": ""A central component of this perspective is that the function of certain brain networks may be key susceptibility factors, which in the face of several sex- or gender-linked overlapping factors, including aspects of biological (hormones, menstruation), behavioral (sleep and physical activity), cognitive-affective (attentional biases, emotion regulation), and sociocultural (adverse events, gendered experiences) development may explain the greater rates of primary pain in females that emerge around puberty."", ""note"": ""Factors are listed as overlapping but no mechanism linking them is specified.""}"
F025_41188763,DeepSeek-V4-Flash,deepseek/deepseek-v4-flash,conceptual_problems,1,mechanistic_absence,mechanistic_absence,"The mechanisms underlying sex and gender differences in pain remain largely unknown but likely involve the cascade of hormonal changes associated with puberty, which affects all organ systems, including the CNS, and is related to a multitude of behavioral, cognitive-affective, and even sociocultural factors.","{""problem_type"": ""mechanistic_absence"", ""problem_verbatim"": ""The mechanisms underlying sex and gender differences in pain remain largely unknown but likely involve the cascade of hormonal changes associated with puberty, which affects all organ systems, including the CNS, and is related to a multitude of behavioral, cognitive-affective, and even sociocultural factors."", ""note"": ""Paper acknowledges mechanisms are unknown, consistent with its conceptual nature.""}"
F025_41188763,DeepSeek-V4-Flash,deepseek/deepseek-v4-flash,key_quotes,0,definitional,definitional,This review takes a developmentally-oriented biopsychosocial perspective on the emergence of sex and gender differences in primary pain by highlighting adolescence as a pivotal period marked by pubertal maturation.,"{""claim_verbatim"": ""This review takes a developmentally-oriented biopsychosocial perspective on the emergence of sex and gender differences in primary pain by highlighting adolescence as a pivotal period marked by pubertal maturation."", ""claim_type"": ""definitional"", ""section_located"": ""abstract"", ""why_it_matters"": ""Establishes the paper's BPS framing and developmental focus.""}"
F025_41188763,DeepSeek-V4-Flash,deepseek/deepseek-v4-flash,key_quotes,1,integrative,integrative,"A central component of this perspective is that the function of certain brain networks may be key susceptibility factors, which in the face of several sex- or gender-linked overlapping factors, including aspects of biological (hormones, menstruation), behavioral (sleep and physical activity), cognitive-affective (attentional biases, emotion regulation), and sociocultural (adverse events, gendered experiences) development may explain the greater rates of primary pain in females that emerge around puberty.","{""claim_verbatim"": ""A central component of this perspective is that the function of certain brain networks may be key susceptibility factors, which in the face of several sex- or gender-linked overlapping factors, including aspects of biological (hormones, menstruation), behavioral (sleep and physical activity), cognitive-affective (attentional biases, emotion regulation), and sociocultural (adverse events, gendered experiences) development may explain the greater rates of primary pain in females that emerge around puberty."", ""claim_type"": ""integrative"", ""section_located"": ""introduction"", ""why_it_matters"": ""Shows the paper's multifactorial approach with brain networks as central susceptibility factor.""}"
F025_41188763,DeepSeek-V4-Flash,deepseek/deepseek-v4-flash,key_quotes,2,critical or problematizing,critical or problematizing,"The mechanisms underlying sex and gender differences in pain remain largely unknown but likely involve the cascade of hormonal changes associated with puberty, which affects all organ systems, including the CNS, and is related to a multitude of behavioral, cognitive-affective, and even sociocultural factors.","{""claim_verbatim"": ""The mechanisms underlying sex and gender differences in pain remain largely unknown but likely involve the cascade of hormonal changes associated with puberty, which affects all organ systems, including the CNS, and is related to a multitude of behavioral, cognitive-affective, and even sociocultural factors."", ""claim_type"": ""critical or problematizing"", ""section_located"": ""conclusion"", ""why_it_matters"": ""Acknowledges the lack of mechanistic understanding despite the BPS framing.""}"
F026_40868970,DeepSeek-V4-Flash,deepseek/deepseek-v4-flash,integration_claims,0,bio_psych,bio_psych,"shared neural circuits involving emotion regulation, threat detection, and self-agency were implicated in both psychiatric disorders and PNES. These findings support a model in which psychiatric symptoms are not merely coexisting, but neurobiologically intertwined with the pathophysiology of functional seizures.","{""domains_linked"": ""bio_psych"", ""integration_level"": ""directional"", ""claim_verbatim"": ""shared neural circuits involving emotion regulation, threat detection, and self-agency were implicated in both psychiatric disorders and PNES. These findings support a model in which psychiatric symptoms are not merely coexisting, but neurobiologically intertwined with the pathophysiology of functional seizures."", ""mechanism_note"": ""Shared neural circuits are asserted but no specific pathway or mediator is named."", ""section_located"": ""results"", ""evidence_basis"": ""cited_from_other_work""}"
F026_40868970,DeepSeek-V4-Flash,deepseek/deepseek-v4-flash,integration_claims,1,bio_psych,bio_psych,"abnormal interactions between emotion regulation circuits and motor execution systems, reinforcing the biopsychosocial model of FMD","{""domains_linked"": ""bio_psych"", ""integration_level"": ""directional"", ""claim_verbatim"": ""abnormal interactions between emotion regulation circuits and motor execution systems, reinforcing the biopsychosocial model of FMD"", ""mechanism_note"": ""Abnormal interactions asserted but no specific pathway described."", ""section_located"": ""results"", ""evidence_basis"": ""cited_from_other_work""}"
F026_40868970,DeepSeek-V4-Flash,deepseek/deepseek-v4-flash,integration_claims,2,psych_social,psych_social,"The interplay between biological vulnerability, psychological factors, and social context supports the current biopsychological model of FND","{""domains_linked"": ""psych_social"", ""integration_level"": ""mentioned"", ""claim_verbatim"": ""The interplay between biological vulnerability, psychological factors, and social context supports the current biopsychological model of FND"", ""mechanism_note"": ""Interplay mentioned but not characterized."", ""section_located"": ""introduction"", ""evidence_basis"": ""asserted""}"
F026_40868970,DeepSeek-V4-Flash,deepseek/deepseek-v4-flash,integration_claims,3,triadic,triadic,"biological predisposition, traumatic events and social context intertwine to generate a diverse range of clinical manifestations.","{""domains_linked"": ""triadic"", ""integration_level"": ""mentioned"", ""claim_verbatim"": ""biological predisposition, traumatic events and social context intertwine to generate a diverse range of clinical manifestations."", ""mechanism_note"": ""Three domains named as intertwining but no pathway specified; biological and social are thin."", ""section_located"": ""conclusion"", ""evidence_basis"": ""asserted""}"
F026_40868970,DeepSeek-V4-Flash,deepseek/deepseek-v4-flash,domain_evidence,0,biological,biological,"Functional neuroimaging studies have implicated aberrant activity and connectivity within limbic, salience, agency, and sensorimotor networks, supporting the conceptualization of FND as a disorder of neural network dysfunction rather than overt structural pathology.","{""domain"": ""biological"", ""coverage_level"": ""mentioned"", ""constructs_named"": [""neural network dysfunction"", ""limbic, salience, agency, and sensorimotor networks"", ""central sensitization"", ""interoception"", ""functional mri"", ""fmri"", ""pet"", ""spect""], ""evidence_verbatim"": ""Functional neuroimaging studies have implicated aberrant activity and connectivity within limbic, salience, agency, and sensorimotor networks, supporting the conceptualization of FND as a disorder of neural network dysfunction rather than overt structural pathology."", ""section_located"": ""introduction""}"
F026_40868970,DeepSeek-V4-Flash,deepseek/deepseek-v4-flash,domain_evidence,1,psychological,psychological,"Psychiatric disorders emerged as the most prevalent and well studied comorbidities in PNES, reported in 44 of the 54 included studies. These included depression, anxiety, PTSD, dissociative disorders, and personality pathology, often predating the onset of seizures and influencing their course.","{""domain"": ""psychological"", ""coverage_level"": ""elaborated"", ""constructs_named"": [""depression"", ""anxiety"", ""ptsd"", ""dissociative disorders"", ""personality disorders"", ""emotional dysregulation"", ""maladaptive cognitive styles"", ""catastrophic interpretations""], ""evidence_verbatim"": ""Psychiatric disorders emerged as the most prevalent and well studied comorbidities in PNES, reported in 44 of the 54 included studies. These included depression, anxiety, PTSD, dissociative disorders, and personality pathology, often predating the onset of seizures and influencing their course."", ""section_located"": ""results""}"
F026_40868970,DeepSeek-V4-Flash,deepseek/deepseek-v4-flash,domain_evidence,2,social,social,"Moreover, social determinants such as lower education attainment, financial insecurity, and limited social support have been associated with increased vulnerability to FND, emphasizing the importance of contextual factors onset and maintenance of the disorder.","{""domain"": ""social"", ""coverage_level"": ""minimal"", ""constructs_named"": [""social context"", ""sociocultural context"", ""cultural attitudes"", ""social determinants"", ""lower education attainment"", ""financial insecurity"", ""limited social support"", ""ethnic and cultural backgrounds""], ""evidence_verbatim"": ""Moreover, social determinants such as lower education attainment, financial insecurity, and limited social support have been associated with increased vulnerability to FND, emphasizing the importance of contextual factors onset and maintenance of the disorder."", ""section_located"": ""introduction""}"
F026_40868970,DeepSeek-V4-Flash,deepseek/deepseek-v4-flash,psychological_concepts,0,depression,depression,,"{""concept_label"": ""depression"", ""definitional_status"": ""named_only"", ""definition_verbatim"": """", ""section_located"": ""results""}"
F026_40868970,DeepSeek-V4-Flash,deepseek/deepseek-v4-flash,psychological_concepts,1,anxiety,anxiety,,"{""concept_label"": ""anxiety"", ""definitional_status"": ""named_only"", ""definition_verbatim"": """", ""section_located"": ""results""}"
F026_40868970,DeepSeek-V4-Flash,deepseek/deepseek-v4-flash,psychological_concepts,2,PTSD,ptsd,,"{""concept_label"": ""PTSD"", ""definitional_status"": ""named_only"", ""definition_verbatim"": """", ""section_located"": ""results""}"
F026_40868970,DeepSeek-V4-Flash,deepseek/deepseek-v4-flash,psychological_concepts,3,dissociative disorders,dissociative disorders,,"{""concept_label"": ""dissociative disorders"", ""definitional_status"": ""named_only"", ""definition_verbatim"": """", ""section_located"": ""results""}"
F026_40868970,DeepSeek-V4-Flash,deepseek/deepseek-v4-flash,psychological_concepts,4,personality disorders,personality disorders,,"{""concept_label"": ""personality disorders"", ""definitional_status"": ""named_only"", ""definition_verbatim"": """", ""section_located"": ""results""}"
F026_40868970,DeepSeek-V4-Flash,deepseek/deepseek-v4-flash,psychological_concepts,5,emotional dysregulation,emotional dysregulation,,"{""concept_label"": ""emotional dysregulation"", ""definitional_status"": ""named_only"", ""definition_verbatim"": """", ""section_located"": ""results""}"
F026_40868970,DeepSeek-V4-Flash,deepseek/deepseek-v4-flash,psychological_concepts,6,cognitive anxiety,cognitive anxiety,,"{""concept_label"": ""cognitive anxiety"", ""definitional_status"": ""named_only"", ""definition_verbatim"": """", ""section_located"": ""discussion""}"
F026_40868970,DeepSeek-V4-Flash,deepseek/deepseek-v4-flash,psychological_concepts,7,catastrophic interpretations,catastrophic interpretations,,"{""concept_label"": ""catastrophic interpretations"", ""definitional_status"": ""named_only"", ""definition_verbatim"": """", ""section_located"": ""results""}"
F026_40868970,DeepSeek-V4-Flash,deepseek/deepseek-v4-flash,psychological_concepts,8,attentional bias,attentional bias,,"{""concept_label"": ""attentional bias"", ""definitional_status"": ""named_only"", ""definition_verbatim"": """", ""section_located"": ""results""}"
F026_40868970,DeepSeek-V4-Flash,deepseek/deepseek-v4-flash,psychological_concepts,9,metacognitive disruption,metacognitive disruption,,"{""concept_label"": ""metacognitive disruption"", ""definitional_status"": ""named_only"", ""definition_verbatim"": """", ""section_located"": ""results""}"
F026_40868970,DeepSeek-V4-Flash,deepseek/deepseek-v4-flash,psychological_concepts,10,illness beliefs,illness beliefs,,"{""concept_label"": ""illness beliefs"", ""definitional_status"": ""named_only"", ""definition_verbatim"": """", ""section_located"": ""results""}"
F026_40868970,DeepSeek-V4-Flash,deepseek/deepseek-v4-flash,psychological_concepts,11,health-related anxiety,health-related anxiety,,"{""concept_label"": ""health-related anxiety"", ""definitional_status"": ""named_only"", ""definition_verbatim"": """", ""section_located"": ""discussion""}"
F026_40868970,DeepSeek-V4-Flash,deepseek/deepseek-v4-flash,theoretical_frameworks,0,biopsychosocial model,biopsychosocial model,"The interplay between biological vulnerability, psychological factors, and social context supports the current biopsychological model of FND","{""framework_label"": ""biopsychosocial model"", ""role"": ""organizing framework"", ""framework_verbatim"": ""The interplay between biological vulnerability, psychological factors, and social context supports the current biopsychological model of FND""}"
F026_40868970,DeepSeek-V4-Flash,deepseek/deepseek-v4-flash,theoretical_frameworks,1,central sensitivity syndromes,central sensitivity syndromes,"These studies highlighted that many PNES patients meet diagnostic criteria for central sensitivity syndromes, suggesting overlapping mechanisms of neural amplification and altered sensory processing","{""framework_label"": ""central sensitivity syndromes"", ""role"": ""mentioned in passing"", ""framework_verbatim"": ""These studies highlighted that many PNES patients meet diagnostic criteria for central sensitivity syndromes, suggesting overlapping mechanisms of neural amplification and altered sensory processing""}"
F026_40868970,DeepSeek-V4-Flash,deepseek/deepseek-v4-flash,conceptual_problems,0,missing_social,missing_social,"social determinants such as lower education attainment, financial insecurity, and limited social support have been associated with increased vulnerability to FND","{""problem_type"": ""missing_social"", ""problem_verbatim"": ""social determinants such as lower education attainment, financial insecurity, and limited social support have been associated with increased vulnerability to FND"", ""note"": ""Social domain is mentioned only in introduction and conclusion, not developed in results or discussion.""}"
F026_40868970,DeepSeek-V4-Flash,deepseek/deepseek-v4-flash,conceptual_problems,1,parallel_listing_without_integration,parallel_listing_without_integration,"biological predisposition, traumatic events and social context intertwine to generate a diverse range of clinical manifestations.","{""problem_type"": ""parallel_listing_without_integration"", ""problem_verbatim"": ""biological predisposition, traumatic events and social context intertwine to generate a diverse range of clinical manifestations."", ""note"": ""Three domains listed as intertwining but no relational mechanism specified; biological and social are thin.""}"
F026_40868970,DeepSeek-V4-Flash,deepseek/deepseek-v4-flash,conceptual_problems,2,mechanistic_absence,mechanistic_absence,"shared neural circuits involving emotion regulation, threat detection, and self-agency were implicated in both psychiatric disorders and PNES.","{""problem_type"": ""mechanistic_absence"", ""problem_verbatim"": ""shared neural circuits involving emotion regulation, threat detection, and self-agency were implicated in both psychiatric disorders and PNES."", ""note"": ""Shared circuits asserted but no pathway or mediator named; directional at best.""}"
F026_40868970,DeepSeek-V4-Flash,deepseek/deepseek-v4-flash,key_quotes,0,definitional,definitional,"The interplay between biological vulnerability, psychological factors, and social context supports the current biopsychological model of FND","{""claim_verbatim"": ""The interplay between biological vulnerability, psychological factors, and social context supports the current biopsychological model of FND"", ""claim_type"": ""definitional"", ""section_located"": ""introduction"", ""why_it_matters"": ""Shows the paper invokes BPS language but uses 'biopsychological' rather than 'biopsychosocial'.""}"
F026_40868970,DeepSeek-V4-Flash,deepseek/deepseek-v4-flash,key_quotes,1,integrative,integrative,"biological predisposition, traumatic events and social context intertwine to generate a diverse range of clinical manifestations.","{""claim_verbatim"": ""biological predisposition, traumatic events and social context intertwine to generate a diverse range of clinical manifestations."", ""claim_type"": ""integrative"", ""section_located"": ""conclusion"", ""why_it_matters"": ""The only triadic claim; it asserts intertwining without specifying how.""}"
F026_40868970,DeepSeek-V4-Flash,deepseek/deepseek-v4-flash,key_quotes,2,integrative,integrative,"shared neural circuits involving emotion regulation, threat detection, and self-agency were implicated in both psychiatric disorders and PNES.","{""claim_verbatim"": ""shared neural circuits involving emotion regulation, threat detection, and self-agency were implicated in both psychiatric disorders and PNES."", ""claim_type"": ""integrative"", ""section_located"": ""results"", ""why_it_matters"": ""Best attempt at bio-psych integration, but remains directional without a pathway.""}"
F027_41783653,DeepSeek-V4-Flash,deepseek/deepseek-v4-flash,integration_claims,0,bio_psych,bio_psych,Two studies reported increased risk of persistent pain after childbirth in women with previous depression (P<.001) or neuroticism personality traits (P<.001).,"{""domains_linked"": ""bio_psych"", ""integration_level"": ""directional"", ""claim_verbatim"": ""Two studies reported increased risk of persistent pain after childbirth in women with previous depression (P<.001) or neuroticism personality traits (P<.001)."", ""mechanism_note"": ""Previous depression or neuroticism is asserted to increase risk of persistent pain, no pathway given."", ""section_located"": ""results"", ""evidence_basis"": ""empirically_supported""}"
F027_41783653,DeepSeek-V4-Flash,deepseek/deepseek-v4-flash,integration_claims,1,bio_psych,bio_psych,One study found that lumbopelvic pain in pregnancy was associated with higher risk of postpartum depression (P<.001).,"{""domains_linked"": ""bio_psych"", ""integration_level"": ""directional"", ""claim_verbatim"": ""One study found that lumbopelvic pain in pregnancy was associated with higher risk of postpartum depression (P<.001)."", ""mechanism_note"": ""Physical pain in pregnancy is asserted to increase risk of postpartum depression, no pathway given."", ""section_located"": ""results"", ""evidence_basis"": ""empirically_supported""}"
F027_41783653,DeepSeek-V4-Flash,deepseek/deepseek-v4-flash,integration_claims,2,psych_social,psych_social,Two studies found that lack of social support in pregnancy is a risk factor for postpartum depression (P<.05).,"{""domains_linked"": ""psych_social"", ""integration_level"": ""directional"", ""claim_verbatim"": ""Two studies found that lack of social support in pregnancy is a risk factor for postpartum depression (P<.05)."", ""mechanism_note"": ""Lack of social support is asserted to increase risk of postpartum depression, no pathway given."", ""section_located"": ""results"", ""evidence_basis"": ""empirically_supported""}"
F027_41783653,DeepSeek-V4-Flash,deepseek/deepseek-v4-flash,integration_claims,3,bio_social,bio_social,"Low income was linked to persistent pelvic pain, lower functional ability, and postpartum depression (P<.05).","{""domains_linked"": ""bio_social"", ""integration_level"": ""directional"", ""claim_verbatim"": ""Low income was linked to persistent pelvic pain, lower functional ability, and postpartum depression (P<.05)."", ""mechanism_note"": ""Low income is asserted to be associated with pain and depression, no pathway given."", ""section_located"": ""results"", ""evidence_basis"": ""empirically_supported""}"
F027_41783653,DeepSeek-V4-Flash,deepseek/deepseek-v4-flash,integration_claims,4,triadic,triadic,These findings suggest that postpartum recovery is determined by not only biological factors but also broader social determinants of health.,"{""domains_linked"": ""triadic"", ""integration_level"": ""mentioned"", ""claim_verbatim"": ""These findings suggest that postpartum recovery is determined by not only biological factors but also broader social determinants of health."", ""mechanism_note"": ""Biological and social factors are linked to recovery, but psychological factors are not integrated in this claim."", ""section_located"": ""discussion"", ""evidence_basis"": ""theorized""}"
F027_41783653,DeepSeek-V4-Flash,deepseek/deepseek-v4-flash,integration_claims,5,triadic,triadic,A personalized biopsychosocial approach to ante- and postpartum care offers an opportunity to address these modifiable factors in a targeted manner.,"{""domains_linked"": ""triadic"", ""integration_level"": ""mentioned"", ""claim_verbatim"": ""A personalized biopsychosocial approach to ante- and postpartum care offers an opportunity to address these modifiable factors in a targeted manner."", ""mechanism_note"": ""Biopsychosocial approach mentioned but no specific three-domain mechanism described."", ""section_located"": ""discussion"", ""evidence_basis"": ""theorized""}"
F027_41783653,DeepSeek-V4-Flash,deepseek/deepseek-v4-flash,domain_evidence,0,biological,biological,Three studies reported that a high BMI was associated with increased risk of persistent lumbopelvic pain after childbirth,"{""domain"": ""biological"", ""coverage_level"": ""mentioned"", ""constructs_named"": [""body mass index"", ""preexisting pain"", ""lumbopelvic pain"", ""urinary incontinence"", ""smoking""], ""evidence_verbatim"": ""Three studies reported that a high BMI was associated with increased risk of persistent lumbopelvic pain after childbirth"", ""section_located"": ""results""}"
F027_41783653,DeepSeek-V4-Flash,deepseek/deepseek-v4-flash,domain_evidence,1,psychological,psychological,"Mental health problems during pregnancy, particularly anxiety, depression, and pain catastrophizing, were consistently strong predictors of poorer postpartum outcomes across all recovery domains.","{""domain"": ""psychological"", ""coverage_level"": ""elaborated"", ""constructs_named"": [""anxiety"", ""depression"", ""pain catastrophizing"", ""emotional distress"", ""insomnia"", ""self-efficacy"", ""psychological resilience"", ""neuroticism""], ""evidence_verbatim"": ""Mental health problems during pregnancy, particularly anxiety, depression, and pain catastrophizing, were consistently strong predictors of poorer postpartum outcomes across all recovery domains."", ""section_located"": ""discussion""}"
F027_41783653,DeepSeek-V4-Flash,deepseek/deepseek-v4-flash,domain_evidence,2,social,social,"Low income was linked to persistent pelvic pain, lower functional ability, and postpartum depression","{""domain"": ""social"", ""coverage_level"": ""mentioned"", ""constructs_named"": [""social support"", ""income"", ""education"", ""employment conditions"", ""ethnicity"", ""social deprivation""], ""evidence_verbatim"": ""Low income was linked to persistent pelvic pain, lower functional ability, and postpartum depression"", ""section_located"": ""results""}"
F027_41783653,DeepSeek-V4-Flash,deepseek/deepseek-v4-flash,psychological_concepts,0,anxiety,anxiety,,"{""concept_label"": ""anxiety"", ""definitional_status"": ""named_only"", ""definition_verbatim"": """", ""section_located"": ""results""}"
F027_41783653,DeepSeek-V4-Flash,deepseek/deepseek-v4-flash,psychological_concepts,1,depression,depression,,"{""concept_label"": ""depression"", ""definitional_status"": ""named_only"", ""definition_verbatim"": """", ""section_located"": ""results""}"
F027_41783653,DeepSeek-V4-Flash,deepseek/deepseek-v4-flash,psychological_concepts,2,pain catastrophizing,pain catastrophizing,,"{""concept_label"": ""pain catastrophizing"", ""definitional_status"": ""named_only"", ""definition_verbatim"": """", ""section_located"": ""results""}"
F027_41783653,DeepSeek-V4-Flash,deepseek/deepseek-v4-flash,psychological_concepts,3,emotional distress,emotional distress,,"{""concept_label"": ""emotional distress"", ""definitional_status"": ""named_only"", ""definition_verbatim"": """", ""section_located"": ""results""}"
F027_41783653,DeepSeek-V4-Flash,deepseek/deepseek-v4-flash,psychological_concepts,4,insomnia,insomnia,,"{""concept_label"": ""insomnia"", ""definitional_status"": ""named_only"", ""definition_verbatim"": """", ""section_located"": ""results""}"
F027_41783653,DeepSeek-V4-Flash,deepseek/deepseek-v4-flash,psychological_concepts,5,self-efficacy,self-efficacy,,"{""concept_label"": ""self-efficacy"", ""definitional_status"": ""named_only"", ""definition_verbatim"": """", ""section_located"": ""results""}"
F027_41783653,DeepSeek-V4-Flash,deepseek/deepseek-v4-flash,psychological_concepts,6,psychological resilience,psychological resilience,,"{""concept_label"": ""psychological resilience"", ""definitional_status"": ""named_only"", ""definition_verbatim"": """", ""section_located"": ""abstract""}"
F027_41783653,DeepSeek-V4-Flash,deepseek/deepseek-v4-flash,psychological_concepts,7,neuroticism,neuroticism,,"{""concept_label"": ""neuroticism"", ""definitional_status"": ""named_only"", ""definition_verbatim"": """", ""section_located"": ""results""}"
F027_41783653,DeepSeek-V4-Flash,deepseek/deepseek-v4-flash,theoretical_frameworks,0,"International Classification of Functioning, Disability and Health (ICF)","international classification of functioning, disability and health (icf)","In this review, we conceptualize recovery after childbirth using the International Classification of Functioning, Disability and Health (ICF) framework, which emphasizes health, ability, and activity.","{""framework_label"": ""International Classification of Functioning, Disability and Health (ICF)"", ""role"": ""organizing framework"", ""framework_verbatim"": ""In this review, we conceptualize recovery after childbirth using the International Classification of Functioning, Disability and Health (ICF) framework, which emphasizes health, ability, and activity.""}"
F027_41783653,DeepSeek-V4-Flash,deepseek/deepseek-v4-flash,conceptual_problems,0,missing_social,missing_social,"No studies assessed recovery outcomes related to social participation, such as return to work, resumption of daily activities or social roles.","{""problem_type"": ""missing_social"", ""problem_verbatim"": ""No studies assessed recovery outcomes related to social participation, such as return to work, resumption of daily activities or social roles."", ""note"": ""Social participation as an outcome is absent from the included studies.""}"
F027_41783653,DeepSeek-V4-Flash,deepseek/deepseek-v4-flash,conceptual_problems,1,parallel_listing_without_integration,parallel_listing_without_integration,"Seven categories of influencing factors were identified: mental health in pregnancy (n=18), demographic and socioeconomic background (n=17), medical and psychological history (n=16), lifestyle in pregnancy (n=12), physical health in pregnancy (n=9), prepregnancy social and lifestyle factors (n=8), and psychosocial resources in pregnancy (n=5).","{""problem_type"": ""parallel_listing_without_integration"", ""problem_verbatim"": ""Seven categories of influencing factors were identified: mental health in pregnancy (n=18), demographic and socioeconomic background (n=17), medical and psychological history (n=16), lifestyle in pregnancy (n=12), physical health in pregnancy (n=9), prepregnancy social and lifestyle factors (n=8), and psychosocial resources in pregnancy (n=5)."", ""note"": ""Factors are listed in parallel categories without specifying how they interact.""}"
F027_41783653,DeepSeek-V4-Flash,deepseek/deepseek-v4-flash,key_quotes,0,definitional,definitional,"In this review, we conceptualize recovery after childbirth using the International Classification of Functioning, Disability and Health (ICF) framework, which emphasizes health, ability, and activity.","{""claim_verbatim"": ""In this review, we conceptualize recovery after childbirth using the International Classification of Functioning, Disability and Health (ICF) framework, which emphasizes health, ability, and activity."", ""claim_type"": ""definitional"", ""section_located"": ""introduction"", ""why_it_matters"": ""Defines the multidimensional outcome framework used to organize the review.""}"
F027_41783653,DeepSeek-V4-Flash,deepseek/deepseek-v4-flash,key_quotes,1,integrative,integrative,"Mental health problems during pregnancy, particularly anxiety, depression, and pain catastrophizing, were consistently strong predictors of poorer postpartum outcomes across all recovery domains.","{""claim_verbatim"": ""Mental health problems during pregnancy, particularly anxiety, depression, and pain catastrophizing, were consistently strong predictors of poorer postpartum outcomes across all recovery domains."", ""claim_type"": ""integrative"", ""section_located"": ""discussion"", ""why_it_matters"": ""Shows psychological factors are central across multiple recovery domains.""}"
F027_41783653,DeepSeek-V4-Flash,deepseek/deepseek-v4-flash,key_quotes,2,critical or problematizing,critical or problematizing,"No studies assessed recovery outcomes related to social participation, such as return to work, resumption of daily activities or social roles.","{""claim_verbatim"": ""No studies assessed recovery outcomes related to social participation, such as return to work, resumption of daily activities or social roles."", ""claim_type"": ""critical or problematizing"", ""section_located"": ""discussion"", ""why_it_matters"": ""Highlights a major gap in the literature despite the biopsychosocial framing.""}"
F027_41783653,DeepSeek-V4-Flash,deepseek/deepseek-v4-flash,key_quotes,3,theoretical,theoretical,These findings suggest that postpartum recovery is determined by not only biological factors but also broader social determinants of health.,"{""claim_verbatim"": ""These findings suggest that postpartum recovery is determined by not only biological factors but also broader social determinants of health."", ""claim_type"": ""theoretical"", ""section_located"": ""discussion"", ""why_it_matters"": ""Explicitly acknowledges social determinants but does not integrate them with psychological factors.""}"
F028_42403485,DeepSeek-V4-Flash,deepseek/deepseek-v4-flash,integration_claims,0,bio_psych,bio_psych,"AS is hypothesized to activate the brain's rewards system through multisensory stimulation, promoting dopamine secretion, which in turn antagonizes pain perception within higher emotional and cognitive regions such as the limbic system.","{""domains_linked"": ""bio_psych"", ""integration_level"": ""directional"", ""claim_verbatim"": ""AS is hypothesized to activate the brain's rewards system through multisensory stimulation, promoting dopamine secretion, which in turn antagonizes pain perception within higher emotional and cognitive regions such as the limbic system."", ""mechanism_note"": ""Dopamine release is proposed as a mediator between AS and pain perception, but no detailed pathway is specified."", ""section_located"": ""results"", ""evidence_basis"": ""theorized""}"
F028_42403485,DeepSeek-V4-Flash,deepseek/deepseek-v4-flash,integration_claims,1,bio_psych,bio_psych,"At the cognitive level, the distraction effect of AS is considered to attenuate pain-related cognitive processing, thereby alleviating the patient's subjective pain experience.","{""domains_linked"": ""bio_psych"", ""integration_level"": ""directional"", ""claim_verbatim"": ""At the cognitive level, the distraction effect of AS is considered to attenuate pain-related cognitive processing, thereby alleviating the patient's subjective pain experience."", ""mechanism_note"": ""Distraction is asserted to reduce pain, but no pathway linking cognitive processing to neurobiological changes is given."", ""section_located"": ""results"", ""evidence_basis"": ""theorized""}"
F028_42403485,DeepSeek-V4-Flash,deepseek/deepseek-v4-flash,integration_claims,2,bio_psych,bio_psych,pain-related self-efficacy as a core mediator through which MT reduces both pain intensity and pain interference,"{""domains_linked"": ""bio_psych"", ""integration_level"": ""directional"", ""claim_verbatim"": ""pain-related self-efficacy as a core mediator through which MT reduces both pain intensity and pain interference"", ""mechanism_note"": ""Self-efficacy is named as a mediator, but the biological pathway is not specified."", ""section_located"": ""results"", ""evidence_basis"": ""empirically_supported""}"
F028_42403485,DeepSeek-V4-Flash,deepseek/deepseek-v4-flash,domain_evidence,0,biological,biological,"AS exerts its therapeutic effects via a multidimensional neurobiological framework, notably through the modulation of corticothalamic circuits, the activation of descending pain-inhibitory systems, and the dynamic regulation of neurochemical mediators.","{""domain"": ""biological"", ""coverage_level"": ""elaborated"", ""constructs_named"": [""corticothalamic circuits"", ""descending pain-inhibitory systems"", ""periaqueductal gray"", ""rostral ventromedial medulla"", ""endogenous opioids"", ""dopamine"", ""brainwave entrainment"", ""alpha oscillations""], ""evidence_verbatim"": ""AS exerts its therapeutic effects via a multidimensional neurobiological framework, notably through the modulation of corticothalamic circuits, the activation of descending pain-inhibitory systems, and the dynamic regulation of neurochemical mediators."", ""section_located"": ""abstract""}"
F028_42403485,DeepSeek-V4-Flash,deepseek/deepseek-v4-flash,domain_evidence,1,psychological,psychological,"At the cognitive level, the distraction effect of AS is considered to attenuate pain-related cognitive processing, thereby alleviating the patient's subjective pain experience.","{""domain"": ""psychological"", ""coverage_level"": ""mentioned"", ""constructs_named"": [""catastrophic thinking"", ""pain-related self-efficacy"", ""distraction effect"", ""anxiety"", ""cognitive processing"", ""emotional regulation""], ""evidence_verbatim"": ""At the cognitive level, the distraction effect of AS is considered to attenuate pain-related cognitive processing, thereby alleviating the patient's subjective pain experience."", ""section_located"": ""results""}"
F028_42403485,DeepSeek-V4-Flash,deepseek/deepseek-v4-flash,domain_evidence,2,social,social,"the analgesic outcomes of MT are modulated by multiple critical variables, including individual traits, cultural background, socioeconomic status, and treatment duration.","{""domain"": ""social"", ""coverage_level"": ""minimal"", ""constructs_named"": [""cultural background"", ""socioeconomic status""], ""evidence_verbatim"": ""the analgesic outcomes of MT are modulated by multiple critical variables, including individual traits, cultural background, socioeconomic status, and treatment duration."", ""section_located"": ""results""}"
F028_42403485,DeepSeek-V4-Flash,deepseek/deepseek-v4-flash,psychological_concepts,0,catastrophic thinking,catastrophic thinking,,"{""concept_label"": ""catastrophic thinking"", ""definitional_status"": ""named_only"", ""definition_verbatim"": """", ""section_located"": ""results""}"
F028_42403485,DeepSeek-V4-Flash,deepseek/deepseek-v4-flash,psychological_concepts,1,pain-related self-efficacy,pain-related self-efficacy,,"{""concept_label"": ""pain-related self-efficacy"", ""definitional_status"": ""named_only"", ""definition_verbatim"": """", ""section_located"": ""results""}"
F028_42403485,DeepSeek-V4-Flash,deepseek/deepseek-v4-flash,psychological_concepts,2,distraction effect,distraction effect,,"{""concept_label"": ""distraction effect"", ""definitional_status"": ""named_only"", ""definition_verbatim"": """", ""section_located"": ""results""}"
F028_42403485,DeepSeek-V4-Flash,deepseek/deepseek-v4-flash,psychological_concepts,3,anxiety,anxiety,,"{""concept_label"": ""anxiety"", ""definitional_status"": ""named_only"", ""definition_verbatim"": """", ""section_located"": ""results""}"
F028_42403485,DeepSeek-V4-Flash,deepseek/deepseek-v4-flash,theoretical_frameworks,0,biopsychosocial model,biopsychosocial model,"Pain affects over 30% of the global population, with an underlying pathogenesis involving a complex interplay of biopsychosocial factors.","{""framework_label"": ""biopsychosocial model"", ""role"": ""mentioned in passing"", ""framework_verbatim"": ""Pain affects over 30% of the global population, with an underlying pathogenesis involving a complex interplay of biopsychosocial factors.""}"
F028_42403485,DeepSeek-V4-Flash,deepseek/deepseek-v4-flash,conceptual_problems,0,tokenistic_bps,tokenistic_bps,"Pain affects over 30% of the global population, with an underlying pathogenesis involving a complex interplay of biopsychosocial factors.","{""problem_type"": ""tokenistic_bps"", ""problem_verbatim"": ""Pain affects over 30% of the global population, with an underlying pathogenesis involving a complex interplay of biopsychosocial factors."", ""note"": ""BPS label used in abstract but social domain is minimal and no integration is provided.""}"
F028_42403485,DeepSeek-V4-Flash,deepseek/deepseek-v4-flash,conceptual_problems,1,missing_social,missing_social,"the analgesic outcomes of MT are modulated by multiple critical variables, including individual traits, cultural background, socioeconomic status, and treatment duration.","{""problem_type"": ""missing_social"", ""problem_verbatim"": ""the analgesic outcomes of MT are modulated by multiple critical variables, including individual traits, cultural background, socioeconomic status, and treatment duration."", ""note"": ""Social factors named only as moderators, not developed or integrated.""}"
F028_42403485,DeepSeek-V4-Flash,deepseek/deepseek-v4-flash,conceptual_problems,2,mechanistic_absence,mechanistic_absence,"AS exerts its therapeutic effects via a multidimensional neurobiological framework, notably through the modulation of corticothalamic circuits, the activation of descending pain-inhibitory systems, and the dynamic regulation of neurochemical mediators.","{""problem_type"": ""mechanistic_absence"", ""problem_verbatim"": ""AS exerts its therapeutic effects via a multidimensional neurobiological framework, notably through the modulation of corticothalamic circuits, the activation of descending pain-inhibitory systems, and the dynamic regulation of neurochemical mediators."", ""note"": ""Biological mechanisms are elaborated but not linked to psychological or social domains.""}"
F028_42403485,DeepSeek-V4-Flash,deepseek/deepseek-v4-flash,key_quotes,0,definitional,definitional,"Pain affects over 30% of the global population, with an underlying pathogenesis involving a complex interplay of biopsychosocial factors.","{""claim_verbatim"": ""Pain affects over 30% of the global population, with an underlying pathogenesis involving a complex interplay of biopsychosocial factors."", ""claim_type"": ""definitional"", ""section_located"": ""abstract"", ""why_it_matters"": ""This is the only explicit BPS claim; it is not operationalized in the review.""}"
F028_42403485,DeepSeek-V4-Flash,deepseek/deepseek-v4-flash,key_quotes,1,theoretical,theoretical,"AS exerts its therapeutic effects via a multidimensional neurobiological framework, notably through the modulation of corticothalamic circuits, the activation of descending pain-inhibitory systems, and the dynamic regulation of neurochemical mediators.","{""claim_verbatim"": ""AS exerts its therapeutic effects via a multidimensional neurobiological framework, notably through the modulation of corticothalamic circuits, the activation of descending pain-inhibitory systems, and the dynamic regulation of neurochemical mediators."", ""claim_type"": ""theoretical"", ""section_located"": ""abstract"", ""why_it_matters"": ""Shows the review's dominant biological focus; psychological and social domains are absent from the mechanism.""}"
F028_42403485,DeepSeek-V4-Flash,deepseek/deepseek-v4-flash,key_quotes,2,integrative,integrative,pain-related self-efficacy as a core mediator through which MT reduces both pain intensity and pain interference,"{""claim_verbatim"": ""pain-related self-efficacy as a core mediator through which MT reduces both pain intensity and pain interference"", ""claim_type"": ""integrative"", ""section_located"": ""results"", ""why_it_matters"": ""Only passage linking a psychological construct to a biological outcome, but no biological pathway is specified.""}"
F029_41930351,DeepSeek-V4-Flash,deepseek/deepseek-v4-flash,integration_claims,0,bio_psych,bio_psych,"This neuroplasticity amplifies pain signals and involves complex interactions between ascending pain signal transduction pathways, descending modulatory systems, and psychological factors.","{""domains_linked"": ""bio_psych"", ""integration_level"": ""directional"", ""claim_verbatim"": ""This neuroplasticity amplifies pain signals and involves complex interactions between ascending pain signal transduction pathways, descending modulatory systems, and psychological factors."", ""mechanism_note"": ""Psychological factors are asserted to interact with neuroplasticity, but no specific pathway is detailed."", ""section_located"": ""results"", ""evidence_basis"": ""asserted""}"
F029_41930351,DeepSeek-V4-Flash,deepseek/deepseek-v4-flash,integration_claims,1,bio_psych,bio_psych,"In stark contrast, the 'top‐down' subtype is primarily sustained by central mechanisms that operate largely autonomously from the periphery. These mechanisms include cognitive‐affective processes (e.g., catastrophizing, hypervigilance, emotional distress), genetic predispositions affecting CNS pain processing, and learned pain memories.","{""domains_linked"": ""bio_psych"", ""integration_level"": ""directional"", ""claim_verbatim"": ""In stark contrast, the 'top‐down' subtype is primarily sustained by central mechanisms that operate largely autonomously from the periphery. These mechanisms include cognitive‐affective processes (e.g., catastrophizing, hypervigilance, emotional distress), genetic predispositions affecting CNS pain processing, and learned pain memories."", ""mechanism_note"": ""Cognitive-affective processes are asserted to sustain central sensitization, but no pathway is specified."", ""section_located"": ""results"", ""evidence_basis"": ""theorized""}"
F029_41930351,DeepSeek-V4-Flash,deepseek/deepseek-v4-flash,integration_claims,2,psych_social,psych_social,psychosocial measures like catastrophizing and perceived social support recorded 1 month postamputation predict phantom limb pain severity up to 2 years later.,"{""domains_linked"": ""psych_social"", ""integration_level"": ""descriptive"", ""claim_verbatim"": ""psychosocial measures like catastrophizing and perceived social support recorded 1 month postamputation predict phantom limb pain severity up to 2 years later."", ""mechanism_note"": ""Catastrophizing and social support are associated with pain outcome, but no direction or mechanism is given."", ""section_located"": ""results"", ""evidence_basis"": ""empirically_supported""}"
F029_41930351,DeepSeek-V4-Flash,deepseek/deepseek-v4-flash,integration_claims,3,psych_social,psych_social,"a history of childhood adversity (stressor) may increase vulnerability to catastrophizing (psychological factor) following a new injury (prior pain event), thereby dramatically elevating the risk of transition to a chronic, nociplastic pain state.","{""domains_linked"": ""psych_social"", ""integration_level"": ""descriptive"", ""claim_verbatim"": ""a history of childhood adversity (stressor) may increase vulnerability to catastrophizing (psychological factor) following a new injury (prior pain event), thereby dramatically elevating the risk of transition to a chronic, nociplastic pain state."", ""mechanism_note"": ""Childhood adversity and catastrophizing are linked descriptively to pain transition, but no pathway is specified."", ""section_located"": ""results"", ""evidence_basis"": ""theorized""}"
F029_41930351,DeepSeek-V4-Flash,deepseek/deepseek-v4-flash,integration_claims,4,bio_social,bio_social,"Chronic pain is a multifaceted and debilitating condition that arises from a complex interplay of biological, psychological, and social determinants.","{""domains_linked"": ""bio_social"", ""integration_level"": ""mentioned"", ""claim_verbatim"": ""Chronic pain is a multifaceted and debilitating condition that arises from a complex interplay of biological, psychological, and social determinants."", ""mechanism_note"": ""Biological and social determinants are mentioned together but no relationship is characterized."", ""section_located"": ""results"", ""evidence_basis"": ""asserted""}"
F029_41930351,DeepSeek-V4-Flash,deepseek/deepseek-v4-flash,integration_claims,5,triadic,triadic,"This comprehensive risk factor landscape underscores the necessity of a holistic, personalized approach to prevention, assessment, and management that simultaneously targets biological, psychological, and social determinants to effectively mitigate the burden of chronic pain.","{""domains_linked"": ""triadic"", ""integration_level"": ""mentioned"", ""claim_verbatim"": ""This comprehensive risk factor landscape underscores the necessity of a holistic, personalized approach to prevention, assessment, and management that simultaneously targets biological, psychological, and social determinants to effectively mitigate the burden of chronic pain."", ""mechanism_note"": ""All three domains are named as targets, but only bio-psych and psych-social are linked; social is loosely attached."", ""section_located"": ""results"", ""evidence_basis"": ""asserted""}"
F029_41930351,DeepSeek-V4-Flash,deepseek/deepseek-v4-flash,domain_evidence,0,biological,biological,"Central sensitization, defined by the IASP as 'increased responsiveness of nociceptive neurons in the CNS to their normal or subthreshold afferent input', represents a fundamental form of synaptic plasticity that underlies chronic pain hypersensitivity.","{""domain"": ""biological"", ""coverage_level"": ""elaborated"", ""constructs_named"": [""peripheral sensitization"", ""central sensitization"", ""nociceptive pain mechanisms"", ""neuropathic pain mechanisms"", ""nociplastic pain mechanisms"", ""hpa axis"", ""sam axis"", ""brain circuit remodeling""], ""evidence_verbatim"": ""Central sensitization, defined by the IASP as 'increased responsiveness of nociceptive neurons in the CNS to their normal or subthreshold afferent input', represents a fundamental form of synaptic plasticity that underlies chronic pain hypersensitivity."", ""section_located"": ""results""}"
F029_41930351,DeepSeek-V4-Flash,deepseek/deepseek-v4-flash,domain_evidence,1,psychological,psychological,"The contributions of pain‐related fear, anxiety, depression, catastrophizing, and negative pain memories are well established.","{""domain"": ""psychological"", ""coverage_level"": ""elaborated"", ""constructs_named"": [""catastrophizing"", ""hypervigilance"", ""emotional distress"", ""pain-related fear"", ""anxiety"", ""depression"", ""negative pain memories"", ""psychological flexibility""], ""evidence_verbatim"": ""The contributions of pain‐related fear, anxiety, depression, catastrophizing, and negative pain memories are well established."", ""section_located"": ""results""}"
F029_41930351,DeepSeek-V4-Flash,deepseek/deepseek-v4-flash,domain_evidence,2,social,social,psychosocial measures like catastrophizing and perceived social support recorded 1 month postamputation predict phantom limb pain severity up to 2 years later.,"{""domain"": ""social"", ""coverage_level"": ""mentioned"", ""constructs_named"": [""perceived social support"", ""psychosocial stressors"", ""life stressors"", ""childhood adversity""], ""evidence_verbatim"": ""psychosocial measures like catastrophizing and perceived social support recorded 1 month postamputation predict phantom limb pain severity up to 2 years later."", ""section_located"": ""results""}"
F029_41930351,DeepSeek-V4-Flash,deepseek/deepseek-v4-flash,psychological_concepts,0,catastrophizing,catastrophizing,,"{""concept_label"": ""catastrophizing"", ""definitional_status"": ""named_only"", ""definition_verbatim"": """", ""section_located"": ""results""}"
F029_41930351,DeepSeek-V4-Flash,deepseek/deepseek-v4-flash,psychological_concepts,1,hypervigilance,hypervigilance,,"{""concept_label"": ""hypervigilance"", ""definitional_status"": ""named_only"", ""definition_verbatim"": """", ""section_located"": ""results""}"
F029_41930351,DeepSeek-V4-Flash,deepseek/deepseek-v4-flash,psychological_concepts,2,emotional distress,emotional distress,,"{""concept_label"": ""emotional distress"", ""definitional_status"": ""named_only"", ""definition_verbatim"": """", ""section_located"": ""results""}"
F029_41930351,DeepSeek-V4-Flash,deepseek/deepseek-v4-flash,psychological_concepts,3,pain-related fear,pain-related fear,,"{""concept_label"": ""pain-related fear"", ""definitional_status"": ""named_only"", ""definition_verbatim"": """", ""section_located"": ""results""}"
F029_41930351,DeepSeek-V4-Flash,deepseek/deepseek-v4-flash,psychological_concepts,4,anxiety,anxiety,,"{""concept_label"": ""anxiety"", ""definitional_status"": ""named_only"", ""definition_verbatim"": """", ""section_located"": ""results""}"
F029_41930351,DeepSeek-V4-Flash,deepseek/deepseek-v4-flash,psychological_concepts,5,depression,depression,,"{""concept_label"": ""depression"", ""definitional_status"": ""named_only"", ""definition_verbatim"": """", ""section_located"": ""results""}"
F029_41930351,DeepSeek-V4-Flash,deepseek/deepseek-v4-flash,psychological_concepts,6,negative pain memories,negative pain memories,,"{""concept_label"": ""negative pain memories"", ""definitional_status"": ""named_only"", ""definition_verbatim"": """", ""section_located"": ""results""}"
F029_41930351,DeepSeek-V4-Flash,deepseek/deepseek-v4-flash,psychological_concepts,7,psychological flexibility,psychological flexibility,,"{""concept_label"": ""psychological flexibility"", ""definitional_status"": ""named_only"", ""definition_verbatim"": """", ""section_located"": ""results""}"
F029_41930351,DeepSeek-V4-Flash,deepseek/deepseek-v4-flash,psychological_concepts,8,fear-avoidance behaviors,fear-avoidance behaviors,,"{""concept_label"": ""fear-avoidance behaviors"", ""definitional_status"": ""named_only"", ""definition_verbatim"": """", ""section_located"": ""results""}"
F029_41930351,DeepSeek-V4-Flash,deepseek/deepseek-v4-flash,theoretical_frameworks,0,biopsychosocial model,biopsychosocial model,"The theoretical framework for understanding chronic pain has consequently evolved from a purely biomedical model to a biopsychosocial one, recognizing pain as the emergent product of dynamic interactions between pathophysiological mechanisms and psychosocial variables.","{""framework_label"": ""biopsychosocial model"", ""role"": ""organizing framework"", ""framework_verbatim"": ""The theoretical framework for understanding chronic pain has consequently evolved from a purely biomedical model to a biopsychosocial one, recognizing pain as the emergent product of dynamic interactions between pathophysiological mechanisms and psychosocial variables.""}"
F029_41930351,DeepSeek-V4-Flash,deepseek/deepseek-v4-flash,theoretical_frameworks,1,gate control theory,gate control theory,"By epidurally stimulating Aβ fibers, SCS modulates nociceptive transmission via mechanisms rooted in the gate control theory, including enhanced GABAergic inhibition and activation of descending pathways, without engaging opioid receptors.","{""framework_label"": ""gate control theory"", ""role"": ""mentioned in passing"", ""framework_verbatim"": ""By epidurally stimulating Aβ fibers, SCS modulates nociceptive transmission via mechanisms rooted in the gate control theory, including enhanced GABAergic inhibition and activation of descending pathways, without engaging opioid receptors.""}"
F029_41930351,DeepSeek-V4-Flash,deepseek/deepseek-v4-flash,conceptual_problems,0,parallel_listing_without_integration,parallel_listing_without_integration,"Chronic pain is a multifaceted and debilitating condition that arises from a complex interplay of biological, psychological, and social determinants.","{""problem_type"": ""parallel_listing_without_integration"", ""problem_verbatim"": ""Chronic pain is a multifaceted and debilitating condition that arises from a complex interplay of biological, psychological, and social determinants."", ""note"": ""Domains are listed together but no relational mechanism is specified.""}"
F029_41930351,DeepSeek-V4-Flash,deepseek/deepseek-v4-flash,conceptual_problems,1,mechanistic_absence,mechanistic_absence,"This neuroplasticity amplifies pain signals and involves complex interactions between ascending pain signal transduction pathways, descending modulatory systems, and psychological factors.","{""problem_type"": ""mechanistic_absence"", ""problem_verbatim"": ""This neuroplasticity amplifies pain signals and involves complex interactions between ascending pain signal transduction pathways, descending modulatory systems, and psychological factors."", ""note"": ""Interaction is asserted but no pathway or mediator is named.""}"
F029_41930351,DeepSeek-V4-Flash,deepseek/deepseek-v4-flash,key_quotes,0,definitional,definitional,"The theoretical framework for understanding chronic pain has consequently evolved from a purely biomedical model to a biopsychosocial one, recognizing pain as the emergent product of dynamic interactions between pathophysiological mechanisms and psychosocial variables.","{""claim_verbatim"": ""The theoretical framework for understanding chronic pain has consequently evolved from a purely biomedical model to a biopsychosocial one, recognizing pain as the emergent product of dynamic interactions between pathophysiological mechanisms and psychosocial variables."", ""claim_type"": ""definitional"", ""section_located"": ""results"", ""why_it_matters"": ""Explicitly frames the review within the biopsychosocial model.""}"
F029_41930351,DeepSeek-V4-Flash,deepseek/deepseek-v4-flash,key_quotes,1,integrative,integrative,"In stark contrast, the 'top‐down' subtype is primarily sustained by central mechanisms that operate largely autonomously from the periphery. These mechanisms include cognitive‐affective processes (e.g., catastrophizing, hypervigilance, emotional distress), genetic predispositions affecting CNS pain processing, and learned pain memories.","{""claim_verbatim"": ""In stark contrast, the 'top‐down' subtype is primarily sustained by central mechanisms that operate largely autonomously from the periphery. These mechanisms include cognitive‐affective processes (e.g., catastrophizing, hypervigilance, emotional distress), genetic predispositions affecting CNS pain processing, and learned pain memories."", ""claim_type"": ""integrative"", ""section_located"": ""results"", ""why_it_matters"": ""Links psychological processes to central sensitization, a key integrative claim.""}"
F029_41930351,DeepSeek-V4-Flash,deepseek/deepseek-v4-flash,key_quotes,2,critical or problematizing,critical or problematizing,Psychosocial factors are not peripheral contributors but are central to the etiology and trajectory of chronic pain.,"{""claim_verbatim"": ""Psychosocial factors are not peripheral contributors but are central to the etiology and trajectory of chronic pain."", ""claim_type"": ""critical or problematizing"", ""section_located"": ""results"", ""why_it_matters"": ""Elevates psychosocial factors to central status, challenging purely biomedical views.""}"
F030_41897178,DeepSeek-V4-Flash,deepseek/deepseek-v4-flash,integration_claims,0,bio_psych,bio_psych,"Emotional distress, depressive symptomatology, and maladaptive cognitive responses, particularly catastrophizing and fear-avoidance, intensify pain perception, promote behavioral restriction, and accelerate functional decline","{""domains_linked"": ""bio_psych"", ""integration_level"": ""directional"", ""claim_verbatim"": ""Emotional distress, depressive symptomatology, and maladaptive cognitive responses, particularly catastrophizing and fear-avoidance, intensify pain perception, promote behavioral restriction, and accelerate functional decline"", ""mechanism_note"": ""Psychological factors are asserted to intensify pain perception and accelerate decline, but no biological pathway is specified"", ""section_located"": ""results"", ""evidence_basis"": ""empirically_supported""}"
F030_41897178,DeepSeek-V4-Flash,deepseek/deepseek-v4-flash,integration_claims,1,bio_psych,bio_psych,"sleep disorders represent a complex component in the experience of CNCP given its bidirectional relationship with it, affecting both physical functionality and emotional well-being","{""domains_linked"": ""bio_psych"", ""integration_level"": ""directional"", ""claim_verbatim"": ""sleep disorders represent a complex component in the experience of CNCP given its bidirectional relationship with it, affecting both physical functionality and emotional well-being"", ""mechanism_note"": ""Bidirectional relationship asserted between sleep and pain, affecting physical and emotional domains"", ""section_located"": ""results"", ""evidence_basis"": ""empirically_supported""}"
F030_41897178,DeepSeek-V4-Flash,deepseek/deepseek-v4-flash,integration_claims,2,psych_social,psych_social,"higher levels of social support have been associated with a lower prevalence of persistent pain, reduced pain intensity, and greater levels of physical activity","{""domains_linked"": ""psych_social"", ""integration_level"": ""directional"", ""claim_verbatim"": ""higher levels of social support have been associated with a lower prevalence of persistent pain, reduced pain intensity, and greater levels of physical activity"", ""mechanism_note"": ""Social support is associated with lower pain and greater activity, direction implied but no pathway given"", ""section_located"": ""results"", ""evidence_basis"": ""empirically_supported""}"
F030_41897178,DeepSeek-V4-Flash,deepseek/deepseek-v4-flash,integration_claims,3,psych_social,psych_social,"social support operates as a protective factor, mitigating emotional distress and reducing pain interference, whereas relational strain, social isolation, and reduced social capital amplify psychological burden and disability","{""domains_linked"": ""psych_social"", ""integration_level"": ""directional"", ""claim_verbatim"": ""social support operates as a protective factor, mitigating emotional distress and reducing pain interference, whereas relational strain, social isolation, and reduced social capital amplify psychological burden and disability"", ""mechanism_note"": ""Social support mitigates emotional distress; isolation amplifies psychological burden, direction asserted"", ""section_located"": ""results"", ""evidence_basis"": ""empirically_supported""}"
F030_41897178,DeepSeek-V4-Flash,deepseek/deepseek-v4-flash,integration_claims,4,bio_social,bio_social,Socioeconomic disadvantages and environmental constraints were linked to higher pain burden,"{""domains_linked"": ""bio_social"", ""integration_level"": ""directional"", ""claim_verbatim"": ""Socioeconomic disadvantages and environmental constraints were linked to higher pain burden"", ""mechanism_note"": ""Social disadvantage linked to higher pain burden, direction asserted without biological pathway"", ""section_located"": ""abstract"", ""evidence_basis"": ""empirically_supported""}"
F030_41897178,DeepSeek-V4-Flash,deepseek/deepseek-v4-flash,integration_claims,5,bio_social,bio_social,Living in economically disadvantaged areas has been linked to poorer sleep quality and greater pain severity,"{""domains_linked"": ""bio_social"", ""integration_level"": ""directional"", ""claim_verbatim"": ""Living in economically disadvantaged areas has been linked to poorer sleep quality and greater pain severity"", ""mechanism_note"": ""Area deprivation linked to poorer sleep and pain severity, direction asserted"", ""section_located"": ""results"", ""evidence_basis"": ""empirically_supported""}"
F030_41897178,DeepSeek-V4-Flash,deepseek/deepseek-v4-flash,integration_claims,6,triadic,triadic,"CNCP emerges from the continuous and reciprocal interaction among biological vulnerability, psychological regulation, functional capacity, and social context","{""domains_linked"": ""triadic"", ""integration_level"": ""descriptive"", ""claim_verbatim"": ""CNCP emerges from the continuous and reciprocal interaction among biological vulnerability, psychological regulation, functional capacity, and social context"", ""mechanism_note"": ""All three domains are related in a single narrative as interacting, but no specific pathway is specified"", ""section_located"": ""results"", ""evidence_basis"": ""theorized""}"
F030_41897178,DeepSeek-V4-Flash,deepseek/deepseek-v4-flash,integration_claims,7,triadic,triadic,"biological vulnerability, psychological processes, functional capacity, and social environment do not operate independently but continuously shape one another over time","{""domains_linked"": ""triadic"", ""integration_level"": ""descriptive"", ""claim_verbatim"": ""biological vulnerability, psychological processes, functional capacity, and social environment do not operate independently but continuously shape one another over time"", ""mechanism_note"": ""Three domains described as shaping one another, but no mechanism is detailed"", ""section_located"": ""results"", ""evidence_basis"": ""theorized""}"
F030_41897178,DeepSeek-V4-Flash,deepseek/deepseek-v4-flash,domain_evidence,0,biological,biological,"Biologically, recent research highlights mechanisms such as central sensitization, altered neuroplasticity, and dysregulated inflammatory pathways as contributors to pain chronification","{""domain"": ""biological"", ""coverage_level"": ""elaborated"", ""constructs_named"": [""central sensitization"", ""altered neuroplasticity"", ""dysregulated inflammatory pathways"", ""multimorbidity"", ""sleep disturbance"", ""cardiovascular disease"", ""arthritis"", ""arterial hypertension""], ""evidence_verbatim"": ""Biologically, recent research highlights mechanisms such as central sensitization, altered neuroplasticity, and dysregulated inflammatory pathways as contributors to pain chronification"", ""section_located"": ""introduction""}"
F030_41897178,DeepSeek-V4-Flash,deepseek/deepseek-v4-flash,domain_evidence,1,psychological,psychological,"Psychological factors are among the most consistent determinants of the course and expression of CP. Numerous studies have shown that depression, anxiety, and catastrophizing act as pain amplifiers and predictors of disability","{""domain"": ""psychological"", ""coverage_level"": ""elaborated"", ""constructs_named"": [""resilience"", ""catastrophizing"", ""fear-avoidance"", ""kinesiophobia"", ""depression"", ""anxiety"", ""emotional dysregulation"", ""cognitive vulnerability""], ""evidence_verbatim"": ""Psychological factors are among the most consistent determinants of the course and expression of CP. Numerous studies have shown that depression, anxiety, and catastrophizing act as pain amplifiers and predictors of disability"", ""section_located"": ""discussion""}"
F030_41897178,DeepSeek-V4-Flash,deepseek/deepseek-v4-flash,domain_evidence,2,social,social,"Socioeconomic disadvantages and environmental constraints were linked to higher pain burden, whereas resilience and social support emerged as protective factors mitigating functional and psychosocial impact","{""domain"": ""social"", ""coverage_level"": ""elaborated"", ""constructs_named"": [""social support"", ""marital status"", ""socioeconomic status"", ""educational attainment"", ""employment status"", ""income level"", ""gender"", ""rural setting""], ""evidence_verbatim"": ""Socioeconomic disadvantages and environmental constraints were linked to higher pain burden, whereas resilience and social support emerged as protective factors mitigating functional and psychosocial impact"", ""section_located"": ""abstract""}"
F030_41897178,DeepSeek-V4-Flash,deepseek/deepseek-v4-flash,psychological_concepts,0,resilience,resilience,,"{""concept_label"": ""resilience"", ""definitional_status"": ""named_only"", ""definition_verbatim"": """", ""section_located"": ""results""}"
F030_41897178,DeepSeek-V4-Flash,deepseek/deepseek-v4-flash,psychological_concepts,1,catastrophizing,catastrophizing,,"{""concept_label"": ""catastrophizing"", ""definitional_status"": ""named_only"", ""definition_verbatim"": """", ""section_located"": ""results""}"
F030_41897178,DeepSeek-V4-Flash,deepseek/deepseek-v4-flash,psychological_concepts,2,fear-avoidance,fear-avoidance,,"{""concept_label"": ""fear-avoidance"", ""definitional_status"": ""named_only"", ""definition_verbatim"": """", ""section_located"": ""results""}"
F030_41897178,DeepSeek-V4-Flash,deepseek/deepseek-v4-flash,psychological_concepts,3,kinesiophobia,kinesiophobia,,"{""concept_label"": ""kinesiophobia"", ""definitional_status"": ""named_only"", ""definition_verbatim"": """", ""section_located"": ""results""}"
F030_41897178,DeepSeek-V4-Flash,deepseek/deepseek-v4-flash,psychological_concepts,4,depression,depression,,"{""concept_label"": ""depression"", ""definitional_status"": ""named_only"", ""definition_verbatim"": """", ""section_located"": ""results""}"
F030_41897178,DeepSeek-V4-Flash,deepseek/deepseek-v4-flash,psychological_concepts,5,anxiety,anxiety,,"{""concept_label"": ""anxiety"", ""definitional_status"": ""named_only"", ""definition_verbatim"": """", ""section_located"": ""results""}"
F030_41897178,DeepSeek-V4-Flash,deepseek/deepseek-v4-flash,psychological_concepts,6,maladaptive coping,maladaptive coping,,"{""concept_label"": ""maladaptive coping"", ""definitional_status"": ""named_only"", ""definition_verbatim"": """", ""section_located"": ""results""}"
F030_41897178,DeepSeek-V4-Flash,deepseek/deepseek-v4-flash,theoretical_frameworks,0,fear-avoidance model,fear-avoidance model,"the fear-avoidance model provides a robust explanatory lens, suggesting that pain-related fear leads to activity avoidance, progressive deconditioning, and disability, thereby sustaining the chronic pain cycle","{""framework_label"": ""fear-avoidance model"", ""role"": ""mentioned in passing"", ""framework_verbatim"": ""the fear-avoidance model provides a robust explanatory lens, suggesting that pain-related fear leads to activity avoidance, progressive deconditioning, and disability, thereby sustaining the chronic pain cycle""}"
F030_41897178,DeepSeek-V4-Flash,deepseek/deepseek-v4-flash,theoretical_frameworks,1,Self-Care and Adaptation models,self-care and adaptation models,"Person-centered nursing frameworks, such as the Self-Care and Adaptation models, provide conceptual tools for integrating emotional, behavioral, and environmental dimensions into pain management","{""framework_label"": ""Self-Care and Adaptation models"", ""role"": ""mentioned in passing"", ""framework_verbatim"": ""Person-centered nursing frameworks, such as the Self-Care and Adaptation models, provide conceptual tools for integrating emotional, behavioral, and environmental dimensions into pain management""}"
F030_41897178,DeepSeek-V4-Flash,deepseek/deepseek-v4-flash,theoretical_frameworks,2,biopsychosocial model,biopsychosocial model,"the evidence supports a biopsychosocial model of CNCP that is dynamic, interactive, and socially contextualized","{""framework_label"": ""biopsychosocial model"", ""role"": ""organizing framework"", ""framework_verbatim"": ""the evidence supports a biopsychosocial model of CNCP that is dynamic, interactive, and socially contextualized""}"
F030_41897178,DeepSeek-V4-Flash,deepseek/deepseek-v4-flash,conceptual_problems,0,parallel_listing_without_integration,parallel_listing_without_integration,Five themes emerged: biological aspects; functioning and quality of life; psychological and mental factors; social support and peer relationships; and social and gender determinants,"{""problem_type"": ""parallel_listing_without_integration"", ""problem_verbatim"": ""Five themes emerged: biological aspects; functioning and quality of life; psychological and mental factors; social support and peer relationships; and social and gender determinants"", ""note"": ""Themes are listed separately; integration is asserted in the discussion but not demonstrated through linked mechanisms""}"
F030_41897178,DeepSeek-V4-Flash,deepseek/deepseek-v4-flash,conceptual_problems,1,mechanistic_absence,mechanistic_absence,"CNCP emerges from the continuous and reciprocal interaction among biological vulnerability, psychological regulation, functional capacity, and social context","{""problem_type"": ""mechanistic_absence"", ""problem_verbatim"": ""CNCP emerges from the continuous and reciprocal interaction among biological vulnerability, psychological regulation, functional capacity, and social context"", ""note"": ""Reciprocal interaction is stated but no pathway or mediator is specified, leaving the claim at a descriptive level""}"
F030_41897178,DeepSeek-V4-Flash,deepseek/deepseek-v4-flash,key_quotes,0,critical or problematizing,critical or problematizing,"Evidence largely concentrates on biomedical, functional, and psychological dimensions, whereas social determinants and healthcare quality remain comparatively underexplored","{""claim_verbatim"": ""Evidence largely concentrates on biomedical, functional, and psychological dimensions, whereas social determinants and healthcare quality remain comparatively underexplored"", ""claim_type"": ""critical or problematizing"", ""section_located"": ""abstract"", ""why_it_matters"": ""The paper itself acknowledges that social determinants are underexplored, which limits its own integrative claim""}"
F030_41897178,DeepSeek-V4-Flash,deepseek/deepseek-v4-flash,key_quotes,1,integrative,integrative,"CNCP emerges from the continuous and reciprocal interaction among biological vulnerability, psychological regulation, functional capacity, and social context","{""claim_verbatim"": ""CNCP emerges from the continuous and reciprocal interaction among biological vulnerability, psychological regulation, functional capacity, and social context"", ""claim_type"": ""integrative"", ""section_located"": ""results"", ""why_it_matters"": ""This is the paper's central integrative statement, but it remains descriptive without specifying mechanisms""}"
F030_41897178,DeepSeek-V4-Flash,deepseek/deepseek-v4-flash,key_quotes,2,critical or problematizing,critical or problematizing,biological mechanisms alone are insufficient to explain variability in pain trajectories or functional outcomes,"{""claim_verbatim"": ""biological mechanisms alone are insufficient to explain variability in pain trajectories or functional outcomes"", ""claim_type"": ""critical or problematizing"", ""section_located"": ""results"", ""why_it_matters"": ""Explicitly rejects a purely biological model, setting up the need for integration""}"
F031_41271275,DeepSeek-V4-Flash,deepseek/deepseek-v4-flash,integration_claims,0,bio_psych,bio_psych,"Pain modulators—whether medication, TENS, or mindfulness—should be seen for what they are: tools to calm down a sensitive and hyperactive pain signaling system so patients can move.","{""domains_linked"": ""bio_psych"", ""integration_level"": ""directional"", ""claim_verbatim"": ""Pain modulators—whether medication, TENS, or mindfulness—should be seen for what they are: tools to calm down a sensitive and hyperactive pain signaling system so patients can move."", ""mechanism_note"": ""Pain modulators act on the pain signaling system to enable movement, implying a biological influence on psychological/behavioral outcomes."", ""section_located"": ""other"", ""evidence_basis"": ""asserted""}"
F031_41271275,DeepSeek-V4-Flash,deepseek/deepseek-v4-flash,integration_claims,1,psych_social,psych_social,Expectations are often influenced by the health system itself. Insurance requirements can send the wrong message.,"{""domains_linked"": ""psych_social"", ""integration_level"": ""directional"", ""claim_verbatim"": ""Expectations are often influenced by the health system itself. Insurance requirements can send the wrong message."", ""mechanism_note"": ""Social context (insurance) shapes patient expectations, which influence treatment outcomes."", ""section_located"": ""other"", ""evidence_basis"": ""asserted""}"
F031_41271275,DeepSeek-V4-Flash,deepseek/deepseek-v4-flash,integration_claims,2,bio_social,bio_social,"Pain is not just coming from joints or discs or other specific anatomic structures. It is a complex process influenced by factors important in older persons, including multiple chronic conditions, stress, sleep, emotions, cognition, social support, physical function, and behavior.","{""domains_linked"": ""bio_social"", ""integration_level"": ""mentioned"", ""claim_verbatim"": ""Pain is not just coming from joints or discs or other specific anatomic structures. It is a complex process influenced by factors important in older persons, including multiple chronic conditions, stress, sleep, emotions, cognition, social support, physical function, and behavior."", ""mechanism_note"": ""Biological and social factors are listed together without a specified relationship."", ""section_located"": ""other"", ""evidence_basis"": ""asserted""}"
F031_41271275,DeepSeek-V4-Flash,deepseek/deepseek-v4-flash,integration_claims,3,triadic,triadic,"Instead, it is full integration of all the relevant biopsychosocial components at the outset of care.","{""domains_linked"": ""triadic"", ""integration_level"": ""mentioned"", ""claim_verbatim"": ""Instead, it is full integration of all the relevant biopsychosocial components at the outset of care."", ""mechanism_note"": ""Calls for full integration but does not specify a mechanism linking all three domains."", ""section_located"": ""other"", ""evidence_basis"": ""asserted""}"
F031_41271275,DeepSeek-V4-Flash,deepseek/deepseek-v4-flash,domain_evidence,0,biological,biological,"Age-related/senescent changes in nerves, neurotransmitters, and brain processing mean pain is often chronic.","{""domain"": ""biological"", ""coverage_level"": ""mentioned"", ""constructs_named"": [""pain signaling system"", ""age-related/senescent changes in nerves, neurotransmitters, and brain processing""], ""evidence_verbatim"": ""Age-related/senescent changes in nerves, neurotransmitters, and brain processing mean pain is often chronic."", ""section_located"": ""other""}"
F031_41271275,DeepSeek-V4-Flash,deepseek/deepseek-v4-flash,domain_evidence,1,psychological,psychological,"Others fall into the trap of avoidance—limiting activity out of fear, becoming deconditioned, and experiencing even more pain—a difference captured in the fear-avoidance model.","{""domain"": ""psychological"", ""coverage_level"": ""elaborated"", ""constructs_named"": [""fear-avoidance"", ""self-efficacy"", ""expectations"", ""placebo and nocebo effects"", ""catastrophizing"", ""coping"", ""therapeutic alliance"", ""motivational interviewing""], ""evidence_verbatim"": ""Others fall into the trap of avoidance—limiting activity out of fear, becoming deconditioned, and experiencing even more pain—a difference captured in the fear-avoidance model."", ""section_located"": ""other""}"
F031_41271275,DeepSeek-V4-Flash,deepseek/deepseek-v4-flash,domain_evidence,2,social,social,"Older patients come into visits with beliefs shaped by a lifetime of past experiences, family, culture, and what they have read or been told.","{""domain"": ""social"", ""coverage_level"": ""mentioned"", ""constructs_named"": [""social support"", ""social isolation"", ""family"", ""culture"", ""health system"", ""insurance requirements""], ""evidence_verbatim"": ""Older patients come into visits with beliefs shaped by a lifetime of past experiences, family, culture, and what they have read or been told."", ""section_located"": ""other""}"
F031_41271275,DeepSeek-V4-Flash,deepseek/deepseek-v4-flash,psychological_concepts,0,fear-avoidance,fear-avoidance,,"{""concept_label"": ""fear-avoidance"", ""definitional_status"": ""named_only"", ""definition_verbatim"": """", ""section_located"": ""other""}"
F031_41271275,DeepSeek-V4-Flash,deepseek/deepseek-v4-flash,psychological_concepts,1,self-efficacy,self-efficacy,"self-efficacy - i.e., belief in one's ability to complete or perform the treatment","{""concept_label"": ""self-efficacy"", ""definitional_status"": ""formally_defined"", ""definition_verbatim"": ""self-efficacy - i.e., belief in one's ability to complete or perform the treatment"", ""section_located"": ""other""}"
F031_41271275,DeepSeek-V4-Flash,deepseek/deepseek-v4-flash,psychological_concepts,2,expectations,expectations,,"{""concept_label"": ""expectations"", ""definitional_status"": ""named_only"", ""definition_verbatim"": """", ""section_located"": ""other""}"
F031_41271275,DeepSeek-V4-Flash,deepseek/deepseek-v4-flash,psychological_concepts,3,placebo and nocebo effects,placebo and nocebo effects,,"{""concept_label"": ""placebo and nocebo effects"", ""definitional_status"": ""named_only"", ""definition_verbatim"": """", ""section_located"": ""other""}"
F031_41271275,DeepSeek-V4-Flash,deepseek/deepseek-v4-flash,psychological_concepts,4,catastrophizing,catastrophizing,,"{""concept_label"": ""catastrophizing"", ""definitional_status"": ""named_only"", ""definition_verbatim"": """", ""section_located"": ""other""}"
F031_41271275,DeepSeek-V4-Flash,deepseek/deepseek-v4-flash,psychological_concepts,5,coping,coping,,"{""concept_label"": ""coping"", ""definitional_status"": ""named_only"", ""definition_verbatim"": """", ""section_located"": ""other""}"
F031_41271275,DeepSeek-V4-Flash,deepseek/deepseek-v4-flash,psychological_concepts,6,therapeutic alliance,therapeutic alliance,"Strong therapeutic alliance—the agreement on goals and tasks, plus the bond between clinician, patient and caregivers","{""concept_label"": ""therapeutic alliance"", ""definitional_status"": ""formally_defined"", ""definition_verbatim"": ""Strong therapeutic alliance—the agreement on goals and tasks, plus the bond between clinician, patient and caregivers"", ""section_located"": ""other""}"
F031_41271275,DeepSeek-V4-Flash,deepseek/deepseek-v4-flash,psychological_concepts,7,motivational interviewing,motivational interviewing,,"{""concept_label"": ""motivational interviewing"", ""definitional_status"": ""named_only"", ""definition_verbatim"": """", ""section_located"": ""other""}"
F031_41271275,DeepSeek-V4-Flash,deepseek/deepseek-v4-flash,theoretical_frameworks,0,biopsychosocial model,biopsychosocial model,"The biopsychosocial model is the central framework of comprehensive geriatric assessment, including pain assessment.","{""framework_label"": ""biopsychosocial model"", ""role"": ""organizing framework"", ""framework_verbatim"": ""The biopsychosocial model is the central framework of comprehensive geriatric assessment, including pain assessment.""}"
F031_41271275,DeepSeek-V4-Flash,deepseek/deepseek-v4-flash,theoretical_frameworks,1,fear-avoidance model,fear-avoidance model,a difference captured in the fear-avoidance model,"{""framework_label"": ""fear-avoidance model"", ""role"": ""mentioned in passing"", ""framework_verbatim"": ""a difference captured in the fear-avoidance model""}"
F031_41271275,DeepSeek-V4-Flash,deepseek/deepseek-v4-flash,theoretical_frameworks,2,misdirected problem-solving model,misdirected problem-solving model,what Eccleston and Crombez described as the 'misdirected problem-solving model',"{""framework_label"": ""misdirected problem-solving model"", ""role"": ""mentioned in passing"", ""framework_verbatim"": ""what Eccleston and Crombez described as the 'misdirected problem-solving model'""}"
F031_41271275,DeepSeek-V4-Flash,deepseek/deepseek-v4-flash,theoretical_frameworks,3,Pain-Movement Interface,pain-movement interface,Once such model – the Pain-Movement Interface,"{""framework_label"": ""Pain-Movement Interface"", ""role"": ""mentioned in passing"", ""framework_verbatim"": ""Once such model – the Pain-Movement Interface""}"
F031_41271275,DeepSeek-V4-Flash,deepseek/deepseek-v4-flash,conceptual_problems,0,tokenistic_bps,tokenistic_bps,"The biopsychosocial model is the central framework of comprehensive geriatric assessment, including pain assessment. However, this framework in the context of pain is highly heterogeneous, even among geriatric clinicians.","{""problem_type"": ""tokenistic_bps"", ""problem_verbatim"": ""The biopsychosocial model is the central framework of comprehensive geriatric assessment, including pain assessment. However, this framework in the context of pain is highly heterogeneous, even among geriatric clinicians."", ""note"": ""Acknowledges heterogeneity but does not operationalize the model substantively.""}"
F031_41271275,DeepSeek-V4-Flash,deepseek/deepseek-v4-flash,conceptual_problems,1,missing_social,missing_social,"Pain is not just coming from joints or discs or other specific anatomic structures. It is a complex process influenced by factors important in older persons, including multiple chronic conditions, stress, sleep, emotions, cognition, social support, physical function, and behavior.","{""problem_type"": ""missing_social"", ""problem_verbatim"": ""Pain is not just coming from joints or discs or other specific anatomic structures. It is a complex process influenced by factors important in older persons, including multiple chronic conditions, stress, sleep, emotions, cognition, social support, physical function, and behavior."", ""note"": ""Social factors are listed but not developed as a substantive thread.""}"
F031_41271275,DeepSeek-V4-Flash,deepseek/deepseek-v4-flash,conceptual_problems,2,mechanistic_absence,mechanistic_absence,"Instead, it is full integration of all the relevant biopsychosocial components at the outset of care.","{""problem_type"": ""mechanistic_absence"", ""problem_verbatim"": ""Instead, it is full integration of all the relevant biopsychosocial components at the outset of care."", ""note"": ""Calls for integration but does not specify mechanisms linking domains.""}"
F031_41271275,DeepSeek-V4-Flash,deepseek/deepseek-v4-flash,key_quotes,0,integrative,integrative,"Instead, it is full integration of all the relevant biopsychosocial components at the outset of care.","{""claim_verbatim"": ""Instead, it is full integration of all the relevant biopsychosocial components at the outset of care."", ""claim_type"": ""integrative"", ""section_located"": ""other"", ""why_it_matters"": ""States the ideal of integration but does not demonstrate it.""}"
F031_41271275,DeepSeek-V4-Flash,deepseek/deepseek-v4-flash,key_quotes,1,definitional,definitional,"Pain is not just coming from joints or discs or other specific anatomic structures. It is a complex process influenced by factors important in older persons, including multiple chronic conditions, stress, sleep, emotions, cognition, social support, physical function, and behavior.","{""claim_verbatim"": ""Pain is not just coming from joints or discs or other specific anatomic structures. It is a complex process influenced by factors important in older persons, including multiple chronic conditions, stress, sleep, emotions, cognition, social support, physical function, and behavior."", ""claim_type"": ""definitional"", ""section_located"": ""other"", ""why_it_matters"": ""Defines pain as multifactorial but lists factors without integration.""}"
F031_41271275,DeepSeek-V4-Flash,deepseek/deepseek-v4-flash,key_quotes,2,theoretical,theoretical,"Others fall into the trap of avoidance—limiting activity out of fear, becoming deconditioned, and experiencing even more pain—a difference captured in the fear-avoidance model.","{""claim_verbatim"": ""Others fall into the trap of avoidance—limiting activity out of fear, becoming deconditioned, and experiencing even more pain—a difference captured in the fear-avoidance model."", ""claim_type"": ""theoretical"", ""section_located"": ""other"", ""why_it_matters"": ""Illustrates a psychological mechanism but not linked to biological or social domains.""}"
F032_41412623,DeepSeek-V4-Flash,deepseek/deepseek-v4-flash,domain_evidence,0,biological,biological,Implantable neuromodulation therapies involve the use of electrical or chemical energy to ameliorate pain refractory to conventional medical management.,"{""domain"": ""biological"", ""coverage_level"": ""minimal"", ""constructs_named"": [""pain intensity"", ""neuromodulation"", ""explantation rates""], ""evidence_verbatim"": ""Implantable neuromodulation therapies involve the use of electrical or chemical energy to ameliorate pain refractory to conventional medical management."", ""section_located"": ""introduction""}"
F032_41412623,DeepSeek-V4-Flash,deepseek/deepseek-v4-flash,domain_evidence,1,psychological,psychological,"mental health (eg, General Anxiety Disorder-7 for anxiety, Patient Health Questionnaire-9 for depression, Pain Catastrophising Scale and similar measures)","{""domain"": ""psychological"", ""coverage_level"": ""mentioned"", ""constructs_named"": [""mental health"", ""anxiety"", ""depression"", ""pain catastrophising""], ""evidence_verbatim"": ""mental health (eg, General Anxiety Disorder-7 for anxiety, Patient Health Questionnaire-9 for depression, Pain Catastrophising Scale and similar measures)"", ""section_located"": ""methods""}"
F032_41412623,DeepSeek-V4-Flash,deepseek/deepseek-v4-flash,domain_evidence,2,social,social,"pain intensity scores are unidimensional and not a measure of a broader, patient-centred outcome incorporating physical health, mental well-being and social function.","{""domain"": ""social"", ""coverage_level"": ""minimal"", ""constructs_named"": [""social well-being"", ""social function""], ""evidence_verbatim"": ""pain intensity scores are unidimensional and not a measure of a broader, patient-centred outcome incorporating physical health, mental well-being and social function."", ""section_located"": ""introduction""}"
F032_41412623,DeepSeek-V4-Flash,deepseek/deepseek-v4-flash,psychological_concepts,0,mental health,mental health,,"{""concept_label"": ""mental health"", ""definitional_status"": ""named_only"", ""definition_verbatim"": """", ""section_located"": ""methods""}"
F032_41412623,DeepSeek-V4-Flash,deepseek/deepseek-v4-flash,psychological_concepts,1,anxiety,anxiety,General Anxiety Disorder-7 for anxiety,"{""concept_label"": ""anxiety"", ""definitional_status"": ""operationalized_only"", ""definition_verbatim"": ""General Anxiety Disorder-7 for anxiety"", ""section_located"": ""methods""}"
F032_41412623,DeepSeek-V4-Flash,deepseek/deepseek-v4-flash,psychological_concepts,2,depression,depression,Patient Health Questionnaire-9 for depression,"{""concept_label"": ""depression"", ""definitional_status"": ""operationalized_only"", ""definition_verbatim"": ""Patient Health Questionnaire-9 for depression"", ""section_located"": ""methods""}"
F032_41412623,DeepSeek-V4-Flash,deepseek/deepseek-v4-flash,psychological_concepts,3,pain catastrophising,pain catastrophising,Pain Catastrophising Scale,"{""concept_label"": ""pain catastrophising"", ""definitional_status"": ""operationalized_only"", ""definition_verbatim"": ""Pain Catastrophising Scale"", ""section_located"": ""methods""}"
F032_41412623,DeepSeek-V4-Flash,deepseek/deepseek-v4-flash,conceptual_problems,0,tokenistic_bps,tokenistic_bps,"pain is a biopsychosocial phenomenon, and assessment of effectiveness of neuromodulation therapies using tools that incorporate multiple pain-related domains may be more relevant and accurate.","{""problem_type"": ""tokenistic_bps"", ""problem_verbatim"": ""pain is a biopsychosocial phenomenon, and assessment of effectiveness of neuromodulation therapies using tools that incorporate multiple pain-related domains may be more relevant and accurate."", ""note"": ""BPS label used in abstract but no substantive BPS content or integration in the review.""}"
F032_41412623,DeepSeek-V4-Flash,deepseek/deepseek-v4-flash,conceptual_problems,1,parallel_listing_without_integration,parallel_listing_without_integration,"pain intensity scores are unidimensional and not a measure of a broader, patient-centred outcome incorporating physical health, mental well-being and social function.","{""problem_type"": ""parallel_listing_without_integration"", ""problem_verbatim"": ""pain intensity scores are unidimensional and not a measure of a broader, patient-centred outcome incorporating physical health, mental well-being and social function."", ""note"": ""Domains listed but no relational claims made between them.""}"
F032_41412623,DeepSeek-V4-Flash,deepseek/deepseek-v4-flash,key_quotes,0,definitional,definitional,"pain is a biopsychosocial phenomenon, and assessment of effectiveness of neuromodulation therapies using tools that incorporate multiple pain-related domains may be more relevant and accurate.","{""claim_verbatim"": ""pain is a biopsychosocial phenomenon, and assessment of effectiveness of neuromodulation therapies using tools that incorporate multiple pain-related domains may be more relevant and accurate."", ""claim_type"": ""definitional"", ""section_located"": ""abstract"", ""why_it_matters"": ""Shows the paper invokes BPS rhetorically without operationalizing it.""}"
F032_41412623,DeepSeek-V4-Flash,deepseek/deepseek-v4-flash,key_quotes,1,critical or problematizing,critical or problematizing,"pain intensity scores are unidimensional and not a measure of a broader, patient-centred outcome incorporating physical health, mental well-being and social function.","{""claim_verbatim"": ""pain intensity scores are unidimensional and not a measure of a broader, patient-centred outcome incorporating physical health, mental well-being and social function."", ""claim_type"": ""critical or problematizing"", ""section_located"": ""introduction"", ""why_it_matters"": ""Critiques unidimensional pain measurement but does not integrate domains.""}"
F033_41324834,DeepSeek-V4-Flash,deepseek/deepseek-v4-flash,integration_claims,0,bio_psych,bio_psych,"Chronic exposure to minority stress can directly modulate pain via dysregulation of the hypothalamic-pituitary-adrenal axis and increased inflammation, while pain-associated internalizing symptoms and social withdrawal can indirectly worsen pain","{""domains_linked"": ""bio_psych"", ""integration_level"": ""directional"", ""claim_verbatim"": ""Chronic exposure to minority stress can directly modulate pain via dysregulation of the hypothalamic-pituitary-adrenal axis and increased inflammation, while pain-associated internalizing symptoms and social withdrawal can indirectly worsen pain"", ""mechanism_note"": ""Minority stress affects pain through HPA axis and inflammation; psychological symptoms also worsen pain indirectly."", ""section_located"": ""results"", ""evidence_basis"": ""theorized""}"
F033_41324834,DeepSeek-V4-Flash,deepseek/deepseek-v4-flash,integration_claims,1,psych_social,psych_social,"These mental health conditions are not only comorbid with chronic pain but also exacerbate pain through cognitive-affective pathways, including catastrophizing, hypervigilance, and reduced coping capacity. Intersectional marginalization compounds this risk","{""domains_linked"": ""psych_social"", ""integration_level"": ""directional"", ""claim_verbatim"": ""These mental health conditions are not only comorbid with chronic pain but also exacerbate pain through cognitive-affective pathways, including catastrophizing, hypervigilance, and reduced coping capacity. Intersectional marginalization compounds this risk"", ""mechanism_note"": ""Social marginalization increases psychological distress, which in turn worsens pain via cognitive-affective pathways."", ""section_located"": ""results"", ""evidence_basis"": ""theorized""}"
F033_41324834,DeepSeek-V4-Flash,deepseek/deepseek-v4-flash,integration_claims,2,bio_social,bio_social,"Such structural adversity contributes to chronic stress and heightened allostatic load, which in turn dysregulates neuroendocrine, immune, and pain systems","{""domains_linked"": ""bio_social"", ""integration_level"": ""directional"", ""claim_verbatim"": ""Such structural adversity contributes to chronic stress and heightened allostatic load, which in turn dysregulates neuroendocrine, immune, and pain systems"", ""mechanism_note"": ""Structural adversity (social) leads to allostatic load and dysregulation of biological systems."", ""section_located"": ""results"", ""evidence_basis"": ""theorized""}"
F033_41324834,DeepSeek-V4-Flash,deepseek/deepseek-v4-flash,integration_claims,3,triadic,triadic,"Integrating biopsychosocial, minority stress, and ecological-systems frameworks reveals how structural inequities interact with interpersonal and intrapersonal pain mechanisms, contributing to disproportionate health burdens.","{""domains_linked"": ""triadic"", ""integration_level"": ""mentioned"", ""claim_verbatim"": ""Integrating biopsychosocial, minority stress, and ecological-systems frameworks reveals how structural inequities interact with interpersonal and intrapersonal pain mechanisms, contributing to disproportionate health burdens."", ""mechanism_note"": ""Social (structural inequities) and psychological (interpersonal/intrapersonal) are linked; biological is mentioned but not integrated mechanistically."", ""section_located"": ""conclusion"", ""evidence_basis"": ""theorized""}"
F033_41324834,DeepSeek-V4-Flash,deepseek/deepseek-v4-flash,domain_evidence,0,biological,biological,Chronic exposure to minority stress can directly modulate pain via dysregulation of the hypothalamic-pituitary-adrenal axis and increased inflammation,"{""domain"": ""biological"", ""coverage_level"": ""mentioned"", ""constructs_named"": [""hpa axis dysregulation"", ""inflammation"", ""allostatic load"", ""neuroendocrine dysregulation"", ""immune dysregulation"", ""pain processing"", ""hormonal regulation of pain"", ""deconditioning""], ""evidence_verbatim"": ""Chronic exposure to minority stress can directly modulate pain via dysregulation of the hypothalamic-pituitary-adrenal axis and increased inflammation"", ""section_located"": ""results""}"
F033_41324834,DeepSeek-V4-Flash,deepseek/deepseek-v4-flash,domain_evidence,1,psychological,psychological,"Psychological distress is a well-documented mechanism contributing to chronic pain, and TGD youth face particularly elevated risk.","{""domain"": ""psychological"", ""coverage_level"": ""elaborated"", ""constructs_named"": [""psychological distress"", ""depression"", ""anxiety"", ""insomnia"", ""suicidal ideation"", ""catastrophizing"", ""hypervigilance"", ""reduced coping capacity""], ""evidence_verbatim"": ""Psychological distress is a well-documented mechanism contributing to chronic pain, and TGD youth face particularly elevated risk."", ""section_located"": ""results""}"
F033_41324834,DeepSeek-V4-Flash,deepseek/deepseek-v4-flash,domain_evidence,2,social,social,"TGD youth face significant barriers to accessing competent, affirming health care. Experiences of misgendering, discrimination, and non-affirmation in healthcare settings can elevate distress, foster distrust, and discourage help-seeking","{""domain"": ""social"", ""coverage_level"": ""elaborated"", ""constructs_named"": [""minority stress"", ""discrimination"", ""victimization"", ""rejection"", ""gender non-affirmation"", ""structural inequities"", ""systemic barriers"", ""healthcare barriers""], ""evidence_verbatim"": ""TGD youth face significant barriers to accessing competent, affirming health care. Experiences of misgendering, discrimination, and non-affirmation in healthcare settings can elevate distress, foster distrust, and discourage help-seeking"", ""section_located"": ""results""}"
F033_41324834,DeepSeek-V4-Flash,deepseek/deepseek-v4-flash,psychological_concepts,0,catastrophizing,catastrophizing,,"{""concept_label"": ""catastrophizing"", ""definitional_status"": ""named_only"", ""definition_verbatim"": """", ""section_located"": ""results""}"
F033_41324834,DeepSeek-V4-Flash,deepseek/deepseek-v4-flash,psychological_concepts,1,hypervigilance,hypervigilance,,"{""concept_label"": ""hypervigilance"", ""definitional_status"": ""named_only"", ""definition_verbatim"": """", ""section_located"": ""results""}"
F033_41324834,DeepSeek-V4-Flash,deepseek/deepseek-v4-flash,psychological_concepts,2,pain acceptance,pain acceptance,,"{""concept_label"": ""pain acceptance"", ""definitional_status"": ""named_only"", ""definition_verbatim"": """", ""section_located"": ""results""}"
F033_41324834,DeepSeek-V4-Flash,deepseek/deepseek-v4-flash,psychological_concepts,3,resilience,resilience,Resilience is described as the ability to survive and thrive in the face of adversity.,"{""concept_label"": ""resilience"", ""definitional_status"": ""formally_defined"", ""definition_verbatim"": ""Resilience is described as the ability to survive and thrive in the face of adversity."", ""section_located"": ""discussion""}"
F033_41324834,DeepSeek-V4-Flash,deepseek/deepseek-v4-flash,psychological_concepts,4,gender euphoria,gender euphoria,"gender euphoria, the joy and contentment experienced when one's gender expression aligns with their internal sense of gender","{""concept_label"": ""gender euphoria"", ""definitional_status"": ""formally_defined"", ""definition_verbatim"": ""gender euphoria, the joy and contentment experienced when one's gender expression aligns with their internal sense of gender"", ""section_located"": ""discussion""}"
F033_41324834,DeepSeek-V4-Flash,deepseek/deepseek-v4-flash,theoretical_frameworks,0,biopsychosocial model,biopsychosocial model,"The development and persistence of chronic pain in childhood and adolescence is widely understood through a biopsychosocial lens. This model posits that pain is shaped by the interplay of biological processes, psychological functioning, and sociocultural context","{""framework_label"": ""biopsychosocial model"", ""role"": ""organizing framework"", ""framework_verbatim"": ""The development and persistence of chronic pain in childhood and adolescence is widely understood through a biopsychosocial lens. This model posits that pain is shaped by the interplay of biological processes, psychological functioning, and sociocultural context""}"
F033_41324834,DeepSeek-V4-Flash,deepseek/deepseek-v4-flash,theoretical_frameworks,1,gender minority stress and resilience (GMSR) model,gender minority stress and resilience (gmsr) model,The gender minority stress and resilience (GMSR) model can help to understand the impact of structural and systems-level factors upon TGD youth.,"{""framework_label"": ""gender minority stress and resilience (GMSR) model"", ""role"": ""organizing framework"", ""framework_verbatim"": ""The gender minority stress and resilience (GMSR) model can help to understand the impact of structural and systems-level factors upon TGD youth.""}"
F033_41324834,DeepSeek-V4-Flash,deepseek/deepseek-v4-flash,theoretical_frameworks,2,ecological systems model,ecological systems model,"Boerner and colleagues proposed a comprehensive, ecological systems model to better situate TGD youth with chronic pain within their dynamic contexts.","{""framework_label"": ""ecological systems model"", ""role"": ""organizing framework"", ""framework_verbatim"": ""Boerner and colleagues proposed a comprehensive, ecological systems model to better situate TGD youth with chronic pain within their dynamic contexts.""}"
F033_41324834,DeepSeek-V4-Flash,deepseek/deepseek-v4-flash,theoretical_frameworks,3,intersectionality,intersectionality,Intersectionality recognizes that no single aspect of one's identity operates in isolation.,"{""framework_label"": ""intersectionality"", ""role"": ""organizing framework"", ""framework_verbatim"": ""Intersectionality recognizes that no single aspect of one's identity operates in isolation.""}"
F033_41324834,DeepSeek-V4-Flash,deepseek/deepseek-v4-flash,theoretical_frameworks,4,minority stress model,minority stress model,the broader minority stress model,"{""framework_label"": ""minority stress model"", ""role"": ""mentioned in passing"", ""framework_verbatim"": ""the broader minority stress model""}"
F033_41324834,DeepSeek-V4-Flash,deepseek/deepseek-v4-flash,theoretical_frameworks,5,trauma-informed care (TIC),trauma-informed care (tic),"Trauma-informed care (TIC) is defined as care in which all parties involved assess, recognize, and respond to the effects of traumatic stress on youth, caregivers, and health care providers","{""framework_label"": ""trauma-informed care (TIC)"", ""role"": ""organizing framework"", ""framework_verbatim"": ""Trauma-informed care (TIC) is defined as care in which all parties involved assess, recognize, and respond to the effects of traumatic stress on youth, caregivers, and health care providers""}"
F033_41324834,DeepSeek-V4-Flash,deepseek/deepseek-v4-flash,conceptual_problems,0,missing_biology,missing_biology,Chronic exposure to minority stress can directly modulate pain via dysregulation of the hypothalamic-pituitary-adrenal axis and increased inflammation,"{""problem_type"": ""missing_biology"", ""problem_verbatim"": ""Chronic exposure to minority stress can directly modulate pain via dysregulation of the hypothalamic-pituitary-adrenal axis and increased inflammation"", ""note"": ""Biological mechanisms are named but not elaborated; no sustained biological thread.""}"
F033_41324834,DeepSeek-V4-Flash,deepseek/deepseek-v4-flash,conceptual_problems,1,parallel_listing_without_integration,parallel_listing_without_integration,"Integrating biopsychosocial, minority stress, and ecological-systems frameworks reveals how structural inequities interact with interpersonal and intrapersonal pain mechanisms","{""problem_type"": ""parallel_listing_without_integration"", ""problem_verbatim"": ""Integrating biopsychosocial, minority stress, and ecological-systems frameworks reveals how structural inequities interact with interpersonal and intrapersonal pain mechanisms"", ""note"": ""Triadic integration is claimed but biological domain is only loosely attached.""}"
F033_41324834,DeepSeek-V4-Flash,deepseek/deepseek-v4-flash,key_quotes,0,critical or problematizing,critical or problematizing,"For TGD youth, the biopsychosocial model alone may be insufficient to capture the complex sociocultural realities that influence the development, persistence, and management of chronic pain.","{""claim_verbatim"": ""For TGD youth, the biopsychosocial model alone may be insufficient to capture the complex sociocultural realities that influence the development, persistence, and management of chronic pain."", ""claim_type"": ""critical or problematizing"", ""section_located"": ""results"", ""why_it_matters"": ""Explicitly states the BPS model's insufficiency for this population, motivating the addition of other frameworks.""}"
F033_41324834,DeepSeek-V4-Flash,deepseek/deepseek-v4-flash,key_quotes,1,integrative,integrative,"Integrating biopsychosocial, minority stress, and ecological-systems frameworks reveals how structural inequities interact with interpersonal and intrapersonal pain mechanisms, contributing to disproportionate health burdens.","{""claim_verbatim"": ""Integrating biopsychosocial, minority stress, and ecological-systems frameworks reveals how structural inequities interact with interpersonal and intrapersonal pain mechanisms, contributing to disproportionate health burdens."", ""claim_type"": ""integrative"", ""section_located"": ""conclusion"", ""why_it_matters"": ""Summarizes the paper's integrative ambition, though biological mechanisms remain thin.""}"
F033_41324834,DeepSeek-V4-Flash,deepseek/deepseek-v4-flash,key_quotes,2,clinical or applied,clinical or applied,TGD youth with pain often find themselves fighting to legitimize both their pain and their gender and feeling forced to navigate double the stigma in systems not designed to recognize or fully support either identity.,"{""claim_verbatim"": ""TGD youth with pain often find themselves fighting to legitimize both their pain and their gender and feeling forced to navigate double the stigma in systems not designed to recognize or fully support either identity."", ""claim_type"": ""clinical or applied"", ""section_located"": ""results"", ""why_it_matters"": ""Captures the dual invalidation experience central to the paper's social analysis.""}"
F034_41268985,DeepSeek-V4-Flash,deepseek/deepseek-v4-flash,integration_claims,0,bio_psych,bio_psych,"addressing existential needs can provide physical alleviation of pain symptoms, which aligns with the theory suggesting existential intervention may reduce pain by decreasing pain sensitivity","{""domains_linked"": ""bio_psych"", ""integration_level"": ""directional"", ""claim_verbatim"": ""addressing existential needs can provide physical alleviation of pain symptoms, which aligns with the theory suggesting existential intervention may reduce pain by decreasing pain sensitivity"", ""mechanism_note"": ""Psychological intervention (existential therapy) is asserted to reduce physical pain, but no pathway is specified."", ""section_located"": ""discussion"", ""evidence_basis"": ""theorized""}"
F034_41268985,DeepSeek-V4-Flash,deepseek/deepseek-v4-flash,integration_claims,1,bio_psych,bio_psych,existential treatment works to reduce the negative evaluation of painful experiences,"{""domains_linked"": ""bio_psych"", ""integration_level"": ""directional"", ""claim_verbatim"": ""existential treatment works to reduce the negative evaluation of painful experiences"", ""mechanism_note"": ""Psychological treatment is asserted to change evaluation of pain, but no mechanism is given."", ""section_located"": ""discussion"", ""evidence_basis"": ""theorized""}"
F034_41268985,DeepSeek-V4-Flash,deepseek/deepseek-v4-flash,domain_evidence,0,biological,biological,"All studies reported a reduction of pain symptoms, severity, or disability","{""domain"": ""biological"", ""coverage_level"": ""minimal"", ""constructs_named"": [""pain symptoms"", ""pain intensity"", ""pain sensitivity"", ""physical functioning""], ""evidence_verbatim"": ""All studies reported a reduction of pain symptoms, severity, or disability"", ""section_located"": ""discussion""}"
F034_41268985,DeepSeek-V4-Flash,deepseek/deepseek-v4-flash,domain_evidence,1,psychological,psychological,Meaningfulness or crisis of meaning was observed to improve in most studies,"{""domain"": ""psychological"", ""coverage_level"": ""elaborated"", ""constructs_named"": [""meaningfulness"", ""death anxiety"", ""self-identity"", ""acceptance"", ""catastrophizing"", ""self-efficacy"", ""depression"", ""anxiety""], ""evidence_verbatim"": ""Meaningfulness or crisis of meaning was observed to improve in most studies"", ""section_located"": ""discussion""}"
F034_41268985,DeepSeek-V4-Flash,deepseek/deepseek-v4-flash,psychological_concepts,0,meaningfulness,meaningfulness,,"{""concept_label"": ""meaningfulness"", ""definitional_status"": ""named_only"", ""definition_verbatim"": """", ""section_located"": ""abstract""}"
F034_41268985,DeepSeek-V4-Flash,deepseek/deepseek-v4-flash,psychological_concepts,1,death anxiety,death anxiety,,"{""concept_label"": ""death anxiety"", ""definitional_status"": ""named_only"", ""definition_verbatim"": """", ""section_located"": ""introduction""}"
F034_41268985,DeepSeek-V4-Flash,deepseek/deepseek-v4-flash,psychological_concepts,2,self-identity,self-identity,,"{""concept_label"": ""self-identity"", ""definitional_status"": ""named_only"", ""definition_verbatim"": """", ""section_located"": ""introduction""}"
F034_41268985,DeepSeek-V4-Flash,deepseek/deepseek-v4-flash,psychological_concepts,3,acceptance,acceptance,,"{""concept_label"": ""acceptance"", ""definitional_status"": ""named_only"", ""definition_verbatim"": """", ""section_located"": ""introduction""}"
F034_41268985,DeepSeek-V4-Flash,deepseek/deepseek-v4-flash,psychological_concepts,4,catastrophizing,catastrophizing,,"{""concept_label"": ""catastrophizing"", ""definitional_status"": ""named_only"", ""definition_verbatim"": """", ""section_located"": ""results""}"
F034_41268985,DeepSeek-V4-Flash,deepseek/deepseek-v4-flash,psychological_concepts,5,self-efficacy,self-efficacy,,"{""concept_label"": ""self-efficacy"", ""definitional_status"": ""named_only"", ""definition_verbatim"": """", ""section_located"": ""results""}"
F034_41268985,DeepSeek-V4-Flash,deepseek/deepseek-v4-flash,psychological_concepts,6,depression,depression,,"{""concept_label"": ""depression"", ""definitional_status"": ""named_only"", ""definition_verbatim"": """", ""section_located"": ""results""}"
F034_41268985,DeepSeek-V4-Flash,deepseek/deepseek-v4-flash,psychological_concepts,7,anxiety,anxiety,,"{""concept_label"": ""anxiety"", ""definitional_status"": ""named_only"", ""definition_verbatim"": """", ""section_located"": ""results""}"
F034_41268985,DeepSeek-V4-Flash,deepseek/deepseek-v4-flash,psychological_concepts,8,affective distress,affective distress,,"{""concept_label"": ""affective distress"", ""definitional_status"": ""named_only"", ""definition_verbatim"": """", ""section_located"": ""results""}"
F034_41268985,DeepSeek-V4-Flash,deepseek/deepseek-v4-flash,psychological_concepts,9,crisis of meaning,crisis of meaning,,"{""concept_label"": ""crisis of meaning"", ""definitional_status"": ""named_only"", ""definition_verbatim"": """", ""section_located"": ""discussion""}"
F034_41268985,DeepSeek-V4-Flash,deepseek/deepseek-v4-flash,psychological_concepts,10,pain acceptance,pain acceptance,,"{""concept_label"": ""pain acceptance"", ""definitional_status"": ""named_only"", ""definition_verbatim"": """", ""section_located"": ""results""}"
F034_41268985,DeepSeek-V4-Flash,deepseek/deepseek-v4-flash,psychological_concepts,11,pain catastrophizing,pain catastrophizing,,"{""concept_label"": ""pain catastrophizing"", ""definitional_status"": ""named_only"", ""definition_verbatim"": """", ""section_located"": ""results""}"
F034_41268985,DeepSeek-V4-Flash,deepseek/deepseek-v4-flash,theoretical_frameworks,0,existentialism,existentialism,Existentialism is a philosophical movement that originated in continental Europe and centers around the individual human's experience,"{""framework_label"": ""existentialism"", ""role"": ""organizing framework"", ""framework_verbatim"": ""Existentialism is a philosophical movement that originated in continental Europe and centers around the individual human's experience""}"
F034_41268985,DeepSeek-V4-Flash,deepseek/deepseek-v4-flash,theoretical_frameworks,1,biopsychosocial model,biopsychosocial model,"there has been a more recent shift toward the biopsychosocial approach, viewing health as an interaction between body, mind, and environment","{""framework_label"": ""biopsychosocial model"", ""role"": ""mentioned in passing"", ""framework_verbatim"": ""there has been a more recent shift toward the biopsychosocial approach, viewing health as an interaction between body, mind, and environment""}"
F034_41268985,DeepSeek-V4-Flash,deepseek/deepseek-v4-flash,theoretical_frameworks,2,cognitive-behavioral therapy (CBT),cognitive-behavioral therapy (cbt),CBT is an assimilative problem-oriented approach that is typically used to recognize and change distressing and false thoughts,"{""framework_label"": ""cognitive-behavioral therapy (CBT)"", ""role"": ""compared with another model"", ""framework_verbatim"": ""CBT is an assimilative problem-oriented approach that is typically used to recognize and change distressing and false thoughts""}"
F034_41268985,DeepSeek-V4-Flash,deepseek/deepseek-v4-flash,theoretical_frameworks,3,accommodative coping approach,accommodative coping approach,"Existential therapy for chronic pain is based on an accommodative coping approach, which focuses on one's flexibility in adapting personal aims and attitudes to current circumstances","{""framework_label"": ""accommodative coping approach"", ""role"": ""mentioned in passing"", ""framework_verbatim"": ""Existential therapy for chronic pain is based on an accommodative coping approach, which focuses on one's flexibility in adapting personal aims and attitudes to current circumstances""}"
F034_41268985,DeepSeek-V4-Flash,deepseek/deepseek-v4-flash,conceptual_problems,0,missing_social,missing_social,"there has been a more recent shift toward the biopsychosocial approach, viewing health as an interaction between body, mind, and environment","{""problem_type"": ""missing_social"", ""problem_verbatim"": ""there has been a more recent shift toward the biopsychosocial approach, viewing health as an interaction between body, mind, and environment"", ""note"": ""BPS label used but no social domain content is developed anywhere in the review.""}"
F034_41268985,DeepSeek-V4-Flash,deepseek/deepseek-v4-flash,conceptual_problems,1,parallel_listing_without_integration,parallel_listing_without_integration,"viewing health as an interaction between body, mind, and environment","{""problem_type"": ""parallel_listing_without_integration"", ""problem_verbatim"": ""viewing health as an interaction between body, mind, and environment"", ""note"": ""BPS is invoked as a general concept but no integration of the three domains is operationalized.""}"
F034_41268985,DeepSeek-V4-Flash,deepseek/deepseek-v4-flash,key_quotes,0,definitional,definitional,"there has been a more recent shift toward the biopsychosocial approach, viewing health as an interaction between body, mind, and environment","{""claim_verbatim"": ""there has been a more recent shift toward the biopsychosocial approach, viewing health as an interaction between body, mind, and environment"", ""claim_type"": ""definitional"", ""section_located"": ""introduction"", ""why_it_matters"": ""This is the only explicit BPS reference; it is a generic definition with no operationalization.""}"
F034_41268985,DeepSeek-V4-Flash,deepseek/deepseek-v4-flash,key_quotes,1,integrative,integrative,addressing existential needs can provide physical alleviation of pain symptoms,"{""claim_verbatim"": ""addressing existential needs can provide physical alleviation of pain symptoms"", ""claim_type"": ""integrative"", ""section_located"": ""discussion"", ""why_it_matters"": ""Claims a directional link from psychological to biological domain, but no mechanism is specified.""}"
F034_41268985,DeepSeek-V4-Flash,deepseek/deepseek-v4-flash,key_quotes,2,clinical or applied,clinical or applied,spirituality seems to moderate the effectiveness of existential therapy,"{""claim_verbatim"": ""spirituality seems to moderate the effectiveness of existential therapy"", ""claim_type"": ""clinical or applied"", ""section_located"": ""abstract"", ""why_it_matters"": ""Introduces a moderator but does not integrate it into a BPS framework.""}"
F035_41153499,DeepSeek-V4-Flash,deepseek/deepseek-v4-flash,integration_claims,0,bio_psych,bio_psych,"PNE, by fostering pain reconceptualization and reducing fear, may help reactivate inhibitory processes, particularly when combined with therapeutic exercise, psychological approaches, and attentional regulation techniques.","{""domains_linked"": ""bio_psych"", ""integration_level"": ""directional"", ""claim_verbatim"": ""PNE, by fostering pain reconceptualization and reducing fear, may help reactivate inhibitory processes, particularly when combined with therapeutic exercise, psychological approaches, and attentional regulation techniques."", ""mechanism_note"": ""PNE reduces fear (psychological) which may reactivate inhibitory pain pathways (biological), but no specific pathway is detailed."", ""section_located"": ""discussion"", ""evidence_basis"": ""theorized""}"
F035_41153499,DeepSeek-V4-Flash,deepseek/deepseek-v4-flash,integration_claims,1,psych_social,psych_social,Previous theoretical models highlight the bidirectional relationship between child experiences and family responses and recommend integrating these variables into intervention design.,"{""domains_linked"": ""psych_social"", ""integration_level"": ""mentioned"", ""claim_verbatim"": ""Previous theoretical models highlight the bidirectional relationship between child experiences and family responses and recommend integrating these variables into intervention design."", ""mechanism_note"": ""Bidirectional relationship between child psychological experiences and family responses is mentioned but not elaborated."", ""section_located"": ""discussion"", ""evidence_basis"": ""cited_from_other_work""}"
F035_41153499,DeepSeek-V4-Flash,deepseek/deepseek-v4-flash,integration_claims,2,triadic,triadic,"Taken together, these findings support a biopsychosocial, individualized approach to pediatric chronic pain, combining PNE, graded PA, and psychological support","{""domains_linked"": ""triadic"", ""integration_level"": ""mentioned"", ""claim_verbatim"": ""Taken together, these findings support a biopsychosocial, individualized approach to pediatric chronic pain, combining PNE, graded PA, and psychological support"", ""mechanism_note"": ""Biopsychosocial approach is advocated, but biological, psychological, and social factors are listed as separate components without a specified mechanism linking all three."", ""section_located"": ""discussion"", ""evidence_basis"": ""asserted""}"
F035_41153499,DeepSeek-V4-Flash,deepseek/deepseek-v4-flash,domain_evidence,0,biological,biological,"Its pathophysiology is complex and involves mechanisms such as central sensitization (CS), in which inhibitory pain pathways fail, cerebral synapses are altered, and pain perception is amplified","{""domain"": ""biological"", ""coverage_level"": ""mentioned"", ""constructs_named"": [""central sensitization"", ""neuroplasticity"", ""pain neurophysiology"", ""descending inhibitory pathways""], ""evidence_verbatim"": ""Its pathophysiology is complex and involves mechanisms such as central sensitization (CS), in which inhibitory pain pathways fail, cerebral synapses are altered, and pain perception is amplified"", ""section_located"": ""introduction""}"
F035_41153499,DeepSeek-V4-Flash,deepseek/deepseek-v4-flash,domain_evidence,1,psychological,psychological,"Pain neuroscience education also influences emotional variables such as anxiety, catastrophizing, and kinesiophobia, although effects are often modest and short-lived.","{""domain"": ""psychological"", ""coverage_level"": ""elaborated"", ""constructs_named"": [""catastrophizing"", ""kinesiophobia"", ""self-efficacy"", ""anxiety"", ""depression"", ""fear-avoidance"", ""pain coping"", ""pain-related knowledge""], ""evidence_verbatim"": ""Pain neuroscience education also influences emotional variables such as anxiety, catastrophizing, and kinesiophobia, although effects are often modest and short-lived."", ""section_located"": ""abstract""}"
F035_41153499,DeepSeek-V4-Flash,deepseek/deepseek-v4-flash,domain_evidence,2,social,social,"Evidence suggests that lower socioeconomic development, and in some cases sociocultural factors, contribute to the increasing incidence of CP","{""domain"": ""social"", ""coverage_level"": ""minimal"", ""constructs_named"": [""family functioning"", ""parental protective behavior"", ""socioeconomic development""], ""evidence_verbatim"": ""Evidence suggests that lower socioeconomic development, and in some cases sociocultural factors, contribute to the increasing incidence of CP"", ""section_located"": ""introduction""}"
F035_41153499,DeepSeek-V4-Flash,deepseek/deepseek-v4-flash,psychological_concepts,0,catastrophizing,catastrophizing,,"{""concept_label"": ""catastrophizing"", ""definitional_status"": ""named_only"", ""definition_verbatim"": """", ""section_located"": ""abstract""}"
F035_41153499,DeepSeek-V4-Flash,deepseek/deepseek-v4-flash,psychological_concepts,1,kinesiophobia,kinesiophobia,,"{""concept_label"": ""kinesiophobia"", ""definitional_status"": ""named_only"", ""definition_verbatim"": """", ""section_located"": ""abstract""}"
F035_41153499,DeepSeek-V4-Flash,deepseek/deepseek-v4-flash,psychological_concepts,2,self-efficacy,self-efficacy,,"{""concept_label"": ""self-efficacy"", ""definitional_status"": ""named_only"", ""definition_verbatim"": """", ""section_located"": ""abstract""}"
F035_41153499,DeepSeek-V4-Flash,deepseek/deepseek-v4-flash,psychological_concepts,3,anxiety,anxiety,,"{""concept_label"": ""anxiety"", ""definitional_status"": ""named_only"", ""definition_verbatim"": """", ""section_located"": ""abstract""}"
F035_41153499,DeepSeek-V4-Flash,deepseek/deepseek-v4-flash,psychological_concepts,4,depression,depression,,"{""concept_label"": ""depression"", ""definitional_status"": ""named_only"", ""definition_verbatim"": """", ""section_located"": ""discussion""}"
F035_41153499,DeepSeek-V4-Flash,deepseek/deepseek-v4-flash,psychological_concepts,5,fear-avoidance,fear-avoidance,,"{""concept_label"": ""fear-avoidance"", ""definitional_status"": ""named_only"", ""definition_verbatim"": """", ""section_located"": ""discussion""}"
F035_41153499,DeepSeek-V4-Flash,deepseek/deepseek-v4-flash,psychological_concepts,6,pain coping,pain coping,,"{""concept_label"": ""pain coping"", ""definitional_status"": ""named_only"", ""definition_verbatim"": """", ""section_located"": ""results""}"
F035_41153499,DeepSeek-V4-Flash,deepseek/deepseek-v4-flash,psychological_concepts,7,pain-related knowledge,pain-related knowledge,The NPQ (13 items) assesses knowledge of pain neurophysiology and is particularly useful in the context of PNE programs.,"{""concept_label"": ""pain-related knowledge"", ""definitional_status"": ""operationalized_only"", ""definition_verbatim"": ""The NPQ (13 items) assesses knowledge of pain neurophysiology and is particularly useful in the context of PNE programs."", ""section_located"": ""results""}"
F035_41153499,DeepSeek-V4-Flash,deepseek/deepseek-v4-flash,theoretical_frameworks,0,fear-avoidance model,fear-avoidance model,breaking the fear–avoidance cycle and promoting physical recovery and psychological adaptation.,"{""framework_label"": ""fear-avoidance model"", ""role"": ""mentioned in passing"", ""framework_verbatim"": ""breaking the fear–avoidance cycle and promoting physical recovery and psychological adaptation.""}"
F035_41153499,DeepSeek-V4-Flash,deepseek/deepseek-v4-flash,theoretical_frameworks,1,biopsychosocial model,biopsychosocial model,"Integration into biopsychosocial, multidisciplinary programs—particularly alongside exercise and family involvement—may optimize outcomes.","{""framework_label"": ""biopsychosocial model"", ""role"": ""mentioned in passing"", ""framework_verbatim"": ""Integration into biopsychosocial, multidisciplinary programs—particularly alongside exercise and family involvement—may optimize outcomes.""}"
F035_41153499,DeepSeek-V4-Flash,deepseek/deepseek-v4-flash,conceptual_problems,0,tokenistic_bps,tokenistic_bps,"Integration into biopsychosocial, multidisciplinary programs—particularly alongside exercise and family involvement—may optimize outcomes.","{""problem_type"": ""tokenistic_bps"", ""problem_verbatim"": ""Integration into biopsychosocial, multidisciplinary programs—particularly alongside exercise and family involvement—may optimize outcomes."", ""note"": ""BPS is invoked in conclusion but not operationalized; social domain is minimal and no triadic mechanism is specified.""}"
F035_41153499,DeepSeek-V4-Flash,deepseek/deepseek-v4-flash,conceptual_problems,1,missing_social,missing_social,"Only four studies considered their participation, and in one of them, caregivers were included solely as companions.","{""problem_type"": ""missing_social"", ""problem_verbatim"": ""Only four studies considered their participation, and in one of them, caregivers were included solely as companions."", ""note"": ""Social domain (family, socioeconomic) is only minimally addressed despite BPS language.""}"
F035_41153499,DeepSeek-V4-Flash,deepseek/deepseek-v4-flash,conceptual_problems,2,parallel_listing_without_integration,parallel_listing_without_integration,"Taken together, these findings support a biopsychosocial, individualized approach to pediatric chronic pain, combining PNE, graded PA, and psychological support","{""problem_type"": ""parallel_listing_without_integration"", ""problem_verbatim"": ""Taken together, these findings support a biopsychosocial, individualized approach to pediatric chronic pain, combining PNE, graded PA, and psychological support"", ""note"": ""Biological, psychological, and social factors are listed as separate components without integration.""}"
F035_41153499,DeepSeek-V4-Flash,deepseek/deepseek-v4-flash,key_quotes,0,clinical or applied,clinical or applied,"Integration into biopsychosocial, multidisciplinary programs—particularly alongside exercise and family involvement—may optimize outcomes.","{""claim_verbatim"": ""Integration into biopsychosocial, multidisciplinary programs—particularly alongside exercise and family involvement—may optimize outcomes."", ""claim_type"": ""clinical or applied"", ""section_located"": ""conclusion"", ""why_it_matters"": ""Shows BPS is invoked as a recommendation but not operationalized in the review's analysis.""}"
F035_41153499,DeepSeek-V4-Flash,deepseek/deepseek-v4-flash,key_quotes,1,integrative,integrative,"PNE, by fostering pain reconceptualization and reducing fear, may help reactivate inhibitory processes, particularly when combined with therapeutic exercise, psychological approaches, and attentional regulation techniques.","{""claim_verbatim"": ""PNE, by fostering pain reconceptualization and reducing fear, may help reactivate inhibitory processes, particularly when combined with therapeutic exercise, psychological approaches, and attentional regulation techniques."", ""claim_type"": ""integrative"", ""section_located"": ""discussion"", ""why_it_matters"": ""Only directional bio-psych link; no mechanism specified, and social domain absent.""}"
F035_41153499,DeepSeek-V4-Flash,deepseek/deepseek-v4-flash,key_quotes,2,theoretical,theoretical,Previous theoretical models highlight the bidirectional relationship between child experiences and family responses and recommend integrating these variables into intervention design.,"{""claim_verbatim"": ""Previous theoretical models highlight the bidirectional relationship between child experiences and family responses and recommend integrating these variables into intervention design."", ""claim_type"": ""theoretical"", ""section_located"": ""discussion"", ""why_it_matters"": ""Acknowledges psych-social link but does not integrate it with biological domain.""}"
F036_41105043,DeepSeek-V4-Flash,deepseek/deepseek-v4-flash,integration_claims,0,bio_psych,bio_psych,Central to our understanding of pain perception is the biopsychosocial model. This model emphasizes that pain perception is highly subjective and shaped by many psychological and sociocultural factors.,"{""domains_linked"": ""bio_psych"", ""integration_level"": ""mentioned"", ""claim_verbatim"": ""Central to our understanding of pain perception is the biopsychosocial model. This model emphasizes that pain perception is highly subjective and shaped by many psychological and sociocultural factors."", ""mechanism_note"": ""No pathway or direction specified; the model is named but not elaborated."", ""section_located"": ""introduction"", ""evidence_basis"": ""asserted""}"
F036_41105043,DeepSeek-V4-Flash,deepseek/deepseek-v4-flash,integration_claims,1,bio_psych,bio_psych,"Also, negative mood, reduced enjoyment from daily activities, and cognitive impairment—common to both depression and chronic pain—can lead to a vicious cycle of escalating depression and worsening pain.","{""domains_linked"": ""bio_psych"", ""integration_level"": ""mentioned"", ""claim_verbatim"": ""Also, negative mood, reduced enjoyment from daily activities, and cognitive impairment—common to both depression and chronic pain—can lead to a vicious cycle of escalating depression and worsening pain."", ""mechanism_note"": ""Cycle described but no biological pathway specified; psychological and pain outcomes linked without mechanism."", ""section_located"": ""discussion"", ""evidence_basis"": ""asserted""}"
F036_41105043,DeepSeek-V4-Flash,deepseek/deepseek-v4-flash,domain_evidence,0,biological,biological,"Nociceptors are specialized sensory neurons that respond to actual or potential tissue damage by converting intense mechanical, thermal, and chemical stimuli into electrical signals transmitted to the dorsal horn of the spinal cord.","{""domain"": ""biological"", ""coverage_level"": ""elaborated"", ""constructs_named"": [""nociceptors"", ""dorsal horn"", ""hyperalgesia"", ""allodynia"", ""long-term potentiation"", ""spinothalamic tract"", ""spinoparabrachial tract"", ""spinoreticular tract""], ""evidence_verbatim"": ""Nociceptors are specialized sensory neurons that respond to actual or potential tissue damage by converting intense mechanical, thermal, and chemical stimuli into electrical signals transmitted to the dorsal horn of the spinal cord."", ""section_located"": ""introduction""}"
F036_41105043,DeepSeek-V4-Flash,deepseek/deepseek-v4-flash,domain_evidence,1,psychological,psychological,"This model emphasizes that pain perception is highly subjective and shaped by many psychological and sociocultural factors (e.g., beliefs about bodily health, expectations influenced by placebo and nocebo effects, pain-related worrying).","{""domain"": ""psychological"", ""coverage_level"": ""minimal"", ""constructs_named"": [""beliefs about bodily health"", ""expectations influenced by placebo and nocebo effects"", ""pain-related worrying"", ""negative mood"", ""cognitive impairment"", ""anxiety"", ""depression""], ""evidence_verbatim"": ""This model emphasizes that pain perception is highly subjective and shaped by many psychological and sociocultural factors (e.g., beliefs about bodily health, expectations influenced by placebo and nocebo effects, pain-related worrying)."", ""section_located"": ""introduction""}"
F036_41105043,DeepSeek-V4-Flash,deepseek/deepseek-v4-flash,psychological_concepts,0,beliefs about bodily health,beliefs about bodily health,,"{""concept_label"": ""beliefs about bodily health"", ""definitional_status"": ""named_only"", ""definition_verbatim"": """", ""section_located"": ""introduction""}"
F036_41105043,DeepSeek-V4-Flash,deepseek/deepseek-v4-flash,psychological_concepts,1,expectations influenced by placebo and nocebo effects,expectations influenced by placebo and nocebo effects,,"{""concept_label"": ""expectations influenced by placebo and nocebo effects"", ""definitional_status"": ""named_only"", ""definition_verbatim"": """", ""section_located"": ""introduction""}"
F036_41105043,DeepSeek-V4-Flash,deepseek/deepseek-v4-flash,psychological_concepts,2,pain-related worrying,pain-related worrying,,"{""concept_label"": ""pain-related worrying"", ""definitional_status"": ""named_only"", ""definition_verbatim"": """", ""section_located"": ""introduction""}"
F036_41105043,DeepSeek-V4-Flash,deepseek/deepseek-v4-flash,psychological_concepts,3,negative mood,negative mood,,"{""concept_label"": ""negative mood"", ""definitional_status"": ""named_only"", ""definition_verbatim"": """", ""section_located"": ""discussion""}"
F036_41105043,DeepSeek-V4-Flash,deepseek/deepseek-v4-flash,psychological_concepts,4,cognitive impairment,cognitive impairment,,"{""concept_label"": ""cognitive impairment"", ""definitional_status"": ""named_only"", ""definition_verbatim"": """", ""section_located"": ""discussion""}"
F036_41105043,DeepSeek-V4-Flash,deepseek/deepseek-v4-flash,psychological_concepts,5,anxiety,anxiety,,"{""concept_label"": ""anxiety"", ""definitional_status"": ""named_only"", ""definition_verbatim"": """", ""section_located"": ""discussion""}"
F036_41105043,DeepSeek-V4-Flash,deepseek/deepseek-v4-flash,psychological_concepts,6,depression,depression,,"{""concept_label"": ""depression"", ""definitional_status"": ""named_only"", ""definition_verbatim"": """", ""section_located"": ""discussion""}"
F036_41105043,DeepSeek-V4-Flash,deepseek/deepseek-v4-flash,theoretical_frameworks,0,biopsychosocial model,biopsychosocial model,Central to our understanding of pain perception is the biopsychosocial model.,"{""framework_label"": ""biopsychosocial model"", ""role"": ""mentioned in passing"", ""framework_verbatim"": ""Central to our understanding of pain perception is the biopsychosocial model.""}"
F036_41105043,DeepSeek-V4-Flash,deepseek/deepseek-v4-flash,conceptual_problems,0,tokenistic_bps,tokenistic_bps,Central to our understanding of pain perception is the biopsychosocial model. This model emphasizes that pain perception is highly subjective and shaped by many psychological and sociocultural factors.,"{""problem_type"": ""tokenistic_bps"", ""problem_verbatim"": ""Central to our understanding of pain perception is the biopsychosocial model. This model emphasizes that pain perception is highly subjective and shaped by many psychological and sociocultural factors."", ""note"": ""BPS label used but only biological domain is elaborated; psychological is minimal, social absent.""}"
F036_41105043,DeepSeek-V4-Flash,deepseek/deepseek-v4-flash,conceptual_problems,1,missing_social,missing_social,"This model emphasizes that pain perception is highly subjective and shaped by many psychological and sociocultural factors (e.g., beliefs about bodily health, expectations influenced by placebo and nocebo effects, pain-related worrying).","{""problem_type"": ""missing_social"", ""problem_verbatim"": ""This model emphasizes that pain perception is highly subjective and shaped by many psychological and sociocultural factors (e.g., beliefs about bodily health, expectations influenced by placebo and nocebo effects, pain-related worrying)."", ""note"": ""Social factors named only as 'sociocultural' with no concrete constructs or mechanisms.""}"
F036_41105043,DeepSeek-V4-Flash,deepseek/deepseek-v4-flash,conceptual_problems,2,parallel_listing_without_integration,parallel_listing_without_integration,"Central to pain perception is the biopsychosocial model, recognizing pain as an experience modulated by the interplay of biological, psychological, and social factors.","{""problem_type"": ""parallel_listing_without_integration"", ""problem_verbatim"": ""Central to pain perception is the biopsychosocial model, recognizing pain as an experience modulated by the interplay of biological, psychological, and social factors."", ""note"": ""Domains listed but no integration; the paper is entirely biological thereafter.""}"
F036_41105043,DeepSeek-V4-Flash,deepseek/deepseek-v4-flash,key_quotes,0,definitional,definitional,Central to our understanding of pain perception is the biopsychosocial model. This model emphasizes that pain perception is highly subjective and shaped by many psychological and sociocultural factors.,"{""claim_verbatim"": ""Central to our understanding of pain perception is the biopsychosocial model. This model emphasizes that pain perception is highly subjective and shaped by many psychological and sociocultural factors."", ""claim_type"": ""definitional"", ""section_located"": ""introduction"", ""why_it_matters"": ""Shows the paper invokes BPS but does not operationalize it beyond a single sentence.""}"
F036_41105043,DeepSeek-V4-Flash,deepseek/deepseek-v4-flash,key_quotes,1,other,other,Chronic pain is a major mental health burden with significant individual and societal impact.,"{""claim_verbatim"": ""Chronic pain is a major mental health burden with significant individual and societal impact."", ""claim_type"": ""other"", ""section_located"": ""abstract"", ""why_it_matters"": ""Frames chronic pain as mental health burden, yet the review focuses almost exclusively on neurobiology.""}"
F036_41105043,DeepSeek-V4-Flash,deepseek/deepseek-v4-flash,key_quotes,2,integrative,integrative,"Also, negative mood, reduced enjoyment from daily activities, and cognitive impairment—common to both depression and chronic pain—can lead to a vicious cycle of escalating depression and worsening pain.","{""claim_verbatim"": ""Also, negative mood, reduced enjoyment from daily activities, and cognitive impairment—common to both depression and chronic pain—can lead to a vicious cycle of escalating depression and worsening pain."", ""claim_type"": ""integrative"", ""section_located"": ""discussion"", ""why_it_matters"": ""One of the few passages linking psychological and pain domains, but no biological mechanism specified.""}"
F037_40731802,DeepSeek-V4-Flash,deepseek/deepseek-v4-flash,integration_claims,0,bio_psych,bio_psych,"Biological and psycho-social factors, including hormonal influences and cultural roles, may contribute to these disparities.","{""domains_linked"": ""bio_psych"", ""integration_level"": ""directional"", ""claim_verbatim"": ""Biological and psycho-social factors, including hormonal influences and cultural roles, may contribute to these disparities."", ""mechanism_note"": ""Asserts that hormonal and cultural factors contribute to sex differences in pain, but no pathway specified."", ""section_located"": ""results"", ""evidence_basis"": ""asserted""}"
F037_40731802,DeepSeek-V4-Flash,deepseek/deepseek-v4-flash,integration_claims,1,psych_social,psych_social,Cultural expectations about gender roles significantly influence pain responses.,"{""domains_linked"": ""psych_social"", ""integration_level"": ""directional"", ""claim_verbatim"": ""Cultural expectations about gender roles significantly influence pain responses."", ""mechanism_note"": ""States that cultural expectations influence pain responses, but no mechanism given."", ""section_located"": ""results"", ""evidence_basis"": ""asserted""}"
F037_40731802,DeepSeek-V4-Flash,deepseek/deepseek-v4-flash,integration_claims,2,bio_social,bio_social,"These disparities are especially pronounced among women, who face compounded biases related to both gender and class.","{""domains_linked"": ""bio_social"", ""integration_level"": ""directional"", ""claim_verbatim"": ""These disparities are especially pronounced among women, who face compounded biases related to both gender and class."", ""mechanism_note"": ""Links social biases to biological sex, but no pathway specified."", ""section_located"": ""results"", ""evidence_basis"": ""asserted""}"
F037_40731802,DeepSeek-V4-Flash,deepseek/deepseek-v4-flash,integration_claims,3,triadic,triadic,"These factors do not operate in isolation but interact in complex ways, influencing pain experiences and treatment responses.","{""domains_linked"": ""triadic"", ""integration_level"": ""mentioned"", ""claim_verbatim"": ""These factors do not operate in isolation but interact in complex ways, influencing pain experiences and treatment responses."", ""mechanism_note"": ""States interaction but does not specify a three-domain mechanism; two domains are integrated directionally, third loosely attached."", ""section_located"": ""results"", ""evidence_basis"": ""asserted""}"
F037_40731802,DeepSeek-V4-Flash,deepseek/deepseek-v4-flash,domain_evidence,0,biological,biological,Hormonal fluctuations are major biological contributors to sex differences in pain perception.,"{""domain"": ""biological"", ""coverage_level"": ""elaborated"", ""constructs_named"": [""hormonal fluctuations"", ""neuroimmune interactions"", ""genetic factors"", ""pharmacodynamics"", ""pharmacokinetics"", ""microglia"", ""t cells"", ""opioid receptor mu 1 (oprm1) gene""], ""evidence_verbatim"": ""Hormonal fluctuations are major biological contributors to sex differences in pain perception."", ""section_located"": ""results""}"
F037_40731802,DeepSeek-V4-Flash,deepseek/deepseek-v4-flash,domain_evidence,1,psychological,psychological,"CP has a bidirectional relationship with mental health, with conditions such as anxiety and depression both contributing to and resulting from CP.","{""domain"": ""psychological"", ""coverage_level"": ""elaborated"", ""constructs_named"": [""depression"", ""anxiety"", ""catastrophizing"", ""coping strategies"", ""pain acceptance"", ""activity engagement"", ""mental health"", ""emotional processing""], ""evidence_verbatim"": ""CP has a bidirectional relationship with mental health, with conditions such as anxiety and depression both contributing to and resulting from CP."", ""section_located"": ""results""}"
F037_40731802,DeepSeek-V4-Flash,deepseek/deepseek-v4-flash,domain_evidence,2,social,social,"Lower SES is consistently associated with greater pain severity, disability, and reduced access to effective care.","{""domain"": ""social"", ""coverage_level"": ""elaborated"", ""constructs_named"": [""gender biases"", ""cultural roles"", ""andronormativity"", ""socio-economic status (ses)"", ""income"", ""education"", ""access to healthcare"", ""social support""], ""evidence_verbatim"": ""Lower SES is consistently associated with greater pain severity, disability, and reduced access to effective care."", ""section_located"": ""results""}"
F037_40731802,DeepSeek-V4-Flash,deepseek/deepseek-v4-flash,psychological_concepts,0,depression,depression,,"{""concept_label"": ""depression"", ""definitional_status"": ""named_only"", ""definition_verbatim"": """", ""section_located"": ""results""}"
F037_40731802,DeepSeek-V4-Flash,deepseek/deepseek-v4-flash,psychological_concepts,1,anxiety,anxiety,,"{""concept_label"": ""anxiety"", ""definitional_status"": ""named_only"", ""definition_verbatim"": """", ""section_located"": ""results""}"
F037_40731802,DeepSeek-V4-Flash,deepseek/deepseek-v4-flash,psychological_concepts,2,catastrophizing,catastrophizing,,"{""concept_label"": ""catastrophizing"", ""definitional_status"": ""named_only"", ""definition_verbatim"": """", ""section_located"": ""results""}"
F037_40731802,DeepSeek-V4-Flash,deepseek/deepseek-v4-flash,psychological_concepts,3,coping strategies,coping strategies,,"{""concept_label"": ""coping strategies"", ""definitional_status"": ""named_only"", ""definition_verbatim"": """", ""section_located"": ""results""}"
F037_40731802,DeepSeek-V4-Flash,deepseek/deepseek-v4-flash,psychological_concepts,4,pain acceptance,pain acceptance,,"{""concept_label"": ""pain acceptance"", ""definitional_status"": ""named_only"", ""definition_verbatim"": """", ""section_located"": ""results""}"
F037_40731802,DeepSeek-V4-Flash,deepseek/deepseek-v4-flash,psychological_concepts,5,activity engagement,activity engagement,,"{""concept_label"": ""activity engagement"", ""definitional_status"": ""named_only"", ""definition_verbatim"": """", ""section_located"": ""results""}"
F037_40731802,DeepSeek-V4-Flash,deepseek/deepseek-v4-flash,theoretical_frameworks,0,biopsychosocial model,biopsychosocial model,"adopting a biopsychosocial model that considers sex and gender differences, symptoms, physiological indicators, medical history, lifestyle, and psychological aspects may substantially enhance patient outcomes.","{""framework_label"": ""biopsychosocial model"", ""role"": ""mentioned in passing"", ""framework_verbatim"": ""adopting a biopsychosocial model that considers sex and gender differences, symptoms, physiological indicators, medical history, lifestyle, and psychological aspects may substantially enhance patient outcomes.""}"
F037_40731802,DeepSeek-V4-Flash,deepseek/deepseek-v4-flash,conceptual_problems,0,parallel_listing_without_integration,parallel_listing_without_integration,"Sex differences in CP arise from a range of factors, including biological mechanisms such as hormonal and genetic influences, psycho-social factors such as depression and anxiety, and socio-economic determinants, such as income and education levels.","{""problem_type"": ""parallel_listing_without_integration"", ""problem_verbatim"": ""Sex differences in CP arise from a range of factors, including biological mechanisms such as hormonal and genetic influences, psycho-social factors such as depression and anxiety, and socio-economic determinants, such as income and education levels."", ""note"": ""Domains are listed in parallel without specifying how they relate to each other.""}"
F037_40731802,DeepSeek-V4-Flash,deepseek/deepseek-v4-flash,conceptual_problems,1,vague_definition,vague_definition,,"{""problem_type"": ""vague_definition"", ""problem_verbatim"": """", ""note"": ""Psychological constructs like depression and anxiety are named but not defined.""}"
F037_40731802,DeepSeek-V4-Flash,deepseek/deepseek-v4-flash,key_quotes,0,clinical or applied,clinical or applied,"adopting a biopsychosocial model that considers sex and gender differences, symptoms, physiological indicators, medical history, lifestyle, and psychological aspects may substantially enhance patient outcomes.","{""claim_verbatim"": ""adopting a biopsychosocial model that considers sex and gender differences, symptoms, physiological indicators, medical history, lifestyle, and psychological aspects may substantially enhance patient outcomes."", ""claim_type"": ""clinical or applied"", ""section_located"": ""abstract"", ""why_it_matters"": ""Shows the paper's rhetorical use of BPS without specifying how domains integrate.""}"
F037_40731802,DeepSeek-V4-Flash,deepseek/deepseek-v4-flash,key_quotes,1,integrative,integrative,"These factors do not operate in isolation but interact in complex ways, influencing pain experiences and treatment responses.","{""claim_verbatim"": ""These factors do not operate in isolation but interact in complex ways, influencing pain experiences and treatment responses."", ""claim_type"": ""integrative"", ""section_located"": ""results"", ""why_it_matters"": ""Claims interaction but provides no mechanism, illustrating the gap between rhetoric and operationalization.""}"
F038_40589056,DeepSeek-V4-Flash,deepseek/deepseek-v4-flash,integration_claims,0,bio_psych,bio_psych,"Chronic stress leads to neural remodeling and circuit imbalances that induce an imbalance in systemic physiology through neuroendocrine, immune, and metabolic mediators, ultimately affecting cognition, decision-making, and mood","{""domains_linked"": ""bio_psych"", ""integration_level"": ""directional"", ""claim_verbatim"": ""Chronic stress leads to neural remodeling and circuit imbalances that induce an imbalance in systemic physiology through neuroendocrine, immune, and metabolic mediators, ultimately affecting cognition, decision-making, and mood"", ""mechanism_note"": ""Chronic stress causes neural remodeling affecting cognition and mood, but no specific pathway is detailed"", ""section_located"": ""discussion"", ""evidence_basis"": ""theorized""}"
F038_40589056,DeepSeek-V4-Flash,deepseek/deepseek-v4-flash,integration_claims,1,bio_psych,bio_psych,"Concurrent pain in patients with TBI results from brain injury, disorganized body pain modulation systems, and induced cognitive and emotional impairments","{""domains_linked"": ""bio_psych"", ""integration_level"": ""directional"", ""claim_verbatim"": ""Concurrent pain in patients with TBI results from brain injury, disorganized body pain modulation systems, and induced cognitive and emotional impairments"", ""mechanism_note"": ""TBI causes pain via disorganized pain modulation and cognitive/emotional impairments, direction asserted without pathway"", ""section_located"": ""discussion"", ""evidence_basis"": ""theorized""}"
F038_40589056,DeepSeek-V4-Flash,deepseek/deepseek-v4-flash,integration_claims,2,psych_social,psych_social,"risk factors for PTSD involve injuries, childhood trauma, war zone exposure, low service age, low education level, and less social support","{""domains_linked"": ""psych_social"", ""integration_level"": ""mentioned"", ""claim_verbatim"": ""risk factors for PTSD involve injuries, childhood trauma, war zone exposure, low service age, low education level, and less social support"", ""mechanism_note"": """", ""section_located"": ""discussion"", ""evidence_basis"": ""cited_from_other_work""}"
F038_40589056,DeepSeek-V4-Flash,deepseek/deepseek-v4-flash,domain_evidence,0,biological,biological,"The long-term afferents of multiple pain signals will lead to peripheral sensitization, central sensitization, and disturbed pain modulation systems, thereby strengthening the afferents of pain signals to cause chronic pain","{""domain"": ""biological"", ""coverage_level"": ""elaborated"", ""constructs_named"": [""peripheral sensitization"", ""central sensitization"", ""nerve remodeling"", ""opioid mechanisms"", ""neuroinflammation"", ""oxidative stress"", ""mitochondrial dysfunction"", ""complement cascade""], ""evidence_verbatim"": ""The long-term afferents of multiple pain signals will lead to peripheral sensitization, central sensitization, and disturbed pain modulation systems, thereby strengthening the afferents of pain signals to cause chronic pain"", ""section_located"": ""introduction""}"
F038_40589056,DeepSeek-V4-Flash,deepseek/deepseek-v4-flash,domain_evidence,1,psychological,psychological,"Chronic pain leads to diminished quality of life... leading to fatigue, depression, sleep disturbance, physical and cognitive impairments, and changes in mood, personality, and social relationships","{""domain"": ""psychological"", ""coverage_level"": ""mentioned"", ""constructs_named"": [""ptsd"", ""depression"", ""anxiety"", ""cognitive impairment"", ""suicidal ideation"", ""sleep disturbance""], ""evidence_verbatim"": ""Chronic pain leads to diminished quality of life... leading to fatigue, depression, sleep disturbance, physical and cognitive impairments, and changes in mood, personality, and social relationships"", ""section_located"": ""introduction""}"
F038_40589056,DeepSeek-V4-Flash,deepseek/deepseek-v4-flash,domain_evidence,2,social,social,"risk factors for PTSD involve injuries, childhood trauma, war zone exposure, low service age, low education level, and less social support","{""domain"": ""social"", ""coverage_level"": ""minimal"", ""constructs_named"": [""social support"", ""family burden"", ""social relationships""], ""evidence_verbatim"": ""risk factors for PTSD involve injuries, childhood trauma, war zone exposure, low service age, low education level, and less social support"", ""section_located"": ""discussion""}"
F038_40589056,DeepSeek-V4-Flash,deepseek/deepseek-v4-flash,psychological_concepts,0,PTSD,ptsd,,"{""concept_label"": ""PTSD"", ""definitional_status"": ""named_only"", ""definition_verbatim"": """", ""section_located"": ""introduction""}"
F038_40589056,DeepSeek-V4-Flash,deepseek/deepseek-v4-flash,psychological_concepts,1,depression,depression,,"{""concept_label"": ""depression"", ""definitional_status"": ""named_only"", ""definition_verbatim"": """", ""section_located"": ""introduction""}"
F038_40589056,DeepSeek-V4-Flash,deepseek/deepseek-v4-flash,psychological_concepts,2,anxiety,anxiety,,"{""concept_label"": ""anxiety"", ""definitional_status"": ""named_only"", ""definition_verbatim"": """", ""section_located"": ""discussion""}"
F038_40589056,DeepSeek-V4-Flash,deepseek/deepseek-v4-flash,psychological_concepts,3,cognitive impairment,cognitive impairment,,"{""concept_label"": ""cognitive impairment"", ""definitional_status"": ""named_only"", ""definition_verbatim"": """", ""section_located"": ""introduction""}"
F038_40589056,DeepSeek-V4-Flash,deepseek/deepseek-v4-flash,psychological_concepts,4,suicidal ideation,suicidal ideation,,"{""concept_label"": ""suicidal ideation"", ""definitional_status"": ""named_only"", ""definition_verbatim"": """", ""section_located"": ""discussion""}"
F038_40589056,DeepSeek-V4-Flash,deepseek/deepseek-v4-flash,psychological_concepts,5,sleep disturbance,sleep disturbance,,"{""concept_label"": ""sleep disturbance"", ""definitional_status"": ""named_only"", ""definition_verbatim"": """", ""section_located"": ""introduction""}"
F038_40589056,DeepSeek-V4-Flash,deepseek/deepseek-v4-flash,theoretical_frameworks,0,biopsychosocial approach,biopsychosocial approach,interdisciplinary providers may benefit from the joint development of complementary treatment and biopsychosocial approach supported by theoretical and empirical evidence,"{""framework_label"": ""biopsychosocial approach"", ""role"": ""mentioned in passing"", ""framework_verbatim"": ""interdisciplinary providers may benefit from the joint development of complementary treatment and biopsychosocial approach supported by theoretical and empirical evidence""}"
F038_40589056,DeepSeek-V4-Flash,deepseek/deepseek-v4-flash,conceptual_problems,0,tokenistic_bps,tokenistic_bps,interdisciplinary providers may benefit from the joint development of complementary treatment and biopsychosocial approach supported by theoretical and empirical evidence,"{""problem_type"": ""tokenistic_bps"", ""problem_verbatim"": ""interdisciplinary providers may benefit from the joint development of complementary treatment and biopsychosocial approach supported by theoretical and empirical evidence"", ""note"": ""BPS mentioned only in conclusion as a general recommendation, no operationalization""}"
F038_40589056,DeepSeek-V4-Flash,deepseek/deepseek-v4-flash,conceptual_problems,1,missing_social,missing_social,,"{""problem_type"": ""missing_social"", ""problem_verbatim"": """", ""note"": ""Social domain limited to one mention of social support as a risk factor; no substantive social analysis""}"
F038_40589056,DeepSeek-V4-Flash,deepseek/deepseek-v4-flash,conceptual_problems,2,parallel_listing_without_integration,parallel_listing_without_integration,"The three components of PCT affect each other, resulting in a combined biomedical and psychological impact","{""problem_type"": ""parallel_listing_without_integration"", ""problem_verbatim"": ""The three components of PCT affect each other, resulting in a combined biomedical and psychological impact"", ""note"": ""Triadic integration claimed but not demonstrated; domains listed in parallel""}"
F038_40589056,DeepSeek-V4-Flash,deepseek/deepseek-v4-flash,key_quotes,0,integrative,integrative,"The three components of PCT affect each other, resulting in a combined biomedical and psychological impact","{""claim_verbatim"": ""The three components of PCT affect each other, resulting in a combined biomedical and psychological impact"", ""claim_type"": ""integrative"", ""section_located"": ""conclusion"", ""why_it_matters"": ""Claims integration but only biomedical and psychological are mentioned; social absent""}"
F038_40589056,DeepSeek-V4-Flash,deepseek/deepseek-v4-flash,key_quotes,1,clinical or applied,clinical or applied,interdisciplinary providers may benefit from the joint development of complementary treatment and biopsychosocial approach supported by theoretical and empirical evidence,"{""claim_verbatim"": ""interdisciplinary providers may benefit from the joint development of complementary treatment and biopsychosocial approach supported by theoretical and empirical evidence"", ""claim_type"": ""clinical or applied"", ""section_located"": ""conclusion"", ""why_it_matters"": ""Only mention of BPS in the paper, used as a label without substantive content""}"
F039_40566105,DeepSeek-V4-Flash,deepseek/deepseek-v4-flash,integration_claims,0,bio_psych,bio_psych,"With the pain neuromatrix comprising a sizeable neural network spanning many brain regions, chronic pain can be significantly amplified or reduced by the presence of fear, uncertainty, and stress","{""domains_linked"": ""bio_psych"", ""integration_level"": ""mechanistic"", ""claim_verbatim"": ""With the pain neuromatrix comprising a sizeable neural network spanning many brain regions, chronic pain can be significantly amplified or reduced by the presence of fear, uncertainty, and stress"", ""mechanism_note"": ""Pain neuromatrix activity is modulated by psychological states (fear, stress), specifying a neural pathway."", ""section_located"": ""results"", ""evidence_basis"": ""theorized""}"
F039_40566105,DeepSeek-V4-Flash,deepseek/deepseek-v4-flash,integration_claims,1,bio_psych,bio_psych,"Using fMRI, researchers noted significantly higher activity in frontostriatal regions that are associated with pain valuation, regulation, and chronification in the presence of thermal stimulus in African American versus Caucasian samples. These same regions are also associated with pain catastrophization and anticipatory anxiety","{""domains_linked"": ""bio_psych"", ""integration_level"": ""mechanistic"", ""claim_verbatim"": ""Using fMRI, researchers noted significantly higher activity in frontostriatal regions that are associated with pain valuation, regulation, and chronification in the presence of thermal stimulus in African American versus Caucasian samples. These same regions are also associated with pain catastrophization and anticipatory anxiety"", ""mechanism_note"": ""Frontostriatal activity links biological pain processing to psychological catastrophizing and anxiety."", ""section_located"": ""results"", ""evidence_basis"": ""empirically_supported""}"
F039_40566105,DeepSeek-V4-Flash,deepseek/deepseek-v4-flash,integration_claims,2,psych_social,psych_social,Perceived bias and discrimination among African Americans regarding healthcare providers are positively associated with worse pain outcomes,"{""domains_linked"": ""psych_social"", ""integration_level"": ""mechanistic"", ""claim_verbatim"": ""Perceived bias and discrimination among African Americans regarding healthcare providers are positively associated with worse pain outcomes"", ""mechanism_note"": ""Social perception of bias influences psychological pain outcomes, but pathway is not detailed."", ""section_located"": ""results"", ""evidence_basis"": ""empirically_supported""}"
F039_40566105,DeepSeek-V4-Flash,deepseek/deepseek-v4-flash,integration_claims,3,psych_social,psych_social,Cultural and individual beliefs about pain and self-management compound with societal influences to manifest discrepancies in the motive and method of opioid abuse,"{""domains_linked"": ""psych_social"", ""integration_level"": ""directional"", ""claim_verbatim"": ""Cultural and individual beliefs about pain and self-management compound with societal influences to manifest discrepancies in the motive and method of opioid abuse"", ""mechanism_note"": ""Cultural beliefs and societal influences jointly shape opioid abuse motives, direction asserted."", ""section_located"": ""introduction"", ""evidence_basis"": ""asserted""}"
F039_40566105,DeepSeek-V4-Flash,deepseek/deepseek-v4-flash,integration_claims,4,bio_social,bio_social,"Ethnocultural perspectives of pain may differ by the participant's trust in the provider, resulting in statistically significant frontostriatal activity and potentially altering the pain experience","{""domains_linked"": ""bio_social"", ""integration_level"": ""mechanistic"", ""claim_verbatim"": ""Ethnocultural perspectives of pain may differ by the participant's trust in the provider, resulting in statistically significant frontostriatal activity and potentially altering the pain experience"", ""mechanism_note"": ""Social trust modulates frontostriatal (biological) pain processing, a neural pathway."", ""section_located"": ""results"", ""evidence_basis"": ""empirically_supported""}"
F039_40566105,DeepSeek-V4-Flash,deepseek/deepseek-v4-flash,integration_claims,5,bio_social,bio_social,"Disparities such as healthcare access, care quality, and socioeconomic status, alongside other social determinants of health, may play a significant role in pain valuation","{""domains_linked"": ""bio_social"", ""integration_level"": ""directional"", ""claim_verbatim"": ""Disparities such as healthcare access, care quality, and socioeconomic status, alongside other social determinants of health, may play a significant role in pain valuation"", ""mechanism_note"": ""Social determinants influence pain valuation (biological), direction asserted without pathway."", ""section_located"": ""results"", ""evidence_basis"": ""asserted""}"
F039_40566105,DeepSeek-V4-Flash,deepseek/deepseek-v4-flash,integration_claims,6,triadic,triadic,"From a systems and ecological perspective, maladaptive neuroplasticity in chronic pain (biologic subsystem) intersects with ethnic disparities in prescribing access and pain beliefs (psychosocial subsystem) to influence opioid use and the chronic pain experience","{""domains_linked"": ""triadic"", ""integration_level"": ""descriptive"", ""claim_verbatim"": ""From a systems and ecological perspective, maladaptive neuroplasticity in chronic pain (biologic subsystem) intersects with ethnic disparities in prescribing access and pain beliefs (psychosocial subsystem) to influence opioid use and the chronic pain experience"", ""mechanism_note"": ""All three domains are related in one narrative: biological neuroplasticity, social disparities, psychological beliefs jointly influence opioid use."", ""section_located"": ""abstract"", ""evidence_basis"": ""theorized""}"
F039_40566105,DeepSeek-V4-Flash,deepseek/deepseek-v4-flash,integration_claims,7,triadic,triadic,"This narrative review synthesizes contemporary literature within a systems and ecological approach, investigating opioid dependency, nociplastic pain mechanisms, and the role of PNE to address the interrelationships of biological, psychological, and sociological domains","{""domains_linked"": ""triadic"", ""integration_level"": ""descriptive"", ""claim_verbatim"": ""This narrative review synthesizes contemporary literature within a systems and ecological approach, investigating opioid dependency, nociplastic pain mechanisms, and the role of PNE to address the interrelationships of biological, psychological, and sociological domains"", ""mechanism_note"": ""Three domains are described as interrelated, but no specific pathway is given."", ""section_located"": ""results"", ""evidence_basis"": ""asserted""}"
F039_40566105,DeepSeek-V4-Flash,deepseek/deepseek-v4-flash,domain_evidence,0,biological,biological,"Nociplastic pain occurs secondary to maladaptive neuroplasticity, largely correlating to the onset and persistence of OUD","{""domain"": ""biological"", ""coverage_level"": ""elaborated"", ""constructs_named"": [""neuroplasticity"", ""central sensitization"", ""nociplastic pain"", ""pain neuromatrix"", ""peripheral sensitization"", ""endogenous opioid mechanism"", ""gaba"", ""frontostriatal activity""], ""evidence_verbatim"": ""Nociplastic pain occurs secondary to maladaptive neuroplasticity, largely correlating to the onset and persistence of OUD"", ""section_located"": ""results""}"
F039_40566105,DeepSeek-V4-Flash,deepseek/deepseek-v4-flash,domain_evidence,1,psychological,psychological,"PNE fundamentally seeks to address these factors to reduce pain catastrophizing and faulty pain cognitions, potentially influencing a patient's opioid dependence","{""domain"": ""psychological"", ""coverage_level"": ""elaborated"", ""constructs_named"": [""pain catastrophizing"", ""faulty pain cognitions"", ""kinesiophobia"", ""movement apprehension"", ""self-efficacy"", ""locus of control"", ""fear"", ""anxiety""], ""evidence_verbatim"": ""PNE fundamentally seeks to address these factors to reduce pain catastrophizing and faulty pain cognitions, potentially influencing a patient's opioid dependence"", ""section_located"": ""results""}"
F039_40566105,DeepSeek-V4-Flash,deepseek/deepseek-v4-flash,domain_evidence,2,social,social,"African Americans face systemic barriers to effective treatment for pain and opioid use disorder (OUD), while Caucasians are more likely to be overprescribed with higher rates of OUD","{""domain"": ""social"", ""coverage_level"": ""elaborated"", ""constructs_named"": [""ethnic disparities"", ""sociocultural influences"", ""healthcare access"", ""provider bias"", ""trust in provider"", ""socioeconomic status"", ""social support"", ""cultural beliefs""], ""evidence_verbatim"": ""African Americans face systemic barriers to effective treatment for pain and opioid use disorder (OUD), while Caucasians are more likely to be overprescribed with higher rates of OUD"", ""section_located"": ""abstract""}"
F039_40566105,DeepSeek-V4-Flash,deepseek/deepseek-v4-flash,psychological_concepts,0,pain catastrophizing,pain catastrophizing,,"{""concept_label"": ""pain catastrophizing"", ""definitional_status"": ""named_only"", ""definition_verbatim"": """", ""section_located"": ""results""}"
F039_40566105,DeepSeek-V4-Flash,deepseek/deepseek-v4-flash,psychological_concepts,1,faulty pain cognitions,faulty pain cognitions,,"{""concept_label"": ""faulty pain cognitions"", ""definitional_status"": ""named_only"", ""definition_verbatim"": """", ""section_located"": ""results""}"
F039_40566105,DeepSeek-V4-Flash,deepseek/deepseek-v4-flash,psychological_concepts,2,kinesiophobia,kinesiophobia,,"{""concept_label"": ""kinesiophobia"", ""definitional_status"": ""named_only"", ""definition_verbatim"": """", ""section_located"": ""results""}"
F039_40566105,DeepSeek-V4-Flash,deepseek/deepseek-v4-flash,psychological_concepts,3,self-efficacy,self-efficacy,,"{""concept_label"": ""self-efficacy"", ""definitional_status"": ""named_only"", ""definition_verbatim"": """", ""section_located"": ""results""}"
F039_40566105,DeepSeek-V4-Flash,deepseek/deepseek-v4-flash,psychological_concepts,4,locus of control,locus of control,,"{""concept_label"": ""locus of control"", ""definitional_status"": ""named_only"", ""definition_verbatim"": """", ""section_located"": ""results""}"
F039_40566105,DeepSeek-V4-Flash,deepseek/deepseek-v4-flash,psychological_concepts,5,readiness to change,readiness to change,,"{""concept_label"": ""readiness to change"", ""definitional_status"": ""named_only"", ""definition_verbatim"": """", ""section_located"": ""results""}"
F039_40566105,DeepSeek-V4-Flash,deepseek/deepseek-v4-flash,psychological_concepts,6,stoicism,stoicism,,"{""concept_label"": ""stoicism"", ""definitional_status"": ""named_only"", ""definition_verbatim"": """", ""section_located"": ""results""}"
F039_40566105,DeepSeek-V4-Flash,deepseek/deepseek-v4-flash,theoretical_frameworks,0,General Systems Theory (von Bertalanffy),general systems theory (von bertalanffy),"von Bertalanffy introduced general systems theory as a conceptual framework for understanding the interrelationships among systems, countering reductionist ideologies","{""framework_label"": ""General Systems Theory (von Bertalanffy)"", ""role"": ""organizing framework"", ""framework_verbatim"": ""von Bertalanffy introduced general systems theory as a conceptual framework for understanding the interrelationships among systems, countering reductionist ideologies""}"
F039_40566105,DeepSeek-V4-Flash,deepseek/deepseek-v4-flash,theoretical_frameworks,1,Ecological Systems Theory (Bronfenbrenner),ecological systems theory (bronfenbrenner),Bronfenbrenner's ecological systems theory offers a framework for understanding how various systems interact dynamically to influence individual development,"{""framework_label"": ""Ecological Systems Theory (Bronfenbrenner)"", ""role"": ""organizing framework"", ""framework_verbatim"": ""Bronfenbrenner's ecological systems theory offers a framework for understanding how various systems interact dynamically to influence individual development""}"
F039_40566105,DeepSeek-V4-Flash,deepseek/deepseek-v4-flash,theoretical_frameworks,2,Biopsychosocial Model (Engel),biopsychosocial model (engel),"It facilitated the development of Engel's biopsychosocial model, which was transformative for biomedically centered healthcare ideologies","{""framework_label"": ""Biopsychosocial Model (Engel)"", ""role"": ""organizing framework"", ""framework_verbatim"": ""It facilitated the development of Engel's biopsychosocial model, which was transformative for biomedically centered healthcare ideologies""}"
F039_40566105,DeepSeek-V4-Flash,deepseek/deepseek-v4-flash,theoretical_frameworks,3,Transtheoretical Model,transtheoretical model,patients may benefit more if they are at least within the contemplative phase of the transtheoretical model,"{""framework_label"": ""Transtheoretical Model"", ""role"": ""mentioned in passing"", ""framework_verbatim"": ""patients may benefit more if they are at least within the contemplative phase of the transtheoretical model""}"
F039_40566105,DeepSeek-V4-Flash,deepseek/deepseek-v4-flash,theoretical_frameworks,4,Health Belief Model,health belief model,Intent to change and underlying beliefs of benefit or severity are staple domains of the transtheoretical model and health belief model,"{""framework_label"": ""Health Belief Model"", ""role"": ""mentioned in passing"", ""framework_verbatim"": ""Intent to change and underlying beliefs of benefit or severity are staple domains of the transtheoretical model and health belief model""}"
F039_40566105,DeepSeek-V4-Flash,deepseek/deepseek-v4-flash,conceptual_problems,0,mechanistic_absence,mechanistic_absence,"From a systems and ecological perspective, maladaptive neuroplasticity in chronic pain (biologic subsystem) intersects with ethnic disparities in prescribing access and pain beliefs (psychosocial subsystem) to influence opioid use","{""problem_type"": ""mechanistic_absence"", ""problem_verbatim"": ""From a systems and ecological perspective, maladaptive neuroplasticity in chronic pain (biologic subsystem) intersects with ethnic disparities in prescribing access and pain beliefs (psychosocial subsystem) to influence opioid use"", ""note"": ""Triadic integration is descriptive; no specific pathway linking all three domains is specified.""}"
F039_40566105,DeepSeek-V4-Flash,deepseek/deepseek-v4-flash,conceptual_problems,1,parallel_listing_without_integration,parallel_listing_without_integration,"This narrative review synthesizes contemporary literature within a systems and ecological approach, investigating opioid dependency, nociplastic pain mechanisms, and the role of PNE to address the interrelationships of biological, psychological, and sociological domains","{""problem_type"": ""parallel_listing_without_integration"", ""problem_verbatim"": ""This narrative review synthesizes contemporary literature within a systems and ecological approach, investigating opioid dependency, nociplastic pain mechanisms, and the role of PNE to address the interrelationships of biological, psychological, and sociological domains"", ""note"": ""Domains are listed as interrelated but the synthesis remains a parallel review of separate literatures.""}"
F039_40566105,DeepSeek-V4-Flash,deepseek/deepseek-v4-flash,key_quotes,0,integrative,integrative,"From a systems and ecological perspective, maladaptive neuroplasticity in chronic pain (biologic subsystem) intersects with ethnic disparities in prescribing access and pain beliefs (psychosocial subsystem) to influence opioid use and the chronic pain experience","{""claim_verbatim"": ""From a systems and ecological perspective, maladaptive neuroplasticity in chronic pain (biologic subsystem) intersects with ethnic disparities in prescribing access and pain beliefs (psychosocial subsystem) to influence opioid use and the chronic pain experience"", ""claim_type"": ""integrative"", ""section_located"": ""abstract"", ""why_it_matters"": ""This is the paper's central integrative claim, linking all three domains in one sentence.""}"
F039_40566105,DeepSeek-V4-Flash,deepseek/deepseek-v4-flash,key_quotes,1,integrative,integrative,"Using fMRI, researchers noted significantly higher activity in frontostriatal regions that are associated with pain valuation, regulation, and chronification in the presence of thermal stimulus in African American versus Caucasian samples","{""claim_verbatim"": ""Using fMRI, researchers noted significantly higher activity in frontostriatal regions that are associated with pain valuation, regulation, and chronification in the presence of thermal stimulus in African American versus Caucasian samples"", ""claim_type"": ""integrative"", ""section_located"": ""results"", ""why_it_matters"": ""Provides empirical evidence for biological differences linked to social ethnicity, a rare bio-social integration.""}"
F039_40566105,DeepSeek-V4-Flash,deepseek/deepseek-v4-flash,key_quotes,2,theoretical,theoretical,"PNE utilizes the biopsychosocial model, fundamentally grounded in general systems theory, to treat nociplastic pain conditions through reduced faulty pain cognitions","{""claim_verbatim"": ""PNE utilizes the biopsychosocial model, fundamentally grounded in general systems theory, to treat nociplastic pain conditions through reduced faulty pain cognitions"", ""claim_type"": ""theoretical"", ""section_located"": ""results"", ""why_it_matters"": ""Explicitly frames PNE as a BPS intervention, linking theory to clinical application.""}"
F039_40566105,DeepSeek-V4-Flash,deepseek/deepseek-v4-flash,key_quotes,3,integrative,integrative,"Ethnocultural perspectives of pain may differ by the participant's trust in the provider, resulting in statistically significant frontostriatal activity and potentially altering the pain experience","{""claim_verbatim"": ""Ethnocultural perspectives of pain may differ by the participant's trust in the provider, resulting in statistically significant frontostriatal activity and potentially altering the pain experience"", ""claim_type"": ""integrative"", ""section_located"": ""results"", ""why_it_matters"": ""Specifies a mechanistic bio-social pathway: trust modulates brain activity and pain.""}"
F040_40563913,DeepSeek-V4-Flash,deepseek/deepseek-v4-flash,integration_claims,0,bio_psych,bio_psych,the pain experience can be influenced by psychological factors in chronic pain patients,"{""domains_linked"": ""bio_psych"", ""integration_level"": ""mentioned"", ""claim_verbatim"": ""the pain experience can be influenced by psychological factors in chronic pain patients"", ""mechanism_note"": """", ""section_located"": ""results"", ""evidence_basis"": ""asserted""}"
F040_40563913,DeepSeek-V4-Flash,deepseek/deepseek-v4-flash,integration_claims,1,bio_psych,bio_psych,"the concepts of psychological reserve and psychological control, and the concept of activation–inhibition coordination. These factors work at different levels or scales of the brain–behavior interface","{""domains_linked"": ""bio_psych"", ""integration_level"": ""mentioned"", ""claim_verbatim"": ""the concepts of psychological reserve and psychological control, and the concept of activation–inhibition coordination. These factors work at different levels or scales of the brain–behavior interface"", ""mechanism_note"": """", ""section_located"": ""abstract"", ""evidence_basis"": ""theorized""}"
F040_40563913,DeepSeek-V4-Flash,deepseek/deepseek-v4-flash,integration_claims,2,bio_psych,bio_psych,"the fear-avoidance model, originally developed to explain persistent chronic pain—has been applied to persistent MTBI symptomatology","{""domains_linked"": ""bio_psych"", ""integration_level"": ""mentioned"", ""claim_verbatim"": ""the fear-avoidance model, originally developed to explain persistent chronic pain—has been applied to persistent MTBI symptomatology"", ""mechanism_note"": """", ""section_located"": ""results"", ""evidence_basis"": ""cited_from_other_work""}"
F040_40563913,DeepSeek-V4-Flash,deepseek/deepseek-v4-flash,domain_evidence,0,biological,biological,"The range of structural, chemical, and functional changes that mark central sensitization is extensive, and Volcheck et al. listed these changes in their Table 1","{""domain"": ""biological"", ""coverage_level"": ""elaborated"", ""constructs_named"": [""central sensitization"", ""peripheral sensitization"", ""nociceptive pain"", ""neuropathic pain"", ""nociplastic pain"", ""hpa axis"", ""gaba-glutamate imbalance"", ""diffuse axonal injury""], ""evidence_verbatim"": ""The range of structural, chemical, and functional changes that mark central sensitization is extensive, and Volcheck et al. listed these changes in their Table 1"", ""section_located"": ""results""}"
F040_40563913,DeepSeek-V4-Flash,deepseek/deepseek-v4-flash,domain_evidence,1,psychological,psychological,"Volcheck et al. touted the role of psychotherapy, such as in cognitive behavior therapy in dealing with chronic pain (e.g., turning negative and distorted beliefs into positive and rational ones)","{""domain"": ""psychological"", ""coverage_level"": ""mentioned"", ""constructs_named"": [""psychological reserve"", ""psychological control"", ""fear-avoidance"", ""catastrophizing"", ""hypervigilance"", ""cognitive behavior therapy"", ""acceptance and commitment therapy"", ""emotional awareness and expression therapy""], ""evidence_verbatim"": ""Volcheck et al. touted the role of psychotherapy, such as in cognitive behavior therapy in dealing with chronic pain (e.g., turning negative and distorted beliefs into positive and rational ones)"", ""section_located"": ""results""}"
F040_40563913,DeepSeek-V4-Flash,deepseek/deepseek-v4-flash,psychological_concepts,0,psychological reserve,psychological reserve,"Psychological reserve refers to the factors that affect the ability to resist stress and reduce feeling overwhelmed, such as maintaining a healthy lifestyle and knowing how to cope with stress","{""concept_label"": ""psychological reserve"", ""definitional_status"": ""formally_defined"", ""definition_verbatim"": ""Psychological reserve refers to the factors that affect the ability to resist stress and reduce feeling overwhelmed, such as maintaining a healthy lifestyle and knowing how to cope with stress"", ""section_located"": ""discussion""}"
F040_40563913,DeepSeek-V4-Flash,deepseek/deepseek-v4-flash,psychological_concepts,1,psychological control,psychological control,Psychological control refers to having a sense that one is in control of the context and not being overwhelmed,"{""concept_label"": ""psychological control"", ""definitional_status"": ""formally_defined"", ""definition_verbatim"": ""Psychological control refers to having a sense that one is in control of the context and not being overwhelmed"", ""section_located"": ""discussion""}"
F040_40563913,DeepSeek-V4-Flash,deepseek/deepseek-v4-flash,psychological_concepts,2,fear-avoidance,fear-avoidance,,"{""concept_label"": ""fear-avoidance"", ""definitional_status"": ""named_only"", ""definition_verbatim"": """", ""section_located"": ""results""}"
F040_40563913,DeepSeek-V4-Flash,deepseek/deepseek-v4-flash,psychological_concepts,3,catastrophizing,catastrophizing,,"{""concept_label"": ""catastrophizing"", ""definitional_status"": ""named_only"", ""definition_verbatim"": """", ""section_located"": ""discussion""}"
F040_40563913,DeepSeek-V4-Flash,deepseek/deepseek-v4-flash,psychological_concepts,4,hypervigilance,hypervigilance,,"{""concept_label"": ""hypervigilance"", ""definitional_status"": ""named_only"", ""definition_verbatim"": """", ""section_located"": ""discussion""}"
F040_40563913,DeepSeek-V4-Flash,deepseek/deepseek-v4-flash,theoretical_frameworks,0,biopsychosocial model,biopsychosocial model,The biopsychosocial model is a heuristic one that refers to a compendium of multiple factors that influence and induce psychological disorders and conditions,"{""framework_label"": ""biopsychosocial model"", ""role"": ""organizing framework"", ""framework_verbatim"": ""The biopsychosocial model is a heuristic one that refers to a compendium of multiple factors that influence and induce psychological disorders and conditions""}"
F040_40563913,DeepSeek-V4-Flash,deepseek/deepseek-v4-flash,theoretical_frameworks,1,fear-avoidance model,fear-avoidance model,"the fear-avoidance model, originally developed to explain persistent chronic pain—has been applied to persistent MTBI symptomatology","{""framework_label"": ""fear-avoidance model"", ""role"": ""mentioned in passing"", ""framework_verbatim"": ""the fear-avoidance model, originally developed to explain persistent chronic pain—has been applied to persistent MTBI symptomatology""}"
F040_40563913,DeepSeek-V4-Flash,deepseek/deepseek-v4-flash,theoretical_frameworks,2,activation–inhibition coordination,activation–inhibition coordination,"activation–inhibition coordination processes are widespread and are cross-scale over neuron, brain, and behavior","{""framework_label"": ""activation–inhibition coordination"", ""role"": ""extended or revised"", ""framework_verbatim"": ""activation–inhibition coordination processes are widespread and are cross-scale over neuron, brain, and behavior""}"
F040_40563913,DeepSeek-V4-Flash,deepseek/deepseek-v4-flash,conceptual_problems,0,missing_social,missing_social,"the concepts of peripheral and central sensitization in chronic pain, MTBI/concussion, and fear/PTSD fit squarely in the biological component of the biopsychosocial model but with exacerbations possible from psychological and social factors","{""problem_type"": ""missing_social"", ""problem_verbatim"": ""the concepts of peripheral and central sensitization in chronic pain, MTBI/concussion, and fear/PTSD fit squarely in the biological component of the biopsychosocial model but with exacerbations possible from psychological and social factors"", ""note"": ""Social domain is named but never developed with any construct or mechanism""}"
F040_40563913,DeepSeek-V4-Flash,deepseek/deepseek-v4-flash,conceptual_problems,1,parallel_listing_without_integration,parallel_listing_without_integration,The model is a heuristic one that refers to a compendium of multiple factors that influence and induce psychological disorders and conditions,"{""problem_type"": ""parallel_listing_without_integration"", ""problem_verbatim"": ""The model is a heuristic one that refers to a compendium of multiple factors that influence and induce psychological disorders and conditions"", ""note"": ""BPS is treated as a list of factors; no relational claims among domains""}"
F040_40563913,DeepSeek-V4-Flash,deepseek/deepseek-v4-flash,key_quotes,0,theoretical,theoretical,"the concepts of peripheral and central sensitization in chronic pain, MTBI/concussion, and fear/PTSD fit squarely in the biological component of the biopsychosocial model but with exacerbations possible from psychological and social factors","{""claim_verbatim"": ""the concepts of peripheral and central sensitization in chronic pain, MTBI/concussion, and fear/PTSD fit squarely in the biological component of the biopsychosocial model but with exacerbations possible from psychological and social factors"", ""claim_type"": ""theoretical"", ""section_located"": ""discussion"", ""why_it_matters"": ""Shows BPS is used as a label while the actual work is biological; social is only mentioned as possible""}"
F040_40563913,DeepSeek-V4-Flash,deepseek/deepseek-v4-flash,key_quotes,1,definitional,definitional,The biopsychosocial model is a heuristic one that refers to a compendium of multiple factors that influence and induce psychological disorders and conditions,"{""claim_verbatim"": ""The biopsychosocial model is a heuristic one that refers to a compendium of multiple factors that influence and induce psychological disorders and conditions"", ""claim_type"": ""definitional"", ""section_located"": ""discussion"", ""why_it_matters"": ""Defines BPS as a compendium, not an integrative model, which is the core problem the review examines""}"
F041_40522393,DeepSeek-V4-Flash,deepseek/deepseek-v4-flash,integration_claims,0,bio_psych,bio_psych,"Verstärkt wird dieser Zustand durch die Angst vor dem Schmerz, die das Alarmsystem weiter aktiviert und einen Teufelskreis schafft – den Angst-Schmerz-Vermeidungs-Zyklus","{""domains_linked"": ""bio_psych"", ""integration_level"": ""mechanistic"", ""claim_verbatim"": ""Verstärkt wird dieser Zustand durch die Angst vor dem Schmerz, die das Alarmsystem weiter aktiviert und einen Teufelskreis schafft – den Angst-Schmerz-Vermeidungs-Zyklus"", ""mechanism_note"": ""Angst (psychologisch) aktiviert das zentrale Alarmsystem (biologisch) in einem positiven Rückkopplungskreislauf."", ""section_located"": ""introduction"", ""evidence_basis"": ""theorized""}"
F041_40522393,DeepSeek-V4-Flash,deepseek/deepseek-v4-flash,integration_claims,1,bio_psych,bio_psych,"Bereits nach vier Wochen PRT zeigte sich eine reduzierte Aktivität in schmerzassoziierten Arealen wie der posterioren Insula. Gleichzeitig nahm die Aktivität in Regionen zu, die mit kognitiver Neubewertung, Emotionsregulation und Sicherheitslernen assoziiert sind","{""domains_linked"": ""bio_psych"", ""integration_level"": ""mechanistic"", ""claim_verbatim"": ""Bereits nach vier Wochen PRT zeigte sich eine reduzierte Aktivität in schmerzassoziierten Arealen wie der posterioren Insula. Gleichzeitig nahm die Aktivität in Regionen zu, die mit kognitiver Neubewertung, Emotionsregulation und Sicherheitslernen assoziiert sind"", ""mechanism_note"": ""Psychologische Prozesse (kognitive Neubewertung, Emotionsregulation) verändern neuronale Aktivität (biologisch)."", ""section_located"": ""results"", ""evidence_basis"": ""empirically_supported""}"
F041_40522393,DeepSeek-V4-Flash,deepseek/deepseek-v4-flash,integration_claims,2,triadic,triadic,"Dieses Ungleichgewicht wird von biologischen, psychologischen und sozialen Faktoren beeinflusst, darunter frühere oder aktuelle Belastungen, Erfahrungen sowie bestehende Erkrankungen.","{""domains_linked"": ""triadic"", ""integration_level"": ""mentioned"", ""claim_verbatim"": ""Dieses Ungleichgewicht wird von biologischen, psychologischen und sozialen Faktoren beeinflusst, darunter frühere oder aktuelle Belastungen, Erfahrungen sowie bestehende Erkrankungen."", ""mechanism_note"": ""All three domains named as influencing a biological imbalance, but no pathway specified; social is only listed."", ""section_located"": ""introduction"", ""evidence_basis"": ""theorized""}"
F041_40522393,DeepSeek-V4-Flash,deepseek/deepseek-v4-flash,domain_evidence,0,biological,biological,Chronische primäre Schmerzen entstehen ohne Gewebe- oder Nervenschäden. Sie werden durch erlernte neuronale Schaltkreise aufrechterhalten – ein noziplastischer Schmerzmechanismus,"{""domain"": ""biological"", ""coverage_level"": ""elaborated"", ""constructs_named"": [""zentrale sensitivierung"", ""allodynie"", ""hyperalgesie"", ""neuroplastizität"", ""salienznetzwerk"", ""noziplastischer schmerzmechanismus"", ""posteriore insula"", ""ventromedialer präfrontaler cortex""], ""evidence_verbatim"": ""Chronische primäre Schmerzen entstehen ohne Gewebe- oder Nervenschäden. Sie werden durch erlernte neuronale Schaltkreise aufrechterhalten – ein noziplastischer Schmerzmechanismus"", ""section_located"": ""introduction""}"
F041_40522393,DeepSeek-V4-Flash,deepseek/deepseek-v4-flash,domain_evidence,1,psychological,psychological,"Die Angst vor dem Schmerz trägt somit wesentlich dazu bei, das Warnsignal Schmerz aufrechtzuerhalten. Eine frühzeitige Identifikation und Behandlung des Schmerzes als noziplastisches, somatisch ungefährliches Signal hat das Potenzial, diesen Kreislauf zu durchbrechen.","{""domain"": ""psychological"", ""coverage_level"": ""elaborated"", ""constructs_named"": [""angst-schmerz-vermeidungs-zyklus"", ""katastrophisieren"", ""selbstwirksamkeit"", ""kognitive umstrukturierung"", ""achtsamkeit"", ""emotionale verarbeitung"", ""dysfunktionale überzeugungen"", ""vermeidungsverhalten""], ""evidence_verbatim"": ""Die Angst vor dem Schmerz trägt somit wesentlich dazu bei, das Warnsignal Schmerz aufrechtzuerhalten. Eine frühzeitige Identifikation und Behandlung des Schmerzes als noziplastisches, somatisch ungefährliches Signal hat das Potenzial, diesen Kreislauf zu durchbrechen."", ""section_located"": ""introduction""}"
F041_40522393,DeepSeek-V4-Flash,deepseek/deepseek-v4-flash,domain_evidence,2,social,social,"Die Reduktion von Schmerz und Angst wirkt sich positiv auf körperliche, psychische und soziale Aspekte aus.","{""domain"": ""social"", ""coverage_level"": ""minimal"", ""constructs_named"": [""soziale aspekte""], ""evidence_verbatim"": ""Die Reduktion von Schmerz und Angst wirkt sich positiv auf körperliche, psychische und soziale Aspekte aus."", ""section_located"": ""discussion""}"
F041_40522393,DeepSeek-V4-Flash,deepseek/deepseek-v4-flash,psychological_concepts,0,Angst-Schmerz-Vermeidungs-Zyklus,angst-schmerz-vermeidungs-zyklus,"Verstärkt wird dieser Zustand durch die Angst vor dem Schmerz, die das Alarmsystem weiter aktiviert und einen Teufelskreis schafft – den Angst-Schmerz-Vermeidungs-Zyklus","{""concept_label"": ""Angst-Schmerz-Vermeidungs-Zyklus"", ""definitional_status"": ""formally_defined"", ""definition_verbatim"": ""Verstärkt wird dieser Zustand durch die Angst vor dem Schmerz, die das Alarmsystem weiter aktiviert und einen Teufelskreis schafft – den Angst-Schmerz-Vermeidungs-Zyklus"", ""section_located"": ""introduction""}"
F041_40522393,DeepSeek-V4-Flash,deepseek/deepseek-v4-flash,psychological_concepts,1,Katastrophisieren,katastrophisieren,"Auch funktionale Einschränkungen, schmerzbezogene Angst und Katastrophisieren waren in der PRT-Gruppe nach zwölf Monaten signifikant stärker reduziert","{""concept_label"": ""Katastrophisieren"", ""definitional_status"": ""operationalized_only"", ""definition_verbatim"": ""Auch funktionale Einschränkungen, schmerzbezogene Angst und Katastrophisieren waren in der PRT-Gruppe nach zwölf Monaten signifikant stärker reduziert"", ""section_located"": ""results""}"
F041_40522393,DeepSeek-V4-Flash,deepseek/deepseek-v4-flash,psychological_concepts,2,Selbstwirksamkeit,selbstwirksamkeit,,"{""concept_label"": ""Selbstwirksamkeit"", ""definitional_status"": ""named_only"", ""definition_verbatim"": """", ""section_located"": ""abstract""}"
F041_40522393,DeepSeek-V4-Flash,deepseek/deepseek-v4-flash,psychological_concepts,3,kognitive Umstrukturierung,kognitive umstrukturierung,"Dysfunktionale Überzeugungen wie 'Schmerz bedeutet Schaden' oder 'Mein Körper ist kaputt' werden hinterfragt und durch realistische, hilfreiche Gedanken ersetzt.","{""concept_label"": ""kognitive Umstrukturierung"", ""definitional_status"": ""formally_defined"", ""definition_verbatim"": ""Dysfunktionale Überzeugungen wie 'Schmerz bedeutet Schaden' oder 'Mein Körper ist kaputt' werden hinterfragt und durch realistische, hilfreiche Gedanken ersetzt."", ""section_located"": ""methods""}"
F041_40522393,DeepSeek-V4-Flash,deepseek/deepseek-v4-flash,psychological_concepts,4,Achtsamkeit,achtsamkeit,,"{""concept_label"": ""Achtsamkeit"", ""definitional_status"": ""named_only"", ""definition_verbatim"": """", ""section_located"": ""methods""}"
F041_40522393,DeepSeek-V4-Flash,deepseek/deepseek-v4-flash,psychological_concepts,5,emotionale Verarbeitung,emotionale verarbeitung,"Emotionale Konflikte oder belastende Ereignisse, die das Nervensystem in Anspannung halten, werden erkannt, ausgedrückt und bearbeitet – z. B. durch expressives Schreiben oder emotionsfokussierte Gespräche","{""concept_label"": ""emotionale Verarbeitung"", ""definitional_status"": ""formally_defined"", ""definition_verbatim"": ""Emotionale Konflikte oder belastende Ereignisse, die das Nervensystem in Anspannung halten, werden erkannt, ausgedrückt und bearbeitet – z. B. durch expressives Schreiben oder emotionsfokussierte Gespräche"", ""section_located"": ""methods""}"
F041_40522393,DeepSeek-V4-Flash,deepseek/deepseek-v4-flash,psychological_concepts,6,dysfunktionale Überzeugungen,dysfunktionale überzeugungen,Dysfunktionale Überzeugungen wie 'Schmerz bedeutet Schaden' oder 'Mein Körper ist kaputt' werden hinterfragt,"{""concept_label"": ""dysfunktionale Überzeugungen"", ""definitional_status"": ""formally_defined"", ""definition_verbatim"": ""Dysfunktionale Überzeugungen wie 'Schmerz bedeutet Schaden' oder 'Mein Körper ist kaputt' werden hinterfragt"", ""section_located"": ""methods""}"
F041_40522393,DeepSeek-V4-Flash,deepseek/deepseek-v4-flash,psychological_concepts,7,Vermeidungsverhalten,vermeidungsverhalten,,"{""concept_label"": ""Vermeidungsverhalten"", ""definitional_status"": ""named_only"", ""definition_verbatim"": """", ""section_located"": ""discussion""}"
F041_40522393,DeepSeek-V4-Flash,deepseek/deepseek-v4-flash,theoretical_frameworks,0,biopsychosoziales Modell,biopsychosoziales modell,"Das biopsychosoziale Modell zeigt, dass chronischer Schmerz weit mehr ist als nur eine Sinneswahrnehmung – er ist ein komplexer Zustand, der stark von psychosozialen Faktoren geprägt wird","{""framework_label"": ""biopsychosoziales Modell"", ""role"": ""organizing framework"", ""framework_verbatim"": ""Das biopsychosoziale Modell zeigt, dass chronischer Schmerz weit mehr ist als nur eine Sinneswahrnehmung – er ist ein komplexer Zustand, der stark von psychosozialen Faktoren geprägt wird""}"
F041_40522393,DeepSeek-V4-Flash,deepseek/deepseek-v4-flash,theoretical_frameworks,1,Angst-Schmerz-Vermeidungs-Zyklus,angst-schmerz-vermeidungs-zyklus,"Verstärkt wird dieser Zustand durch die Angst vor dem Schmerz, die das Alarmsystem weiter aktiviert und einen Teufelskreis schafft – den Angst-Schmerz-Vermeidungs-Zyklus","{""framework_label"": ""Angst-Schmerz-Vermeidungs-Zyklus"", ""role"": ""organizing framework"", ""framework_verbatim"": ""Verstärkt wird dieser Zustand durch die Angst vor dem Schmerz, die das Alarmsystem weiter aktiviert und einen Teufelskreis schafft – den Angst-Schmerz-Vermeidungs-Zyklus""}"
F041_40522393,DeepSeek-V4-Flash,deepseek/deepseek-v4-flash,theoretical_frameworks,2,Neuroplastizität,neuroplastizität,"Die Pain Reprocessing Therapy (PRT) nutzt die Neuroplastizität des Gehirns. Ziel ist es, das überaktivierte Alarmsystem zu beruhigen","{""framework_label"": ""Neuroplastizität"", ""role"": ""organizing framework"", ""framework_verbatim"": ""Die Pain Reprocessing Therapy (PRT) nutzt die Neuroplastizität des Gehirns. Ziel ist es, das überaktivierte Alarmsystem zu beruhigen""}"
F041_40522393,DeepSeek-V4-Flash,deepseek/deepseek-v4-flash,conceptual_problems,0,missing_social,missing_social,"Die Reduktion von Schmerz und Angst wirkt sich positiv auf körperliche, psychische und soziale Aspekte aus.","{""problem_type"": ""missing_social"", ""problem_verbatim"": ""Die Reduktion von Schmerz und Angst wirkt sich positiv auf körperliche, psychische und soziale Aspekte aus."", ""note"": ""Social domain is only mentioned in a single sentence without any concrete construct or mechanism.""}"
F041_40522393,DeepSeek-V4-Flash,deepseek/deepseek-v4-flash,conceptual_problems,1,parallel_listing_without_integration,parallel_listing_without_integration,"Dieses Ungleichgewicht wird von biologischen, psychologischen und sozialen Faktoren beeinflusst, darunter frühere oder aktuelle Belastungen, Erfahrungen sowie bestehende Erkrankungen.","{""problem_type"": ""parallel_listing_without_integration"", ""problem_verbatim"": ""Dieses Ungleichgewicht wird von biologischen, psychologischen und sozialen Faktoren beeinflusst, darunter frühere oder aktuelle Belastungen, Erfahrungen sowie bestehende Erkrankungen."", ""note"": ""Three domains listed but no relational pathway specified; social is only a label.""}"
F041_40522393,DeepSeek-V4-Flash,deepseek/deepseek-v4-flash,key_quotes,0,integrative,integrative,"Verstärkt wird dieser Zustand durch die Angst vor dem Schmerz, die das Alarmsystem weiter aktiviert und einen Teufelskreis schafft – den Angst-Schmerz-Vermeidungs-Zyklus","{""claim_verbatim"": ""Verstärkt wird dieser Zustand durch die Angst vor dem Schmerz, die das Alarmsystem weiter aktiviert und einen Teufelskreis schafft – den Angst-Schmerz-Vermeidungs-Zyklus"", ""claim_type"": ""integrative"", ""section_located"": ""introduction"", ""why_it_matters"": ""Core mechanistic bio-psych pathway that the paper uses to explain chronic pain maintenance.""}"
F041_40522393,DeepSeek-V4-Flash,deepseek/deepseek-v4-flash,key_quotes,1,integrative,integrative,"Bereits nach vier Wochen PRT zeigte sich eine reduzierte Aktivität in schmerzassoziierten Arealen wie der posterioren Insula. Gleichzeitig nahm die Aktivität in Regionen zu, die mit kognitiver Neubewertung, Emotionsregulation und Sicherheitslernen assoziiert sind","{""claim_verbatim"": ""Bereits nach vier Wochen PRT zeigte sich eine reduzierte Aktivität in schmerzassoziierten Arealen wie der posterioren Insula. Gleichzeitig nahm die Aktivität in Regionen zu, die mit kognitiver Neubewertung, Emotionsregulation und Sicherheitslernen assoziiert sind"", ""claim_type"": ""integrative"", ""section_located"": ""results"", ""why_it_matters"": ""Empirical evidence for a mechanistic bio-psych link via neuroimaging.""}"
F041_40522393,DeepSeek-V4-Flash,deepseek/deepseek-v4-flash,key_quotes,2,definitional,definitional,"Das biopsychosoziale Modell zeigt, dass chronischer Schmerz weit mehr ist als nur eine Sinneswahrnehmung – er ist ein komplexer Zustand, der stark von psychosozialen Faktoren geprägt wird","{""claim_verbatim"": ""Das biopsychosoziale Modell zeigt, dass chronischer Schmerz weit mehr ist als nur eine Sinneswahrnehmung – er ist ein komplexer Zustand, der stark von psychosozialen Faktoren geprägt wird"", ""claim_type"": ""definitional"", ""section_located"": ""introduction"", ""why_it_matters"": ""Paper invokes BPS model but social domain is not substantively developed.""}"
F042_40508951,DeepSeek-V4-Flash,deepseek/deepseek-v4-flash,integration_claims,0,bio_psych,bio_psych,"The relationship between pain and neurocognitive function appears to be bidirectional, as chronic pain may disrupt cognitive processes, potentially exacerbating the pain experience","{""domains_linked"": ""bio_psych"", ""integration_level"": ""directional"", ""claim_verbatim"": ""The relationship between pain and neurocognitive function appears to be bidirectional, as chronic pain may disrupt cognitive processes, potentially exacerbating the pain experience"", ""mechanism_note"": ""Bidirectional influence asserted but no pathway specified."", ""section_located"": ""introduction"", ""evidence_basis"": ""theorized""}"
F042_40508951,DeepSeek-V4-Flash,deepseek/deepseek-v4-flash,integration_claims,1,bio_psych,bio_psych,"XR-targeted experiences may exert their therapeutic effects by triggering activity in brain regions involved in the descending pain modulation system, which is mediated by attention, emotion, and memory","{""domains_linked"": ""bio_psych"", ""integration_level"": ""directional"", ""claim_verbatim"": ""XR-targeted experiences may exert their therapeutic effects by triggering activity in brain regions involved in the descending pain modulation system, which is mediated by attention, emotion, and memory"", ""mechanism_note"": ""XR effects on brain regions mediated by psychological factors, but pathway not detailed."", ""section_located"": ""results"", ""evidence_basis"": ""theorized""}"
F042_40508951,DeepSeek-V4-Flash,deepseek/deepseek-v4-flash,integration_claims,2,bio_psych,bio_psych,"the effects of neurocognitive interventions may be attributed to neuroplastic changes in nociceptive and non-nociceptive regions within the brain, which are correlated with reductions in pain intensity, pain-related cognition, and pain-related anxiety","{""domains_linked"": ""bio_psych"", ""integration_level"": ""directional"", ""claim_verbatim"": ""the effects of neurocognitive interventions may be attributed to neuroplastic changes in nociceptive and non-nociceptive regions within the brain, which are correlated with reductions in pain intensity, pain-related cognition, and pain-related anxiety"", ""mechanism_note"": ""Neuroplastic changes correlated with psychological outcomes, direction asserted."", ""section_located"": ""results"", ""evidence_basis"": ""empirically_supported""}"
F042_40508951,DeepSeek-V4-Flash,deepseek/deepseek-v4-flash,domain_evidence,0,biological,biological,"altered neural network activity and structural changes in the brain, (3) pain-related neurobiological processes","{""domain"": ""biological"", ""coverage_level"": ""mentioned"", ""constructs_named"": [""altered neural network activity"", ""structural changes in the brain"", ""pain-related neurobiological processes"", ""neuroplastic changes"", ""somatosensory and prefrontal brain network changes"", ""descending pain modulation system""], ""evidence_verbatim"": ""altered neural network activity and structural changes in the brain, (3) pain-related neurobiological processes"", ""section_located"": ""introduction""}"
F042_40508951,DeepSeek-V4-Flash,deepseek/deepseek-v4-flash,domain_evidence,1,psychological,psychological,"Multiple neurocognitive domains, including attention, executive function, learning, and memory, have been commonly associated with chronic pain.","{""domain"": ""psychological"", ""coverage_level"": ""elaborated"", ""constructs_named"": [""attention"", ""executive function"", ""learning"", ""memory"", ""perceptual-motor function"", ""processing speed"", ""response inhibition"", ""selective attention""], ""evidence_verbatim"": ""Multiple neurocognitive domains, including attention, executive function, learning, and memory, have been commonly associated with chronic pain."", ""section_located"": ""abstract""}"
F042_40508951,DeepSeek-V4-Flash,deepseek/deepseek-v4-flash,domain_evidence,2,social,social,chronic pain interferes with an individual’s daily functioning and quality of life,"{""domain"": ""social"", ""coverage_level"": ""minimal"", ""constructs_named"": [""activities of daily living"", ""quality of life"", ""daily functioning""], ""evidence_verbatim"": ""chronic pain interferes with an individual’s daily functioning and quality of life"", ""section_located"": ""introduction""}"
F042_40508951,DeepSeek-V4-Flash,deepseek/deepseek-v4-flash,psychological_concepts,0,neurocognitive functions,neurocognitive functions,"it refers to the mental processes involved in interpreting, planning, and carrying out actions within a specific context","{""concept_label"": ""neurocognitive functions"", ""definitional_status"": ""formally_defined"", ""definition_verbatim"": ""it refers to the mental processes involved in interpreting, planning, and carrying out actions within a specific context"", ""section_located"": ""introduction""}"
F042_40508951,DeepSeek-V4-Flash,deepseek/deepseek-v4-flash,psychological_concepts,1,attention,attention,,"{""concept_label"": ""attention"", ""definitional_status"": ""named_only"", ""definition_verbatim"": """", ""section_located"": ""abstract""}"
F042_40508951,DeepSeek-V4-Flash,deepseek/deepseek-v4-flash,psychological_concepts,2,executive function,executive function,,"{""concept_label"": ""executive function"", ""definitional_status"": ""named_only"", ""definition_verbatim"": """", ""section_located"": ""abstract""}"
F042_40508951,DeepSeek-V4-Flash,deepseek/deepseek-v4-flash,psychological_concepts,3,learning,learning,,"{""concept_label"": ""learning"", ""definitional_status"": ""named_only"", ""definition_verbatim"": """", ""section_located"": ""abstract""}"
F042_40508951,DeepSeek-V4-Flash,deepseek/deepseek-v4-flash,psychological_concepts,4,memory,memory,,"{""concept_label"": ""memory"", ""definitional_status"": ""named_only"", ""definition_verbatim"": """", ""section_located"": ""abstract""}"
F042_40508951,DeepSeek-V4-Flash,deepseek/deepseek-v4-flash,psychological_concepts,5,perceptual-motor function,perceptual-motor function,,"{""concept_label"": ""perceptual-motor function"", ""definitional_status"": ""named_only"", ""definition_verbatim"": """", ""section_located"": ""introduction""}"
F042_40508951,DeepSeek-V4-Flash,deepseek/deepseek-v4-flash,psychological_concepts,6,processing speed,processing speed,,"{""concept_label"": ""processing speed"", ""definitional_status"": ""named_only"", ""definition_verbatim"": """", ""section_located"": ""introduction""}"
F042_40508951,DeepSeek-V4-Flash,deepseek/deepseek-v4-flash,psychological_concepts,7,response inhibition,response inhibition,,"{""concept_label"": ""response inhibition"", ""definitional_status"": ""named_only"", ""definition_verbatim"": """", ""section_located"": ""introduction""}"
F042_40508951,DeepSeek-V4-Flash,deepseek/deepseek-v4-flash,psychological_concepts,8,selective attention,selective attention,,"{""concept_label"": ""selective attention"", ""definitional_status"": ""named_only"", ""definition_verbatim"": """", ""section_located"": ""introduction""}"
F042_40508951,DeepSeek-V4-Flash,deepseek/deepseek-v4-flash,psychological_concepts,9,pain-related cognition,pain-related cognition,,"{""concept_label"": ""pain-related cognition"", ""definitional_status"": ""named_only"", ""definition_verbatim"": """", ""section_located"": ""results""}"
F042_40508951,DeepSeek-V4-Flash,deepseek/deepseek-v4-flash,psychological_concepts,10,pain-related anxiety,pain-related anxiety,,"{""concept_label"": ""pain-related anxiety"", ""definitional_status"": ""named_only"", ""definition_verbatim"": """", ""section_located"": ""results""}"
F042_40508951,DeepSeek-V4-Flash,deepseek/deepseek-v4-flash,psychological_concepts,11,negative affect,negative affect,,"{""concept_label"": ""negative affect"", ""definitional_status"": ""named_only"", ""definition_verbatim"": """", ""section_located"": ""results""}"
F042_40508951,DeepSeek-V4-Flash,deepseek/deepseek-v4-flash,psychological_concepts,12,fear of movement,fear of movement,,"{""concept_label"": ""fear of movement"", ""definitional_status"": ""named_only"", ""definition_verbatim"": """", ""section_located"": ""results""}"
F042_40508951,DeepSeek-V4-Flash,deepseek/deepseek-v4-flash,theoretical_frameworks,0,Triple network model,triple network model,"According to the “Triple network model” of De Ridder et al. (2022), the embodied pain experience may subsequently lead to physical and cognitive disability, likely being mediated through neuroplastic brain changes","{""framework_label"": ""Triple network model"", ""role"": ""mentioned in passing"", ""framework_verbatim"": ""According to the “Triple network model” of De Ridder et al. (2022), the embodied pain experience may subsequently lead to physical and cognitive disability, likely being mediated through neuroplastic brain changes""}"
F042_40508951,DeepSeek-V4-Flash,deepseek/deepseek-v4-flash,theoretical_frameworks,1,close-loop perception theory,close-loop perception theory,"the “close-loop perception” theory offers insight into how organisms acquire information from the environment, emphasizing that action plays a critical role in perception","{""framework_label"": ""close-loop perception theory"", ""role"": ""mentioned in passing"", ""framework_verbatim"": ""the “close-loop perception” theory offers insight into how organisms acquire information from the environment, emphasizing that action plays a critical role in perception""}"
F042_40508951,DeepSeek-V4-Flash,deepseek/deepseek-v4-flash,theoretical_frameworks,2,transdiagnostic approach,transdiagnostic approach,an emerging “transdiagnostic” approach postulates that certain “vulnerability factors” contribute to the development and maintenance of various observed symptoms,"{""framework_label"": ""transdiagnostic approach"", ""role"": ""organizing framework"", ""framework_verbatim"": ""an emerging “transdiagnostic” approach postulates that certain “vulnerability factors” contribute to the development and maintenance of various observed symptoms""}"
F042_40508951,DeepSeek-V4-Flash,deepseek/deepseek-v4-flash,conceptual_problems,0,missing_social,missing_social,"Within the multiple biopsychosocial factors affected in people living with chronic pain, neurocognitive impairments represent a significant but often under-recognized aspect","{""problem_type"": ""missing_social"", ""problem_verbatim"": ""Within the multiple biopsychosocial factors affected in people living with chronic pain, neurocognitive impairments represent a significant but often under-recognized aspect"", ""note"": ""Social domain is mentioned only as daily functioning and quality of life, not developed.""}"
F042_40508951,DeepSeek-V4-Flash,deepseek/deepseek-v4-flash,conceptual_problems,1,parallel_listing_without_integration,parallel_listing_without_integration,"the relationship between chronic pain and neurocognitive impairment is multifactorial, involving multiple direct and indirect mechanisms","{""problem_type"": ""parallel_listing_without_integration"", ""problem_verbatim"": ""the relationship between chronic pain and neurocognitive impairment is multifactorial, involving multiple direct and indirect mechanisms"", ""note"": ""Domains listed but no triadic integration; biological and psychological are linked directionally, social absent.""}"
F042_40508951,DeepSeek-V4-Flash,deepseek/deepseek-v4-flash,key_quotes,0,definitional,definitional,Pain is a complex experience involving deeply interconnected biopsychosocial dimensions,"{""claim_verbatim"": ""Pain is a complex experience involving deeply interconnected biopsychosocial dimensions"", ""claim_type"": ""definitional"", ""section_located"": ""introduction"", ""why_it_matters"": ""Sets up BPS framing but the review does not operationalize all three domains substantively.""}"
F042_40508951,DeepSeek-V4-Flash,deepseek/deepseek-v4-flash,key_quotes,1,theoretical,theoretical,"the relationship between chronic pain and neurocognitive impairment is multifactorial, involving multiple direct and indirect mechanisms","{""claim_verbatim"": ""the relationship between chronic pain and neurocognitive impairment is multifactorial, involving multiple direct and indirect mechanisms"", ""claim_type"": ""theoretical"", ""section_located"": ""introduction"", ""why_it_matters"": ""Acknowledges multifactorial nature but does not specify cross-domain mechanisms.""}"
F042_40508951,DeepSeek-V4-Flash,deepseek/deepseek-v4-flash,key_quotes,2,integrative,integrative,"XR-targeted experiences may exert their therapeutic effects by triggering activity in brain regions involved in the descending pain modulation system, which is mediated by attention, emotion, and memory","{""claim_verbatim"": ""XR-targeted experiences may exert their therapeutic effects by triggering activity in brain regions involved in the descending pain modulation system, which is mediated by attention, emotion, and memory"", ""claim_type"": ""integrative"", ""section_located"": ""results"", ""why_it_matters"": ""Attempts bio-psych integration but remains directional without pathway detail.""}"
F043_40495824,DeepSeek-V4-Flash,deepseek/deepseek-v4-flash,integration_claims,0,bio_psych,bio_psych,"This model has also contributed to a better understanding of the mechanisms of central and peripheral sensitization, recognizing the role of psychosocial factors in the modulation of the painful experience","{""domains_linked"": ""bio_psych"", ""integration_level"": ""mentioned"", ""claim_verbatim"": ""This model has also contributed to a better understanding of the mechanisms of central and peripheral sensitization, recognizing the role of psychosocial factors in the modulation of the painful experience"", ""mechanism_note"": ""No pathway specified; psychosocial factors are said to modulate pain but no mechanism is given."", ""section_located"": ""discussion"", ""evidence_basis"": ""asserted""}"
F043_40495824,DeepSeek-V4-Flash,deepseek/deepseek-v4-flash,domain_evidence,0,biological,biological,"The alteration of the composition and viscoelasticity of the mesenchymal matrix, documented by Langevin et al., represents an important pathogenic mechanism in chronic pain that receives little consideration in the conventional bio-psycho-social model","{""domain"": ""biological"", ""coverage_level"": ""elaborated"", ""constructs_named"": [""extracellular matrix"", ""mesenchymal matrix"", ""central sensitization"", ""peripheral sensitization"", ""nociception"", ""low-grade chronic inflammation"", ""mitochondrial function"", ""oxidative stress""], ""evidence_verbatim"": ""The alteration of the composition and viscoelasticity of the mesenchymal matrix, documented by Langevin et al., represents an important pathogenic mechanism in chronic pain that receives little consideration in the conventional bio-psycho-social model"", ""section_located"": ""discussion""}"
F043_40495824,DeepSeek-V4-Flash,deepseek/deepseek-v4-flash,domain_evidence,1,psychological,psychological,"The psychological dimension in the bio-psycho-social model has received particular attention, with numerous studies documenting the impact of factors such as catastrophizing, fear of movement, depression, and anxiety on the experience of pain","{""domain"": ""psychological"", ""coverage_level"": ""mentioned"", ""constructs_named"": [""catastrophizing"", ""fear of movement"", ""depression"", ""anxiety"", ""beliefs"", ""expectations"", ""emotions""], ""evidence_verbatim"": ""The psychological dimension in the bio-psycho-social model has received particular attention, with numerous studies documenting the impact of factors such as catastrophizing, fear of movement, depression, and anxiety on the experience of pain"", ""section_located"": ""discussion""}"
F043_40495824,DeepSeek-V4-Flash,deepseek/deepseek-v4-flash,domain_evidence,2,social,social,"recent studies are beginning to document how factors such as social support, socioeconomic status, and disparities in access to care significantly influence both the incidence and prognosis of chronic pain conditions","{""domain"": ""social"", ""coverage_level"": ""minimal"", ""constructs_named"": [""social support"", ""socioeconomic status"", ""disparities in access to care""], ""evidence_verbatim"": ""recent studies are beginning to document how factors such as social support, socioeconomic status, and disparities in access to care significantly influence both the incidence and prognosis of chronic pain conditions"", ""section_located"": ""discussion""}"
F043_40495824,DeepSeek-V4-Flash,deepseek/deepseek-v4-flash,psychological_concepts,0,catastrophizing,catastrophizing,,"{""concept_label"": ""catastrophizing"", ""definitional_status"": ""named_only"", ""definition_verbatim"": """", ""section_located"": ""discussion""}"
F043_40495824,DeepSeek-V4-Flash,deepseek/deepseek-v4-flash,psychological_concepts,1,fear of movement,fear of movement,,"{""concept_label"": ""fear of movement"", ""definitional_status"": ""named_only"", ""definition_verbatim"": """", ""section_located"": ""discussion""}"
F043_40495824,DeepSeek-V4-Flash,deepseek/deepseek-v4-flash,psychological_concepts,2,depression,depression,,"{""concept_label"": ""depression"", ""definitional_status"": ""named_only"", ""definition_verbatim"": """", ""section_located"": ""discussion""}"
F043_40495824,DeepSeek-V4-Flash,deepseek/deepseek-v4-flash,psychological_concepts,3,anxiety,anxiety,,"{""concept_label"": ""anxiety"", ""definitional_status"": ""named_only"", ""definition_verbatim"": """", ""section_located"": ""discussion""}"
F043_40495824,DeepSeek-V4-Flash,deepseek/deepseek-v4-flash,theoretical_frameworks,0,biomedical model,biomedical model,"The biomedical model, based on the Cartesian paradigm of mind-body separation and biological reductionism, has represented the theoretical foundation of modern medicine","{""framework_label"": ""biomedical model"", ""role"": ""critiqued or rejected"", ""framework_verbatim"": ""The biomedical model, based on the Cartesian paradigm of mind-body separation and biological reductionism, has represented the theoretical foundation of modern medicine""}"
F043_40495824,DeepSeek-V4-Flash,deepseek/deepseek-v4-flash,theoretical_frameworks,1,bio-psycho-social model,bio-psycho-social model,"The bio-psycho-social model, proposed by George Engel in his article 'The Need for a New Medical Model: A Challenge for Biomedicine' published in Science in 1977, represented an attempt to overcome the limitations of the biomedical model","{""framework_label"": ""bio-psycho-social model"", ""role"": ""critiqued or rejected"", ""framework_verbatim"": ""The bio-psycho-social model, proposed by George Engel in his article 'The Need for a New Medical Model: A Challenge for Biomedicine' published in Science in 1977, represented an attempt to overcome the limitations of the biomedical model""}"
F043_40495824,DeepSeek-V4-Flash,deepseek/deepseek-v4-flash,theoretical_frameworks,2,functional model (functional medicine),functional model (functional medicine),"The 'functional model', derived from functional medicine, offers a complementary perspective that could fill the gaps of previous models","{""framework_label"": ""functional model (functional medicine)"", ""role"": ""extended or revised"", ""framework_verbatim"": ""The 'functional model', derived from functional medicine, offers a complementary perspective that could fill the gaps of previous models""}"
F043_40495824,DeepSeek-V4-Flash,deepseek/deepseek-v4-flash,theoretical_frameworks,3,gate theory,gate theory,"as highlighted by Melzack and Wall since 1965 in their gate theory, the perception of pain necessarily implies a subjective experiential component","{""framework_label"": ""gate theory"", ""role"": ""mentioned in passing"", ""framework_verbatim"": ""as highlighted by Melzack and Wall since 1965 in their gate theory, the perception of pain necessarily implies a subjective experiential component""}"
F043_40495824,DeepSeek-V4-Flash,deepseek/deepseek-v4-flash,theoretical_frameworks,4,terrain theory (Claude Bernard),terrain theory (claude bernard),"the French physiologist Claude Bernard, who already in the 19th century proposed the revolutionary 'terrain theory' (milieu intérieur)","{""framework_label"": ""terrain theory (Claude Bernard)"", ""role"": ""mentioned in passing"", ""framework_verbatim"": ""the French physiologist Claude Bernard, who already in the 19th century proposed the revolutionary 'terrain theory' (milieu intérieur)""}"
F043_40495824,DeepSeek-V4-Flash,deepseek/deepseek-v4-flash,conceptual_problems,0,missing_social,missing_social,"the model theoretically recognizes the importance of social factors, in clinical practice and research these aspects are often neglected or considered marginal","{""problem_type"": ""missing_social"", ""problem_verbatim"": ""the model theoretically recognizes the importance of social factors, in clinical practice and research these aspects are often neglected or considered marginal"", ""note"": ""Paper notes social domain is neglected in BPS model but does not integrate it itself.""}"
F043_40495824,DeepSeek-V4-Flash,deepseek/deepseek-v4-flash,conceptual_problems,1,parallel_listing_without_integration,parallel_listing_without_integration,the biological dimension would include... The psychological dimension would continue to consider... The functional dimension would emphasize... The social dimension would maintain,"{""problem_type"": ""parallel_listing_without_integration"", ""problem_verbatim"": ""the biological dimension would include... The psychological dimension would continue to consider... The functional dimension would emphasize... The social dimension would maintain"", ""note"": ""Four dimensions listed in parallel with no relational claims among them.""}"
F043_40495824,DeepSeek-V4-Flash,deepseek/deepseek-v4-flash,key_quotes,0,critical or problematizing,critical or problematizing,"The bio-psycho-social model, while representing a significant advancement over the traditional biomedical paradigm, presents important conceptual and practical limitations that deserve in-depth analysis","{""claim_verbatim"": ""The bio-psycho-social model, while representing a significant advancement over the traditional biomedical paradigm, presents important conceptual and practical limitations that deserve in-depth analysis"", ""claim_type"": ""critical or problematizing"", ""section_located"": ""discussion"", ""why_it_matters"": ""Shows the paper's stance that BPS model is insufficient despite its merits.""}"
F043_40495824,DeepSeek-V4-Flash,deepseek/deepseek-v4-flash,key_quotes,1,theoretical,theoretical,"We propose a bio-psycho-functional-social model, which embraces the complexity of chronic pain in all its facets","{""claim_verbatim"": ""We propose a bio-psycho-functional-social model, which embraces the complexity of chronic pain in all its facets"", ""claim_type"": ""theoretical"", ""section_located"": ""conclusion"", ""why_it_matters"": ""Central proposal of the paper: adding a 'functional' dimension to BPS.""}"
F044_40473903,DeepSeek-V4-Flash,deepseek/deepseek-v4-flash,integration_claims,0,bio_psych,bio_psych,"spirituality and hope are related to lower levels of cytokines and other inflammatory markers, serving as a protective factor against pain","{""domains_linked"": ""bio_psych"", ""integration_level"": ""directional"", ""claim_verbatim"": ""spirituality and hope are related to lower levels of cytokines and other inflammatory markers, serving as a protective factor against pain"", ""mechanism_note"": ""Asserts a protective association between spirituality/hope and inflammatory markers, but no pathway specified."", ""section_located"": ""discussion"", ""evidence_basis"": ""cited_from_other_work""}"
F044_40473903,DeepSeek-V4-Flash,deepseek/deepseek-v4-flash,domain_evidence,0,biological,biological,"spirituality and hope are related to lower levels of cytokines and other inflammatory markers, serving as a protective factor against pain","{""domain"": ""biological"", ""coverage_level"": ""minimal"", ""constructs_named"": [""pain intensity"", ""analgesia"", ""inflammatory markers"", ""cytokines""], ""evidence_verbatim"": ""spirituality and hope are related to lower levels of cytokines and other inflammatory markers, serving as a protective factor against pain"", ""section_located"": ""discussion""}"
F044_40473903,DeepSeek-V4-Flash,deepseek/deepseek-v4-flash,domain_evidence,1,psychological,psychological,"The painful sensation is accompanied by anxiety, depression, fear, distress, etc., which are stressors that exacerbate the affective–emotional dimension of the patient, impacting their health","{""domain"": ""psychological"", ""coverage_level"": ""mentioned"", ""constructs_named"": [""anxiety"", ""depression"", ""fear"", ""distress"", ""hope"", ""coping"", ""catastrophizing"", ""positive affectivity""], ""evidence_verbatim"": ""The painful sensation is accompanied by anxiety, depression, fear, distress, etc., which are stressors that exacerbate the affective–emotional dimension of the patient, impacting their health"", ""section_located"": ""discussion""}"
F044_40473903,DeepSeek-V4-Flash,deepseek/deepseek-v4-flash,psychological_concepts,0,hope,hope,,"{""concept_label"": ""hope"", ""definitional_status"": ""named_only"", ""definition_verbatim"": """", ""section_located"": ""discussion""}"
F044_40473903,DeepSeek-V4-Flash,deepseek/deepseek-v4-flash,psychological_concepts,1,anxiety,anxiety,,"{""concept_label"": ""anxiety"", ""definitional_status"": ""named_only"", ""definition_verbatim"": """", ""section_located"": ""discussion""}"
F044_40473903,DeepSeek-V4-Flash,deepseek/deepseek-v4-flash,psychological_concepts,2,depression,depression,,"{""concept_label"": ""depression"", ""definitional_status"": ""named_only"", ""definition_verbatim"": """", ""section_located"": ""discussion""}"
F044_40473903,DeepSeek-V4-Flash,deepseek/deepseek-v4-flash,psychological_concepts,3,fear,fear,,"{""concept_label"": ""fear"", ""definitional_status"": ""named_only"", ""definition_verbatim"": """", ""section_located"": ""discussion""}"
F044_40473903,DeepSeek-V4-Flash,deepseek/deepseek-v4-flash,psychological_concepts,4,distress,distress,,"{""concept_label"": ""distress"", ""definitional_status"": ""named_only"", ""definition_verbatim"": """", ""section_located"": ""discussion""}"
F044_40473903,DeepSeek-V4-Flash,deepseek/deepseek-v4-flash,psychological_concepts,5,coping,coping,,"{""concept_label"": ""coping"", ""definitional_status"": ""named_only"", ""definition_verbatim"": """", ""section_located"": ""discussion""}"
F044_40473903,DeepSeek-V4-Flash,deepseek/deepseek-v4-flash,psychological_concepts,6,catastrophizing,catastrophizing,,"{""concept_label"": ""catastrophizing"", ""definitional_status"": ""named_only"", ""definition_verbatim"": """", ""section_located"": ""results""}"
F044_40473903,DeepSeek-V4-Flash,deepseek/deepseek-v4-flash,psychological_concepts,7,positive affectivity,positive affectivity,,"{""concept_label"": ""positive affectivity"", ""definitional_status"": ""named_only"", ""definition_verbatim"": """", ""section_located"": ""discussion""}"
F044_40473903,DeepSeek-V4-Flash,deepseek/deepseek-v4-flash,theoretical_frameworks,0,Theory of Human Caring (Jean Watson),theory of human caring (jean watson),"Among the various nursing theories that address the spiritual aspect of patient care, the Theory of Human Caring stands out","{""framework_label"": ""Theory of Human Caring (Jean Watson)"", ""role"": ""mentioned in passing"", ""framework_verbatim"": ""Among the various nursing theories that address the spiritual aspect of patient care, the Theory of Human Caring stands out""}"
F044_40473903,DeepSeek-V4-Flash,deepseek/deepseek-v4-flash,theoretical_frameworks,1,biopsychosocial model,biopsychosocial model,"new guidelines and definitions are broadening the definitions of pain, aiming to include other biopsychosocial dimensions","{""framework_label"": ""biopsychosocial model"", ""role"": ""mentioned in passing"", ""framework_verbatim"": ""new guidelines and definitions are broadening the definitions of pain, aiming to include other biopsychosocial dimensions""}"
F044_40473903,DeepSeek-V4-Flash,deepseek/deepseek-v4-flash,theoretical_frameworks,2,biopsychosocial–spiritual model,biopsychosocial–spiritual model,"the findings of this study, within the biopsychosocial–spiritual perspective of pain, corroborate to the influence of spirituality in different aspects of pain","{""framework_label"": ""biopsychosocial–spiritual model"", ""role"": ""organizing framework"", ""framework_verbatim"": ""the findings of this study, within the biopsychosocial–spiritual perspective of pain, corroborate to the influence of spirituality in different aspects of pain""}"
F044_40473903,DeepSeek-V4-Flash,deepseek/deepseek-v4-flash,conceptual_problems,0,tokenistic_bps,tokenistic_bps,"the approach to pain has always been relegated to the application of analgesics, without addressing the biopsychosocial concept of pain, thus enhancing the spiritual aspect","{""problem_type"": ""tokenistic_bps"", ""problem_verbatim"": ""the approach to pain has always been relegated to the application of analgesics, without addressing the biopsychosocial concept of pain, thus enhancing the spiritual aspect"", ""note"": ""BPS label used but no substantive biological, psychological, or social content integrated.""}"
F044_40473903,DeepSeek-V4-Flash,deepseek/deepseek-v4-flash,conceptual_problems,1,missing_social,missing_social,,"{""problem_type"": ""missing_social"", ""problem_verbatim"": """", ""note"": ""Social domain is entirely absent from the review's content.""}"
F044_40473903,DeepSeek-V4-Flash,deepseek/deepseek-v4-flash,conceptual_problems,2,parallel_listing_without_integration,parallel_listing_without_integration,,"{""problem_type"": ""parallel_listing_without_integration"", ""problem_verbatim"": """", ""note"": ""Domains are listed but not related to each other; only one directional claim between bio and psych.""}"
F044_40473903,DeepSeek-V4-Flash,deepseek/deepseek-v4-flash,key_quotes,0,theoretical,theoretical,"the findings of this study, within the biopsychosocial–spiritual perspective of pain, corroborate to the influence of spirituality in different aspects of pain","{""claim_verbatim"": ""the findings of this study, within the biopsychosocial–spiritual perspective of pain, corroborate to the influence of spirituality in different aspects of pain"", ""claim_type"": ""theoretical"", ""section_located"": ""discussion"", ""why_it_matters"": ""Shows the paper frames itself within a BPS-spiritual model but does not operationalize it.""}"
F044_40473903,DeepSeek-V4-Flash,deepseek/deepseek-v4-flash,key_quotes,1,integrative,integrative,"spirituality and hope are related to lower levels of cytokines and other inflammatory markers, serving as a protective factor against pain","{""claim_verbatim"": ""spirituality and hope are related to lower levels of cytokines and other inflammatory markers, serving as a protective factor against pain"", ""claim_type"": ""integrative"", ""section_located"": ""discussion"", ""why_it_matters"": ""Only cross-domain claim in the paper, linking psychological/spiritual to biological.""}"
F044_40473903,DeepSeek-V4-Flash,deepseek/deepseek-v4-flash,key_quotes,2,critical or problematizing,critical or problematizing,"Most pain scales were not originally designed to investigate spiritual pain, assessing indirectly items related to spirituality such as suffering, hope and meaning","{""claim_verbatim"": ""Most pain scales were not originally designed to investigate spiritual pain, assessing indirectly items related to spirituality such as suffering, hope and meaning"", ""claim_type"": ""critical or problematizing"", ""section_located"": ""conclusion"", ""why_it_matters"": ""Central finding of the scoping review regarding spirituality assessment.""}"
F045_39629040,DeepSeek-V4-Flash,deepseek/deepseek-v4-flash,integration_claims,0,bio_psych,bio_psych,"By linking physiology with psychology, their theory revolutionized pain research and shed light on the intricate interplay between sensory and psychological factors in pain perception.","{""domains_linked"": ""bio_psych"", ""integration_level"": ""mentioned"", ""claim_verbatim"": ""By linking physiology with psychology, their theory revolutionized pain research and shed light on the intricate interplay between sensory and psychological factors in pain perception."", ""mechanism_note"": ""No pathway specified; only a general interplay is noted."", ""section_located"": ""introduction"", ""evidence_basis"": ""theorized""}"
F045_39629040,DeepSeek-V4-Flash,deepseek/deepseek-v4-flash,domain_evidence,0,biological,biological,"This review delves into the intricate biological underpinnings of pain perception. It encompasses nociceptive signaling pathways, the molecular mechanisms involved, and the subjective experience of discomfort in humans.","{""domain"": ""biological"", ""coverage_level"": ""elaborated"", ""constructs_named"": [""nociceptor transduction"", ""ion channels"", ""neuropeptides"", ""neurotransmitters"", ""peripheral sensitization"", ""central sensitization"", ""neuroplasticity"", ""pain genomics""], ""evidence_verbatim"": ""This review delves into the intricate biological underpinnings of pain perception. It encompasses nociceptive signaling pathways, the molecular mechanisms involved, and the subjective experience of discomfort in humans."", ""section_located"": ""abstract""}"
F045_39629040,DeepSeek-V4-Flash,deepseek/deepseek-v4-flash,domain_evidence,1,psychological,psychological,"Melzack and Wall's work was particularly significant because it emphasized how emotions, cognitive state, and past experiences influence this gating process.","{""domain"": ""psychological"", ""coverage_level"": ""minimal"", ""constructs_named"": [""emotions"", ""cognitive state"", ""past experiences"", ""mood"", ""affect"", ""behavioral regulation""], ""evidence_verbatim"": ""Melzack and Wall's work was particularly significant because it emphasized how emotions, cognitive state, and past experiences influence this gating process."", ""section_located"": ""introduction""}"
F045_39629040,DeepSeek-V4-Flash,deepseek/deepseek-v4-flash,psychological_concepts,0,emotions,emotions,,"{""concept_label"": ""emotions"", ""definitional_status"": ""named_only"", ""definition_verbatim"": """", ""section_located"": ""introduction""}"
F045_39629040,DeepSeek-V4-Flash,deepseek/deepseek-v4-flash,psychological_concepts,1,cognitive state,cognitive state,,"{""concept_label"": ""cognitive state"", ""definitional_status"": ""named_only"", ""definition_verbatim"": """", ""section_located"": ""introduction""}"
F045_39629040,DeepSeek-V4-Flash,deepseek/deepseek-v4-flash,psychological_concepts,2,past experiences,past experiences,,"{""concept_label"": ""past experiences"", ""definitional_status"": ""named_only"", ""definition_verbatim"": """", ""section_located"": ""introduction""}"
F045_39629040,DeepSeek-V4-Flash,deepseek/deepseek-v4-flash,psychological_concepts,3,mood,mood,,"{""concept_label"": ""mood"", ""definitional_status"": ""named_only"", ""definition_verbatim"": """", ""section_located"": ""results""}"
F045_39629040,DeepSeek-V4-Flash,deepseek/deepseek-v4-flash,psychological_concepts,4,affect,affect,,"{""concept_label"": ""affect"", ""definitional_status"": ""named_only"", ""definition_verbatim"": """", ""section_located"": ""results""}"
F045_39629040,DeepSeek-V4-Flash,deepseek/deepseek-v4-flash,psychological_concepts,5,behavioral regulation,behavioral regulation,,"{""concept_label"": ""behavioral regulation"", ""definitional_status"": ""named_only"", ""definition_verbatim"": """", ""section_located"": ""results""}"
F045_39629040,DeepSeek-V4-Flash,deepseek/deepseek-v4-flash,theoretical_frameworks,0,Gate control theory of pain,gate control theory of pain,"In 1965, Melzack and Wall's groundbreaking work introduced a new framework for understanding pain perception. They questioned the existing linear model... instead, they proposed a 'gate control' mechanism situated within the dorsal horn of the spinal cord.","{""framework_label"": ""Gate control theory of pain"", ""role"": ""organizing framework"", ""framework_verbatim"": ""In 1965, Melzack and Wall's groundbreaking work introduced a new framework for understanding pain perception. They questioned the existing linear model... instead, they proposed a 'gate control' mechanism situated within the dorsal horn of the spinal cord.""}"
F045_39629040,DeepSeek-V4-Flash,deepseek/deepseek-v4-flash,theoretical_frameworks,1,biopsychosocial model,biopsychosocial model,The overarching objective is to establish an integrative framework for precision medicine in pain management by incorporating this information alongside biopsychosocial models.,"{""framework_label"": ""biopsychosocial model"", ""role"": ""mentioned in passing"", ""framework_verbatim"": ""The overarching objective is to establish an integrative framework for precision medicine in pain management by incorporating this information alongside biopsychosocial models.""}"
F045_39629040,DeepSeek-V4-Flash,deepseek/deepseek-v4-flash,conceptual_problems,0,missing_social,missing_social,The overarching objective is to establish an integrative framework for precision medicine in pain management by incorporating this information alongside biopsychosocial models.,"{""problem_type"": ""missing_social"", ""problem_verbatim"": ""The overarching objective is to establish an integrative framework for precision medicine in pain management by incorporating this information alongside biopsychosocial models."", ""note"": ""BPS label used but no social domain content anywhere in the review.""}"
F045_39629040,DeepSeek-V4-Flash,deepseek/deepseek-v4-flash,conceptual_problems,1,tokenistic_bps,tokenistic_bps,The overarching objective is to establish an integrative framework for precision medicine in pain management by incorporating this information alongside biopsychosocial models.,"{""problem_type"": ""tokenistic_bps"", ""problem_verbatim"": ""The overarching objective is to establish an integrative framework for precision medicine in pain management by incorporating this information alongside biopsychosocial models."", ""note"": ""BPS mentioned only once in abstract, no substantive integration.""}"
F045_39629040,DeepSeek-V4-Flash,deepseek/deepseek-v4-flash,key_quotes,0,definitional,definitional,"This review delves into the intricate biological underpinnings of pain perception. It encompasses nociceptive signaling pathways, the molecular mechanisms involved, and the subjective experience of discomfort in humans.","{""claim_verbatim"": ""This review delves into the intricate biological underpinnings of pain perception. It encompasses nociceptive signaling pathways, the molecular mechanisms involved, and the subjective experience of discomfort in humans."", ""claim_type"": ""definitional"", ""section_located"": ""abstract"", ""why_it_matters"": ""Establishes the review's primary focus on biology, with minimal psychological and no social content.""}"
F045_39629040,DeepSeek-V4-Flash,deepseek/deepseek-v4-flash,key_quotes,1,theoretical,theoretical,The overarching objective is to establish an integrative framework for precision medicine in pain management by incorporating this information alongside biopsychosocial models.,"{""claim_verbatim"": ""The overarching objective is to establish an integrative framework for precision medicine in pain management by incorporating this information alongside biopsychosocial models."", ""claim_type"": ""theoretical"", ""section_located"": ""abstract"", ""why_it_matters"": ""Only mention of BPS model; used rhetorically without operationalization.""}"
F045_39629040,DeepSeek-V4-Flash,deepseek/deepseek-v4-flash,key_quotes,2,integrative,integrative,"By linking physiology with psychology, their theory revolutionized pain research and shed light on the intricate interplay between sensory and psychological factors in pain perception.","{""claim_verbatim"": ""By linking physiology with psychology, their theory revolutionized pain research and shed light on the intricate interplay between sensory and psychological factors in pain perception."", ""claim_type"": ""integrative"", ""section_located"": ""introduction"", ""why_it_matters"": ""Only integrative claim; vague interplay without mechanism.""}"
F046_39624230,DeepSeek-V4-Flash,deepseek/deepseek-v4-flash,integration_claims,0,bio_psych,bio_psych,"A key neurobiological mechanism by which catastrophizing influences pain circuitry involves prolonged HPA axis activation and increased cortisol secretion, which establish a primed physiological stress response that is easily activated.","{""domains_linked"": ""bio_psych"", ""integration_level"": ""mechanistic"", ""claim_verbatim"": ""A key neurobiological mechanism by which catastrophizing influences pain circuitry involves prolonged HPA axis activation and increased cortisol secretion, which establish a primed physiological stress response that is easily activated."", ""mechanism_note"": ""Catastrophizing leads to HPA axis activation and cortisol secretion, which primes physiological stress response."", ""section_located"": ""results"", ""evidence_basis"": ""theorized""}"
F046_39624230,DeepSeek-V4-Flash,deepseek/deepseek-v4-flash,integration_claims,1,bio_psych,bio_psych,"Pain hypervigilance... may also interact with central sensitization by strengthening facilitatory connections between the anterior cingulate cortex... and the PAG, a key component of the descending pain modulation pathway.","{""domains_linked"": ""bio_psych"", ""integration_level"": ""mechanistic"", ""claim_verbatim"": ""Pain hypervigilance... may also interact with central sensitization by strengthening facilitatory connections between the anterior cingulate cortex... and the PAG, a key component of the descending pain modulation pathway."", ""mechanism_note"": ""Hypervigilance strengthens neural connections that facilitate descending pain modulation."", ""section_located"": ""results"", ""evidence_basis"": ""theorized""}"
F046_39624230,DeepSeek-V4-Flash,deepseek/deepseek-v4-flash,integration_claims,2,bio_psych,bio_psych,The presence of stress may compound the situation by reinforcing dopaminergic pathway dysregulation. One study showed that prolonged psychosocial stress impairs dopaminergic activity by reducing dopamine production capacity in the limbic striatum.,"{""domains_linked"": ""bio_psych"", ""integration_level"": ""mechanistic"", ""claim_verbatim"": ""The presence of stress may compound the situation by reinforcing dopaminergic pathway dysregulation. One study showed that prolonged psychosocial stress impairs dopaminergic activity by reducing dopamine production capacity in the limbic striatum."", ""mechanism_note"": ""Psychosocial stress impairs dopamine production, altering physiological and psychological stress responses."", ""section_located"": ""results"", ""evidence_basis"": ""empirically_supported""}"
F046_39624230,DeepSeek-V4-Flash,deepseek/deepseek-v4-flash,integration_claims,3,psych_social,psych_social,"The reactions of others, whether supportive/""positive"" or critical/""negative"", can have a strong influence on cognition and emotional states, and thus affect pain perception.","{""domains_linked"": ""psych_social"", ""integration_level"": ""directional"", ""claim_verbatim"": ""The reactions of others, whether supportive/\""positive\"" or critical/\""negative\"", can have a strong influence on cognition and emotional states, and thus affect pain perception."", ""mechanism_note"": ""Social reactions influence cognition and emotion, which then affect pain perception."", ""section_located"": ""results"", ""evidence_basis"": ""theorized""}"
F046_39624230,DeepSeek-V4-Flash,deepseek/deepseek-v4-flash,integration_claims,4,bio_social,bio_social,Socioeconomic deprivation and low socioeconomic (SES) status... are consistently found to be associated with higher prevalence of pain and greater pain-related disability.,"{""domains_linked"": ""bio_social"", ""integration_level"": ""directional"", ""claim_verbatim"": ""Socioeconomic deprivation and low socioeconomic (SES) status... are consistently found to be associated with higher prevalence of pain and greater pain-related disability."", ""mechanism_note"": ""SES is associated with pain prevalence and disability, but no pathway specified."", ""section_located"": ""results"", ""evidence_basis"": ""empirically_supported""}"
F046_39624230,DeepSeek-V4-Flash,deepseek/deepseek-v4-flash,integration_claims,5,bio_social,bio_social,"Chronic stress can promote obesity by persistently activating the HPA axis, triggering changes in brain reward processing, as well as the gut microbiome.","{""domains_linked"": ""bio_social"", ""integration_level"": ""directional"", ""claim_verbatim"": ""Chronic stress can promote obesity by persistently activating the HPA axis, triggering changes in brain reward processing, as well as the gut microbiome."", ""mechanism_note"": ""Stress activates HPA axis and alters reward processing, leading to obesity which affects pain."", ""section_located"": ""results"", ""evidence_basis"": ""theorized""}"
F046_39624230,DeepSeek-V4-Flash,deepseek/deepseek-v4-flash,integration_claims,6,triadic,triadic,"These mutually reinforcing effects can perpetuate a ""vicious cycle"" of interference with daily activities, reduced QoL, functional limitation, and disability. This cycle is sustained through the interaction of several maladaptive physiological mechanisms, cognitive responses, and social/environmental factors.","{""domains_linked"": ""triadic"", ""integration_level"": ""mentioned"", ""claim_verbatim"": ""These mutually reinforcing effects can perpetuate a \""vicious cycle\"" of interference with daily activities, reduced QoL, functional limitation, and disability. This cycle is sustained through the interaction of several maladaptive physiological mechanisms, cognitive responses, and social/environmental factors."", ""mechanism_note"": ""Physiological, cognitive, and social factors interact to sustain the cycle, but no specific three-domain pathway is given."", ""section_located"": ""results"", ""evidence_basis"": ""theorized""}"
F046_39624230,DeepSeek-V4-Flash,deepseek/deepseek-v4-flash,domain_evidence,0,biological,biological,"Major physiological processes implicated in pain persistence include maladaptive neuroplasticity, neuroendocrine dysfunction, and chronic inflammation.","{""domain"": ""biological"", ""coverage_level"": ""elaborated"", ""constructs_named"": [""maladaptive neuroplasticity"", ""central sensitization"", ""amygdala plasticity"", ""hpa axis dysfunction"", ""cortisol dysregulation"", ""neurotransmitter imbalances"", ""dopamine"", ""serotonin""], ""evidence_verbatim"": ""Major physiological processes implicated in pain persistence include maladaptive neuroplasticity, neuroendocrine dysfunction, and chronic inflammation."", ""section_located"": ""results""}"
F046_39624230,DeepSeek-V4-Flash,deepseek/deepseek-v4-flash,domain_evidence,1,psychological,psychological,"The fear-avoidance model describes this process, linking psychological factors, such as negative affectivity, negative appraisal, or anxiety, to an individual's perception of and/or reactions to pain.","{""domain"": ""psychological"", ""coverage_level"": ""elaborated"", ""constructs_named"": [""fear avoidance"", ""catastrophizing"", ""hypervigilance"", ""pain anticipation"", ""kinesiophobia"", ""negative affectivity"", ""rumination"", ""maladaptive beliefs""], ""evidence_verbatim"": ""The fear-avoidance model describes this process, linking psychological factors, such as negative affectivity, negative appraisal, or anxiety, to an individual's perception of and/or reactions to pain."", ""section_located"": ""results""}"
F046_39624230,DeepSeek-V4-Flash,deepseek/deepseek-v4-flash,domain_evidence,2,social,social,"Social, lifestyle, and environmental factors that can influence the experience and/or impact of pain include socioeconomic deprivation, lack of social support and isolation, obesity, physical inactivity, substance use (e.g., smoking or alcohol), and sleep disorders.","{""domain"": ""social"", ""coverage_level"": ""elaborated"", ""constructs_named"": [""socioeconomic deprivation"", ""low socioeconomic status"", ""social support"", ""social isolation"", ""racial and ethnic disparities"", ""work-related stress"", ""lifestyle factors"", ""obesity""], ""evidence_verbatim"": ""Social, lifestyle, and environmental factors that can influence the experience and/or impact of pain include socioeconomic deprivation, lack of social support and isolation, obesity, physical inactivity, substance use (e.g., smoking or alcohol), and sleep disorders."", ""section_located"": ""results""}"
F046_39624230,DeepSeek-V4-Flash,deepseek/deepseek-v4-flash,psychological_concepts,0,fear-avoidance,fear-avoidance,"The fear-avoidance model describes this process, linking psychological factors, such as negative affectivity, negative appraisal, or anxiety, to an individual's perception of and/or reactions to pain.","{""concept_label"": ""fear-avoidance"", ""definitional_status"": ""operationalized_only"", ""definition_verbatim"": ""The fear-avoidance model describes this process, linking psychological factors, such as negative affectivity, negative appraisal, or anxiety, to an individual's perception of and/or reactions to pain."", ""section_located"": ""results""}"
F046_39624230,DeepSeek-V4-Flash,deepseek/deepseek-v4-flash,psychological_concepts,1,catastrophizing,catastrophizing,"Pain catastrophizing refers to exaggerated negative responses to an actual or anticipated pain stimulus/threat, including magnified perception of pain, excessive rumination, and feelings of helplessness or inability to cope with pain.","{""concept_label"": ""catastrophizing"", ""definitional_status"": ""formally_defined"", ""definition_verbatim"": ""Pain catastrophizing refers to exaggerated negative responses to an actual or anticipated pain stimulus/threat, including magnified perception of pain, excessive rumination, and feelings of helplessness or inability to cope with pain."", ""section_located"": ""results""}"
F046_39624230,DeepSeek-V4-Flash,deepseek/deepseek-v4-flash,psychological_concepts,2,hypervigilance,hypervigilance,"Pain hypervigilance, which describes a state of excessive attention and sensitivity to pain and associated sensory input, has been linked to decreased pain thresholds and increased pain sensitivity.","{""concept_label"": ""hypervigilance"", ""definitional_status"": ""formally_defined"", ""definition_verbatim"": ""Pain hypervigilance, which describes a state of excessive attention and sensitivity to pain and associated sensory input, has been linked to decreased pain thresholds and increased pain sensitivity."", ""section_located"": ""results""}"
F046_39624230,DeepSeek-V4-Flash,deepseek/deepseek-v4-flash,psychological_concepts,3,kinesiophobia,kinesiophobia,"Kinesiophobia (""fear of movement"") is a condition characterized by an overwhelming, irrational and incapacitating fear of engaging in physical activity, arising from the fear of experiencing pain and injury.","{""concept_label"": ""kinesiophobia"", ""definitional_status"": ""formally_defined"", ""definition_verbatim"": ""Kinesiophobia (\""fear of movement\"") is a condition characterized by an overwhelming, irrational and incapacitating fear of engaging in physical activity, arising from the fear of experiencing pain and injury."", ""section_located"": ""results""}"
F046_39624230,DeepSeek-V4-Flash,deepseek/deepseek-v4-flash,psychological_concepts,4,pain anticipation,pain anticipation,Pain anticipation appears to enhance the functional connectivity between the anterior insula and the midcingulate cortex... even before the stimulus is presented.,"{""concept_label"": ""pain anticipation"", ""definitional_status"": ""operationalized_only"", ""definition_verbatim"": ""Pain anticipation appears to enhance the functional connectivity between the anterior insula and the midcingulate cortex... even before the stimulus is presented."", ""section_located"": ""results""}"
F046_39624230,DeepSeek-V4-Flash,deepseek/deepseek-v4-flash,theoretical_frameworks,0,fear-avoidance model,fear-avoidance model,"The fear-avoidance model describes this process, linking psychological factors, such as negative affectivity, negative appraisal, or anxiety, to an individual's perception of and/or reactions to pain.","{""framework_label"": ""fear-avoidance model"", ""role"": ""organizing framework"", ""framework_verbatim"": ""The fear-avoidance model describes this process, linking psychological factors, such as negative affectivity, negative appraisal, or anxiety, to an individual's perception of and/or reactions to pain.""}"
F046_39624230,DeepSeek-V4-Flash,deepseek/deepseek-v4-flash,theoretical_frameworks,1,communal coping model (CCM),communal coping model (ccm),The communal coping model (CCM) offers a useful framework for understanding how the social environment influences the individual's emotional and cognitive processing and their coping strategies in the presence of pain.,"{""framework_label"": ""communal coping model (CCM)"", ""role"": ""mentioned in passing"", ""framework_verbatim"": ""The communal coping model (CCM) offers a useful framework for understanding how the social environment influences the individual's emotional and cognitive processing and their coping strategies in the presence of pain.""}"
F046_39624230,DeepSeek-V4-Flash,deepseek/deepseek-v4-flash,theoretical_frameworks,2,allostasis and allostatic load,allostasis and allostatic load,"They maintain stability through physiological changes in response to physiological or psychological threats/challenges, a process termed allostasis. With overuse and dysregulation... allostatic load (""wear-and-tear"") may occur.","{""framework_label"": ""allostasis and allostatic load"", ""role"": ""organizing framework"", ""framework_verbatim"": ""They maintain stability through physiological changes in response to physiological or psychological threats/challenges, a process termed allostasis. With overuse and dysregulation... allostatic load (\""wear-and-tear\"") may occur.""}"
F046_39624230,DeepSeek-V4-Flash,deepseek/deepseek-v4-flash,theoretical_frameworks,3,pain matrix (Melzack and Casey; Garcia-Larrea and Peyron),pain matrix (melzack and casey; garcia-larrea and peyron),"The ""pain matrix"" concept was proposed by Melzack and Casey to integrate the sensory, emotional, and cognitive aspects of pain perception and processing.","{""framework_label"": ""pain matrix (Melzack and Casey; Garcia-Larrea and Peyron)"", ""role"": ""mentioned in passing"", ""framework_verbatim"": ""The \""pain matrix\"" concept was proposed by Melzack and Casey to integrate the sensory, emotional, and cognitive aspects of pain perception and processing.""}"
F046_39624230,DeepSeek-V4-Flash,deepseek/deepseek-v4-flash,theoretical_frameworks,4,yellow flag system,yellow flag system,"The ""yellow flag"" system originally proposed by Kendall for psychosocial assessment of patients with chronic pain helps identify psychological and other risk factors.","{""framework_label"": ""yellow flag system"", ""role"": ""mentioned in passing"", ""framework_verbatim"": ""The \""yellow flag\"" system originally proposed by Kendall for psychosocial assessment of patients with chronic pain helps identify psychological and other risk factors.""}"
F046_39624230,DeepSeek-V4-Flash,deepseek/deepseek-v4-flash,conceptual_problems,0,parallel_listing_without_integration,parallel_listing_without_integration,"These mutually reinforcing effects can perpetuate a ""vicious cycle""... sustained through the interaction of several maladaptive physiological mechanisms, cognitive responses, and social/environmental factors.","{""problem_type"": ""parallel_listing_without_integration"", ""problem_verbatim"": ""These mutually reinforcing effects can perpetuate a \""vicious cycle\""... sustained through the interaction of several maladaptive physiological mechanisms, cognitive responses, and social/environmental factors."", ""note"": ""Domains are listed as interacting but no specific three-domain pathway is specified.""}"
F046_39624230,DeepSeek-V4-Flash,deepseek/deepseek-v4-flash,key_quotes,0,integrative,integrative,"Evidence suggests that pain and stress not only feed into but exacerbate each other through a ""vicious cycle,"" driven by overlapping physiological, cognitive, and social mechanisms.","{""claim_verbatim"": ""Evidence suggests that pain and stress not only feed into but exacerbate each other through a \""vicious cycle,\"" driven by overlapping physiological, cognitive, and social mechanisms."", ""claim_type"": ""integrative"", ""section_located"": ""abstract"", ""why_it_matters"": ""This is the paper's central claim about the mutually reinforcing dynamics across domains.""}"
F046_39624230,DeepSeek-V4-Flash,deepseek/deepseek-v4-flash,key_quotes,1,integrative,integrative,A key neurobiological mechanism by which catastrophizing influences pain circuitry involves prolonged HPA axis activation and increased cortisol secretion.,"{""claim_verbatim"": ""A key neurobiological mechanism by which catastrophizing influences pain circuitry involves prolonged HPA axis activation and increased cortisol secretion."", ""claim_type"": ""integrative"", ""section_located"": ""results"", ""why_it_matters"": ""Exemplifies a specific bio-psych pathway, the strongest integration in the paper.""}"
F046_39624230,DeepSeek-V4-Flash,deepseek/deepseek-v4-flash,key_quotes,2,integrative,integrative,"The reactions of others, whether supportive/""positive"" or critical/""negative"", can have a strong influence on cognition and emotional states, and thus affect pain perception.","{""claim_verbatim"": ""The reactions of others, whether supportive/\""positive\"" or critical/\""negative\"", can have a strong influence on cognition and emotional states, and thus affect pain perception."", ""claim_type"": ""integrative"", ""section_located"": ""results"", ""why_it_matters"": ""Links social environment to psychological processes and pain, but directionally.""}"
F047_39338018,DeepSeek-V4-Flash,deepseek/deepseek-v4-flash,integration_claims,0,bio_psych,bio_psych,"This model addresses the complex interplay of biological, psychological, and social factors, offering a holistic strategy for effective pain management","{""domains_linked"": ""bio_psych"", ""integration_level"": ""mentioned"", ""claim_verbatim"": ""This model addresses the complex interplay of biological, psychological, and social factors, offering a holistic strategy for effective pain management"", ""mechanism_note"": """", ""section_located"": ""abstract"", ""evidence_basis"": ""asserted""}"
F047_39338018,DeepSeek-V4-Flash,deepseek/deepseek-v4-flash,integration_claims,1,psych_social,psych_social,Poor social support and strained interpersonal relationships can contribute to the persistence and exacerbation of chronic pain,"{""domains_linked"": ""psych_social"", ""integration_level"": ""descriptive"", ""claim_verbatim"": ""Poor social support and strained interpersonal relationships can contribute to the persistence and exacerbation of chronic pain"", ""mechanism_note"": """", ""section_located"": ""results"", ""evidence_basis"": ""cited_from_other_work""}"
F047_39338018,DeepSeek-V4-Flash,deepseek/deepseek-v4-flash,integration_claims,2,bio_social,bio_social,Individuals with lower SES are more likely to experience chronic pain due to factors such as limited access to healthcare,"{""domains_linked"": ""bio_social"", ""integration_level"": ""mentioned"", ""claim_verbatim"": ""Individuals with lower SES are more likely to experience chronic pain due to factors such as limited access to healthcare"", ""mechanism_note"": """", ""section_located"": ""results"", ""evidence_basis"": ""cited_from_other_work""}"
F047_39338018,DeepSeek-V4-Flash,deepseek/deepseek-v4-flash,integration_claims,3,triadic,triadic,"The biopsychosocial model, proposed by Engel as an alternative to the biomedical approach, offers a comprehensive framework for understanding illness and health by incorporating biological, psychological, and social factors","{""domains_linked"": ""triadic"", ""integration_level"": ""mentioned"", ""claim_verbatim"": ""The biopsychosocial model, proposed by Engel as an alternative to the biomedical approach, offers a comprehensive framework for understanding illness and health by incorporating biological, psychological, and social factors"", ""mechanism_note"": ""Biological and psychological domains are mentioned together; social is loosely attached via multidisciplinary treatment description"", ""section_located"": ""discussion"", ""evidence_basis"": ""asserted""}"
F047_39338018,DeepSeek-V4-Flash,deepseek/deepseek-v4-flash,domain_evidence,0,biological,biological,Pain and nociception are distinct phenomena; pain cannot be fully understood by sensory neuron activity alone,"{""domain"": ""biological"", ""coverage_level"": ""mentioned"", ""constructs_named"": [""nociception"", ""sensory neuron activity"", ""hormonal factors"", ""genetic factors"", ""pharmacotherapy""], ""evidence_verbatim"": ""Pain and nociception are distinct phenomena; pain cannot be fully understood by sensory neuron activity alone"", ""section_located"": ""discussion""}"
F047_39338018,DeepSeek-V4-Flash,deepseek/deepseek-v4-flash,domain_evidence,1,psychological,psychological,Pain-related attitudes and beliefs are important predictors in identifying those likely to develop long-term pain,"{""domain"": ""psychological"", ""coverage_level"": ""elaborated"", ""constructs_named"": [""attitudes"", ""beliefs"", ""expectations"", ""coping strategies"", ""catastrophizing"", ""fear"", ""anger"", ""depression""], ""evidence_verbatim"": ""Pain-related attitudes and beliefs are important predictors in identifying those likely to develop long-term pain"", ""section_located"": ""results""}"
F047_39338018,DeepSeek-V4-Flash,deepseek/deepseek-v4-flash,domain_evidence,2,social,social,Social support stands out as a powerful factor in better health because it reduces the perception of stressful and harmful events,"{""domain"": ""social"", ""coverage_level"": ""mentioned"", ""constructs_named"": [""social support"", ""work environment"", ""socioeconomic status"", ""culture"", ""family"", ""friends"", ""healthcare system"", ""stigma""], ""evidence_verbatim"": ""Social support stands out as a powerful factor in better health because it reduces the perception of stressful and harmful events"", ""section_located"": ""conclusion""}"
F047_39338018,DeepSeek-V4-Flash,deepseek/deepseek-v4-flash,psychological_concepts,0,attitudes,attitudes,"Attitudes towards pain, as defined by Fishbein et al., encompass both cognitive and affective components, representing the degree of emotion or affect towards a certain object","{""concept_label"": ""attitudes"", ""definitional_status"": ""formally_defined"", ""definition_verbatim"": ""Attitudes towards pain, as defined by Fishbein et al., encompass both cognitive and affective components, representing the degree of emotion or affect towards a certain object"", ""section_located"": ""results""}"
F047_39338018,DeepSeek-V4-Flash,deepseek/deepseek-v4-flash,psychological_concepts,1,beliefs,beliefs,"According to Spinhoven et al., there are two types of beliefs. One of them is attributions, and the other is expectations. Attributions refer to interpretation in terms of importance and potential danger","{""concept_label"": ""beliefs"", ""definitional_status"": ""formally_defined"", ""definition_verbatim"": ""According to Spinhoven et al., there are two types of beliefs. One of them is attributions, and the other is expectations. Attributions refer to interpretation in terms of importance and potential danger"", ""section_located"": ""results""}"
F047_39338018,DeepSeek-V4-Flash,deepseek/deepseek-v4-flash,psychological_concepts,2,coping strategies,coping strategies,,"{""concept_label"": ""coping strategies"", ""definitional_status"": ""named_only"", ""definition_verbatim"": """", ""section_located"": ""results""}"
F047_39338018,DeepSeek-V4-Flash,deepseek/deepseek-v4-flash,psychological_concepts,3,self-efficacy,self-efficacy,,"{""concept_label"": ""self-efficacy"", ""definitional_status"": ""named_only"", ""definition_verbatim"": """", ""section_located"": ""results""}"
F047_39338018,DeepSeek-V4-Flash,deepseek/deepseek-v4-flash,psychological_concepts,4,catastrophizing,catastrophizing,,"{""concept_label"": ""catastrophizing"", ""definitional_status"": ""named_only"", ""definition_verbatim"": """", ""section_located"": ""results""}"
F047_39338018,DeepSeek-V4-Flash,deepseek/deepseek-v4-flash,psychological_concepts,5,fear,fear,,"{""concept_label"": ""fear"", ""definitional_status"": ""named_only"", ""definition_verbatim"": """", ""section_located"": ""results""}"
F047_39338018,DeepSeek-V4-Flash,deepseek/deepseek-v4-flash,psychological_concepts,6,depression,depression,,"{""concept_label"": ""depression"", ""definitional_status"": ""named_only"", ""definition_verbatim"": """", ""section_located"": ""results""}"
F047_39338018,DeepSeek-V4-Flash,deepseek/deepseek-v4-flash,psychological_concepts,7,anxiety,anxiety,,"{""concept_label"": ""anxiety"", ""definitional_status"": ""named_only"", ""definition_verbatim"": """", ""section_located"": ""results""}"
F047_39338018,DeepSeek-V4-Flash,deepseek/deepseek-v4-flash,psychological_concepts,8,psychological distress,psychological distress,,"{""concept_label"": ""psychological distress"", ""definitional_status"": ""named_only"", ""definition_verbatim"": """", ""section_located"": ""results""}"
F047_39338018,DeepSeek-V4-Flash,deepseek/deepseek-v4-flash,psychological_concepts,9,spirituality,spirituality,,"{""concept_label"": ""spirituality"", ""definitional_status"": ""named_only"", ""definition_verbatim"": """", ""section_located"": ""results""}"
F047_39338018,DeepSeek-V4-Flash,deepseek/deepseek-v4-flash,psychological_concepts,10,hope/optimism,hope/optimism,,"{""concept_label"": ""hope/optimism"", ""definitional_status"": ""named_only"", ""definition_verbatim"": """", ""section_located"": ""results""}"
F047_39338018,DeepSeek-V4-Flash,deepseek/deepseek-v4-flash,theoretical_frameworks,0,biopsychosocial model,biopsychosocial model,"The biopsychosocial model, proposed by Engel as an alternative to the biomedical approach, offers a comprehensive framework for understanding illness and health by incorporating biological, psychological, and social factors","{""framework_label"": ""biopsychosocial model"", ""role"": ""organizing framework"", ""framework_verbatim"": ""The biopsychosocial model, proposed by Engel as an alternative to the biomedical approach, offers a comprehensive framework for understanding illness and health by incorporating biological, psychological, and social factors""}"
F047_39338018,DeepSeek-V4-Flash,deepseek/deepseek-v4-flash,theoretical_frameworks,1,biomedical model,biomedical model,"The biomedical model focuses on the physical and biological aspects of pain, often emphasizing pharmacological interventions and surgical treatments","{""framework_label"": ""biomedical model"", ""role"": ""compared with another model"", ""framework_verbatim"": ""The biomedical model focuses on the physical and biological aspects of pain, often emphasizing pharmacological interventions and surgical treatments""}"
F047_39338018,DeepSeek-V4-Flash,deepseek/deepseek-v4-flash,conceptual_problems,0,parallel_listing_without_integration,parallel_listing_without_integration,"This model addresses the complex interplay of biological, psychological, and social factors, offering a holistic strategy for effective pain management","{""problem_type"": ""parallel_listing_without_integration"", ""problem_verbatim"": ""This model addresses the complex interplay of biological, psychological, and social factors, offering a holistic strategy for effective pain management"", ""note"": ""Interplay is asserted but no specific pathways or mechanisms are described""}"
F047_39338018,DeepSeek-V4-Flash,deepseek/deepseek-v4-flash,conceptual_problems,1,missing_biology,missing_biology,"Despite the advancements in this field, there remains a need for greater emphasis on psychological and social factors in treatment plans","{""problem_type"": ""missing_biology"", ""problem_verbatim"": ""Despite the advancements in this field, there remains a need for greater emphasis on psychological and social factors in treatment plans"", ""note"": ""Biological content is minimal; only nociception and pharmacotherapy are named""}"
F047_39338018,DeepSeek-V4-Flash,deepseek/deepseek-v4-flash,key_quotes,0,definitional,definitional,"The biopsychosocial model, proposed by Engel as an alternative to the biomedical approach, offers a comprehensive framework for understanding illness and health by incorporating biological, psychological, and social factors","{""claim_verbatim"": ""The biopsychosocial model, proposed by Engel as an alternative to the biomedical approach, offers a comprehensive framework for understanding illness and health by incorporating biological, psychological, and social factors"", ""claim_type"": ""definitional"", ""section_located"": ""discussion"", ""why_it_matters"": ""Establishes the paper's central framework but does not operationalize integration""}"
F047_39338018,DeepSeek-V4-Flash,deepseek/deepseek-v4-flash,key_quotes,1,theoretical,theoretical,Pain-related attitudes and beliefs are important predictors in identifying those likely to develop long-term pain,"{""claim_verbatim"": ""Pain-related attitudes and beliefs are important predictors in identifying those likely to develop long-term pain"", ""claim_type"": ""theoretical"", ""section_located"": ""results"", ""why_it_matters"": ""Shows the paper's psychological emphasis and predictive framing""}"
F047_39338018,DeepSeek-V4-Flash,deepseek/deepseek-v4-flash,key_quotes,2,clinical or applied,clinical or applied,Social support stands out as a powerful factor in better health because it reduces the perception of stressful and harmful events,"{""claim_verbatim"": ""Social support stands out as a powerful factor in better health because it reduces the perception of stressful and harmful events"", ""claim_type"": ""clinical or applied"", ""section_located"": ""conclusion"", ""why_it_matters"": ""Only social claim with a directional link, but no mechanism specified""}"
